group,run,step_idx,phase,num_reqs,total_num_scheduled_tokens,decode_us,update_states_us,prepare_inputs_us,total_us
shuffled,0,0,prefill,1,2048,671.1,583.58,191.26,1450.79
shuffled,0,1,prefill,1,2048,124.17,21.33,133.96,285.59
shuffled,0,2,prefill,1,2048,91.56,13.15,88.95,196.37
shuffled,0,3,prefill,1,2048,81.96,11.62,84.31,180.12
shuffled,0,4,prefill,2,2048,505.75,531.63,138.84,1180.3
shuffled,0,5,mixed,2,2048,112.32,18.66,118.69,255.18
shuffled,0,6,mixed,2,2048,100.59,13.92,92.35,209.55
shuffled,0,7,mixed,2,2048,84.49,13.07,88.37,188.27
shuffled,0,8,mixed,3,2048,496.98,500.78,134.05,1136.39
shuffled,0,9,mixed,3,2048,110.99,19.6,120.01,256.24
shuffled,0,10,mixed,3,2048,89.29,14.78,89.29,195.87
shuffled,0,11,mixed,3,2048,82.79,13.54,86.32,184.96
shuffled,0,12,mixed,4,2048,482.35,472.27,133.85,1092.83
shuffled,0,13,mixed,4,2048,111.4,19.93,119.58,255.92
shuffled,0,14,mixed,4,2048,90.06,15.37,88.45,196.49
shuffled,0,15,mixed,4,2048,83.66,14.26,85.87,186.14
shuffled,0,16,mixed,5,2048,474.06,486.94,134.64,1100.02
shuffled,0,17,mixed,5,2048,111.47,21.28,118.74,256.48
shuffled,0,18,mixed,5,2048,90.77,16.45,107.0,217.21
shuffled,0,19,mixed,5,2048,86.87,15.87,88.12,193.41
shuffled,0,20,mixed,6,2048,474.83,454.76,133.52,1067.68
shuffled,0,21,mixed,6,2048,112.02,23.31,120.78,262.05
shuffled,0,22,mixed,6,2048,92.11,17.52,90.42,202.99
shuffled,0,23,mixed,6,2048,86.14,16.54,86.94,191.89
shuffled,0,24,mixed,7,2048,475.82,449.98,135.0,1065.63
shuffled,0,25,mixed,7,2048,113.27,23.45,123.39,265.75
shuffled,0,26,mixed,7,2048,93.95,19.41,90.91,206.96
shuffled,0,27,mixed,7,2048,86.91,18.0,87.38,194.66
shuffled,0,28,mixed,8,2048,477.53,427.55,130.72,1039.9
shuffled,0,29,mixed,8,2048,113.22,24.2,119.95,262.64
shuffled,0,30,mixed,8,2048,93.13,19.35,89.49,204.76
shuffled,0,31,mixed,8,2048,84.71,18.42,87.71,193.27
shuffled,0,32,mixed,7,143,84.96,67.75,77.0,232.14
shuffled,0,33,decode,7,7,91.18,12.88,58.83,165.91
shuffled,0,34,decode,7,7,81.22,12.32,56.04,151.71
shuffled,0,35,decode,7,7,79.53,12.29,55.04,149.01
shuffled,0,36,decode,6,6,79.3,62.77,70.72,214.91
shuffled,0,37,decode,6,6,87.82,11.77,57.1,159.07
shuffled,0,38,decode,6,6,78.76,11.53,54.8,147.07
shuffled,0,39,decode,6,6,77.64,11.25,53.74,144.5
shuffled,0,40,decode,5,5,76.94,58.21,65.6,202.8
shuffled,0,41,decode,5,5,86.5,10.83,56.52,156.36
shuffled,0,42,decode,5,5,78.49,10.71,53.76,144.99
shuffled,0,43,decode,5,5,76.88,10.49,53.67,142.94
shuffled,0,44,decode,4,4,75.4,57.73,78.02,213.21
shuffled,0,45,decode,4,4,86.73,9.62,56.25,154.98
shuffled,0,46,decode,4,4,77.97,9.27,54.2,143.34
shuffled,0,47,decode,4,4,75.61,9.18,53.94,140.54
shuffled,0,48,decode,3,3,74.58,44.98,65.17,186.49
shuffled,0,49,decode,3,3,83.4,8.88,54.34,148.93
shuffled,0,50,decode,3,3,76.1,8.4,52.95,139.52
shuffled,0,51,decode,3,3,75.45,8.15,52.69,138.07
shuffled,0,52,decode,2,2,73.45,45.38,62.85,183.53
shuffled,0,53,decode,2,2,82.63,7.22,52.57,144.57
shuffled,0,54,decode,2,2,74.96,7.21,53.06,137.11
shuffled,0,55,decode,2,2,73.15,7.21,52.54,134.78
shuffled,0,56,decode,1,1,73.92,43.03,66.31,185.06
shuffled,0,57,decode,1,1,80.99,6.04,52.47,141.5
shuffled,0,58,decode,1,1,73.52,5.85,51.1,132.31
shuffled,0,59,decode,1,1,72.04,5.9,50.95,130.61
shuffled,1,0,prefill,1,2048,694.37,787.11,198.76,1684.47
shuffled,1,1,prefill,1,2048,120.63,20.25,127.92,274.25
shuffled,1,2,prefill,1,2048,107.17,13.64,90.59,214.4
shuffled,1,3,prefill,1,2048,84.54,11.75,85.12,183.82
shuffled,1,4,prefill,2,2048,526.38,649.21,136.71,1317.12
shuffled,1,5,mixed,2,2048,108.55,19.21,122.95,256.23
shuffled,1,6,mixed,2,2048,88.62,14.02,87.06,192.45
shuffled,1,7,mixed,2,2048,82.28,12.44,85.49,182.55
shuffled,1,8,mixed,3,2048,505.5,603.54,143.62,1257.83
shuffled,1,9,mixed,3,2048,111.09,20.21,121.66,258.87
shuffled,1,10,mixed,3,2048,90.71,14.82,87.87,196.2
shuffled,1,11,mixed,3,2048,84.0,13.9,85.96,186.42
shuffled,1,12,mixed,4,2048,481.09,563.74,133.02,1181.87
shuffled,1,13,mixed,4,2048,110.88,20.55,117.42,254.01
shuffled,1,14,mixed,4,2048,92.44,15.67,91.55,202.43
shuffled,1,15,mixed,4,2048,84.56,14.25,85.35,186.53
shuffled,1,16,mixed,5,2048,475.87,518.45,139.84,1138.41
shuffled,1,17,mixed,5,2048,111.5,21.59,119.96,258.29
shuffled,1,18,mixed,5,2048,90.72,16.88,89.36,199.97
shuffled,1,19,mixed,5,2048,85.61,15.86,86.49,190.31
shuffled,1,20,mixed,6,2048,478.73,499.47,131.85,1114.49
shuffled,1,21,mixed,6,2048,109.89,22.72,120.41,259.25
shuffled,1,22,mixed,6,2048,91.18,17.9,91.2,202.91
shuffled,1,23,mixed,6,2048,85.73,16.7,88.28,193.17
shuffled,1,24,mixed,7,2048,481.16,484.58,131.33,1101.51
shuffled,1,25,mixed,7,2048,111.41,23.05,123.15,262.74
shuffled,1,26,mixed,7,2048,92.28,19.06,90.01,204.01
shuffled,1,27,mixed,7,2048,86.1,17.58,87.83,193.83
shuffled,1,28,mixed,8,2048,484.52,482.36,128.29,1099.6
shuffled,1,29,mixed,8,2048,112.58,24.55,117.53,260.32
shuffled,1,30,mixed,8,2048,92.59,19.5,91.97,206.69
shuffled,1,31,mixed,8,2048,86.79,19.15,89.19,197.51
shuffled,1,32,mixed,7,143,85.77,69.79,82.83,240.84
shuffled,1,33,decode,7,7,91.94,12.83,58.87,166.41
shuffled,1,34,decode,7,7,81.25,12.06,55.31,150.61
shuffled,1,35,decode,7,7,79.38,12.08,54.8,148.38
shuffled,1,36,decode,6,6,78.3,64.2,67.84,212.3
shuffled,1,37,decode,6,6,88.15,11.54,56.38,158.53
shuffled,1,38,decode,6,6,80.1,11.32,55.41,148.76
shuffled,1,39,decode,6,6,79.02,11.44,54.75,147.39
shuffled,1,40,decode,5,5,79.3,61.24,68.81,211.22
shuffled,1,41,decode,5,5,86.09,10.9,56.83,156.32
shuffled,1,42,decode,5,5,78.57,10.44,55.12,145.97
shuffled,1,43,decode,5,5,76.94,10.5,53.75,143.2
shuffled,1,44,decode,4,4,75.33,59.07,63.23,199.59
shuffled,1,45,decode,4,4,85.53,9.59,55.11,152.47
shuffled,1,46,decode,4,4,76.87,9.1,53.87,141.72
shuffled,1,47,decode,4,4,74.97,9.0,53.22,138.92
shuffled,1,48,decode,3,3,74.67,47.62,63.68,187.68
shuffled,1,49,decode,3,3,82.94,8.35,54.24,147.81
shuffled,1,50,decode,3,3,76.42,8.21,54.95,141.41
shuffled,1,51,decode,3,3,74.29,8.18,53.06,137.48
shuffled,1,52,decode,2,2,73.74,46.61,62.77,184.87
shuffled,1,53,decode,2,2,80.85,7.09,53.09,143.38
shuffled,1,54,decode,2,2,75.74,7.01,51.73,136.4
shuffled,1,55,decode,2,2,73.78,6.78,51.57,133.96
shuffled,1,56,decode,1,1,73.76,44.05,63.87,183.39
shuffled,1,57,decode,1,1,79.49,5.97,51.99,139.58
shuffled,1,58,decode,1,1,72.03,5.95,51.87,131.66
shuffled,1,59,decode,1,1,72.25,5.97,51.32,131.28
shuffled,2,0,prefill,1,2048,636.23,564.43,185.76,1390.02
shuffled,2,1,prefill,1,2048,120.99,20.31,128.66,275.3
shuffled,2,2,prefill,1,2048,91.24,12.6,89.69,196.07
shuffled,2,3,prefill,1,2048,82.83,11.57,84.85,181.54
shuffled,2,4,prefill,2,2048,489.28,597.06,138.7,1229.06
shuffled,2,5,mixed,2,2048,111.11,17.71,117.81,252.15
shuffled,2,6,mixed,2,2048,87.13,13.64,86.96,190.51
shuffled,2,7,mixed,2,2048,84.24,12.6,86.56,185.77
shuffled,2,8,mixed,3,2048,480.72,495.72,133.39,1114.03
shuffled,2,9,mixed,3,2048,109.86,20.23,119.07,254.64
shuffled,2,10,mixed,3,2048,87.51,14.49,88.52,193.07
shuffled,2,11,mixed,3,2048,82.05,13.34,86.24,183.94
shuffled,2,12,mixed,4,2048,470.92,492.61,131.59,1099.49
shuffled,2,13,mixed,4,2048,108.81,21.0,116.94,252.38
shuffled,2,14,mixed,4,2048,88.41,15.16,89.45,195.73
shuffled,2,15,mixed,4,2048,83.32,14.28,85.83,185.74
shuffled,2,16,mixed,5,2048,468.51,503.89,132.75,1109.01
shuffled,2,17,mixed,5,2048,109.45,22.21,116.96,253.58
shuffled,2,18,mixed,5,2048,90.0,16.78,90.47,199.95
shuffled,2,19,mixed,5,2048,85.33,16.65,89.26,193.56
shuffled,2,20,mixed,6,2048,464.78,470.98,128.69,1068.4
shuffled,2,21,mixed,6,2048,110.29,21.43,118.19,255.25
shuffled,2,22,mixed,6,2048,90.85,17.74,93.35,204.68
shuffled,2,23,mixed,6,2048,84.88,16.69,86.7,190.84
shuffled,2,24,mixed,7,2048,467.72,453.95,132.78,1058.59
shuffled,2,25,mixed,7,2048,110.34,23.25,120.24,258.94
shuffled,2,26,mixed,7,2048,91.49,18.62,89.71,202.23
shuffled,2,27,mixed,7,2048,85.66,17.47,86.77,192.45
shuffled,2,28,mixed,8,2048,486.17,441.03,129.93,1061.27
shuffled,2,29,mixed,8,2048,111.32,26.05,120.89,263.7
shuffled,2,30,mixed,8,2048,91.42,19.37,91.29,204.79
shuffled,2,31,mixed,8,2048,86.62,18.45,87.86,195.53
shuffled,2,32,mixed,7,143,84.84,68.19,75.31,230.7
shuffled,2,33,decode,7,7,89.85,12.8,58.91,164.39
shuffled,2,34,decode,7,7,80.4,12.7,56.18,151.25
shuffled,2,35,decode,7,7,78.31,12.56,55.82,148.71
shuffled,2,36,decode,6,6,79.45,61.17,69.39,212.09
shuffled,2,37,decode,6,6,88.61,11.67,56.85,159.73
shuffled,2,38,decode,6,6,79.98,11.62,55.43,149.01
shuffled,2,39,decode,6,6,77.13,11.29,54.37,144.78
shuffled,2,40,decode,5,5,76.78,57.81,63.36,199.83
shuffled,2,41,decode,5,5,86.3,10.63,55.2,154.55
shuffled,2,42,decode,5,5,78.17,10.56,54.44,145.32
shuffled,2,43,decode,5,5,77.49,10.31,53.68,143.45
shuffled,2,44,decode,4,4,74.65,57.59,64.04,198.28
shuffled,2,45,decode,4,4,85.65,9.66,55.95,154.18
shuffled,2,46,decode,4,4,77.85,9.15,53.54,142.32
shuffled,2,47,decode,4,4,75.18,9.41,53.38,139.83
shuffled,2,48,decode,3,3,75.94,46.4,63.36,187.34
shuffled,2,49,decode,3,3,83.03,8.23,53.86,147.54
shuffled,2,50,decode,3,3,75.15,8.08,52.37,137.57
shuffled,2,51,decode,3,3,75.08,8.2,52.65,137.76
shuffled,2,52,decode,2,2,73.71,45.97,60.1,181.5
shuffled,2,53,decode,2,2,80.41,7.26,53.28,143.16
shuffled,2,54,decode,2,2,74.73,7.11,52.31,135.94
shuffled,2,55,decode,2,2,73.8,7.16,52.03,134.9
shuffled,2,56,decode,1,1,73.91,43.41,62.6,181.67
shuffled,2,57,decode,1,1,80.24,6.02,52.66,141.11
shuffled,2,58,decode,1,1,72.85,6.01,51.52,132.24
shuffled,2,59,decode,1,1,72.19,5.95,50.48,130.37
shuffled,3,0,prefill,1,2048,650.28,743.71,180.16,1577.53
shuffled,3,1,prefill,1,2048,123.06,21.35,129.37,279.34
shuffled,3,2,prefill,1,2048,89.88,13.47,87.05,193.12
shuffled,3,3,prefill,1,2048,82.0,11.59,84.01,179.92
shuffled,3,4,prefill,2,2048,517.32,627.67,138.02,1287.48
shuffled,3,5,mixed,2,2048,111.67,18.09,132.38,267.48
shuffled,3,6,mixed,2,2048,91.07,13.87,90.01,197.55
shuffled,3,7,mixed,2,2048,82.94,13.18,85.1,183.63
shuffled,3,8,mixed,3,2048,485.76,597.68,136.1,1224.05
shuffled,3,9,mixed,3,2048,111.13,21.27,121.68,259.73
shuffled,3,10,mixed,3,2048,88.07,14.74,89.86,195.45
shuffled,3,11,mixed,3,2048,82.9,13.92,84.96,184.13
shuffled,3,12,mixed,4,2048,480.56,522.37,133.68,1140.8
shuffled,3,13,mixed,4,2048,109.43,21.69,119.28,255.63
shuffled,3,14,mixed,4,2048,88.62,15.11,88.23,194.41
shuffled,3,15,mixed,4,2048,83.24,14.48,85.41,185.34
shuffled,3,16,mixed,5,2048,481.08,511.71,130.8,1127.58
shuffled,3,17,mixed,5,2048,108.75,21.75,114.71,250.31
shuffled,3,18,mixed,5,2048,91.03,17.39,90.67,202.15
shuffled,3,19,mixed,5,2048,82.83,16.22,86.0,187.53
shuffled,3,20,mixed,6,2048,470.21,490.33,131.75,1096.54
shuffled,3,21,mixed,6,2048,109.78,22.61,118.22,256.61
shuffled,3,22,mixed,6,2048,91.62,17.33,88.79,200.4
shuffled,3,23,mixed,6,2048,86.02,16.28,86.18,190.86
shuffled,3,24,mixed,7,2048,468.18,494.79,134.08,1101.56
shuffled,3,25,mixed,7,2048,114.2,23.68,118.24,261.22
shuffled,3,26,mixed,7,2048,90.87,18.55,90.0,202.35
shuffled,3,27,mixed,7,2048,87.15,18.02,88.44,196.02
shuffled,3,28,mixed,8,2048,470.52,471.91,131.41,1078.01
shuffled,3,29,mixed,8,2048,111.2,25.12,120.53,261.9
shuffled,3,30,mixed,8,2048,91.8,19.64,90.67,205.06
shuffled,3,31,mixed,8,2048,85.88,18.44,86.83,193.68
shuffled,3,32,mixed,7,143,84.72,68.41,76.43,232.02
shuffled,3,33,decode,7,7,90.72,12.78,59.0,165.32
shuffled,3,34,decode,7,7,80.63,12.44,56.14,151.32
shuffled,3,35,decode,7,7,81.97,12.56,56.82,153.41
shuffled,3,36,decode,6,6,79.33,61.43,65.35,208.26
shuffled,3,37,decode,6,6,87.27,11.87,56.56,158.14
shuffled,3,38,decode,6,6,79.63,11.34,54.06,146.88
shuffled,3,39,decode,6,6,77.61,11.7,54.07,145.48
shuffled,3,40,decode,5,5,76.17,60.48,64.77,203.3
shuffled,3,41,decode,5,5,84.6,10.74,54.47,152.25
shuffled,3,42,decode,5,5,78.25,10.29,53.72,144.07
shuffled,3,43,decode,5,5,76.81,10.5,52.78,142.03
shuffled,3,44,decode,4,4,75.72,59.15,64.67,201.64
shuffled,3,45,decode,4,4,82.97,9.25,54.5,148.92
shuffled,3,46,decode,4,4,76.59,9.12,52.85,140.52
shuffled,3,47,decode,4,4,75.09,9.19,52.3,138.38
shuffled,3,48,decode,3,3,75.37,48.84,62.05,188.18
shuffled,3,49,decode,3,3,81.64,8.79,53.58,146.28
shuffled,3,50,decode,3,3,75.55,8.25,52.95,138.5
shuffled,3,51,decode,3,3,74.79,8.11,51.69,136.39
shuffled,3,52,decode,2,2,73.01,46.82,60.72,182.29
shuffled,3,53,decode,2,2,78.99,7.22,53.29,141.84
shuffled,3,54,decode,2,2,73.86,6.97,52.08,134.84
shuffled,3,55,decode,2,2,74.39,6.88,52.33,135.26
shuffled,3,56,decode,1,1,71.97,44.08,60.33,178.12
shuffled,3,57,decode,1,1,78.1,6.14,52.06,138.21
shuffled,3,58,decode,1,1,73.12,5.91,50.8,131.78
shuffled,3,59,decode,1,1,72.0,5.97,50.9,130.62
shuffled,4,0,prefill,1,2048,645.53,620.57,182.89,1453.37
shuffled,4,1,prefill,1,2048,121.88,20.28,131.4,278.53
shuffled,4,2,prefill,1,2048,92.77,13.1,88.84,197.52
shuffled,4,3,prefill,1,2048,83.67,11.92,84.21,182.03
shuffled,4,4,prefill,2,2048,508.32,599.67,153.55,1266.06
shuffled,4,5,mixed,2,2048,113.34,19.6,120.59,259.12
shuffled,4,6,mixed,2,2048,88.99,13.8,88.31,193.66
shuffled,4,7,mixed,2,2048,81.89,12.52,84.79,181.45
shuffled,4,8,mixed,3,2048,1607.14,645.74,193.94,2457.82
shuffled,4,9,mixed,3,2048,114.7,20.87,124.63,267.86
shuffled,4,10,mixed,3,2048,91.42,15.46,93.22,203.7
shuffled,4,11,mixed,3,2048,85.34,14.54,89.18,192.38
shuffled,4,12,mixed,4,2048,524.54,530.49,137.5,1196.84
shuffled,4,13,mixed,4,2048,111.18,21.35,120.22,257.91
shuffled,4,14,mixed,4,2048,95.28,16.13,92.22,206.41
shuffled,4,15,mixed,4,2048,85.04,14.67,90.09,192.19
shuffled,4,16,mixed,5,2048,513.83,495.81,134.93,1148.59
shuffled,4,17,mixed,5,2048,112.83,23.04,119.12,259.89
shuffled,4,18,mixed,5,2048,92.85,20.48,93.61,209.74
shuffled,4,19,mixed,5,2048,86.87,16.36,88.44,194.23
shuffled,4,20,mixed,6,2048,485.54,480.93,136.23,1107.54
shuffled,4,21,mixed,6,2048,111.51,23.32,122.46,262.2
shuffled,4,22,mixed,6,2048,93.44,17.95,92.04,206.17
shuffled,4,23,mixed,6,2048,88.38,17.2,87.79,195.81
shuffled,4,24,mixed,7,2048,477.62,469.98,134.14,1086.37
shuffled,4,25,mixed,7,2048,113.2,24.04,124.69,267.42
shuffled,4,26,mixed,7,2048,94.22,18.89,90.99,206.99
shuffled,4,27,mixed,7,2048,87.53,17.8,88.11,195.83
shuffled,4,28,mixed,8,2048,479.75,452.55,135.83,1072.7
shuffled,4,29,mixed,8,2048,113.84,24.36,124.01,267.53
shuffled,4,30,mixed,8,2048,93.85,19.38,92.88,208.91
shuffled,4,31,mixed,8,2048,86.3,18.49,89.06,196.24
shuffled,4,32,mixed,7,143,87.69,76.59,80.58,247.33
shuffled,4,33,decode,7,7,92.8,13.26,64.94,174.32
shuffled,4,34,decode,7,7,82.49,12.71,58.82,156.11
shuffled,4,35,decode,7,7,81.43,12.61,55.78,152.12
shuffled,4,36,decode,6,6,80.18,66.9,70.3,219.34
shuffled,4,37,decode,6,6,91.44,11.87,59.2,165.08
shuffled,4,38,decode,6,6,81.67,11.57,57.49,152.74
shuffled,4,39,decode,6,6,80.2,11.34,55.97,149.57
shuffled,4,40,decode,5,5,81.11,59.53,74.59,217.22
shuffled,4,41,decode,5,5,87.87,10.95,57.96,159.45
shuffled,4,42,decode,5,5,79.08,11.01,57.07,149.23
shuffled,4,43,decode,5,5,78.35,10.43,53.8,144.64
shuffled,4,44,decode,4,4,75.49,57.81,68.74,203.9
shuffled,4,45,decode,4,4,87.05,9.41,55.58,154.29
shuffled,4,46,decode,4,4,79.03,9.44,54.44,144.82
shuffled,4,47,decode,4,4,76.64,9.1,53.59,141.19
shuffled,4,48,decode,3,3,76.21,47.65,64.31,190.08
shuffled,4,49,decode,3,3,100.74,8.56,56.6,168.35
shuffled,4,50,decode,3,3,79.48,8.47,53.39,143.32
shuffled,4,51,decode,3,3,77.45,8.46,53.33,141.18
shuffled,4,52,decode,2,2,75.43,45.06,67.99,190.34
shuffled,4,53,decode,2,2,84.32,7.25,53.75,147.48
shuffled,4,54,decode,2,2,76.69,7.17,52.83,138.67
shuffled,4,55,decode,2,2,74.09,6.88,52.57,135.37
shuffled,4,56,decode,1,1,74.6,43.29,62.69,182.41
shuffled,4,57,decode,1,1,81.48,6.32,52.93,143.04
shuffled,4,58,decode,1,1,74.99,6.17,54.07,137.09
shuffled,4,59,decode,1,1,72.99,5.92,51.62,132.2
synth,0,0,prefill,1,2048,654.46,250.53,171.73,1081.44
synth,0,1,prefill,1,2048,115.1,19.85,124.06,263.49
synth,0,2,prefill,1,2048,90.88,12.61,87.97,193.8
synth,0,3,prefill,1,2048,81.61,12.01,83.13,179.28
synth,0,4,prefill,2,2048,499.91,243.81,129.69,878.27
synth,0,5,mixed,2,2048,104.05,18.07,112.13,238.88
synth,0,6,mixed,2,2048,85.93,13.64,87.39,189.61
synth,0,7,mixed,2,2048,82.09,12.79,84.18,181.53
synth,0,8,mixed,3,2048,487.72,244.7,130.2,867.15
synth,0,9,mixed,3,2048,103.93,19.21,116.3,244.38
synth,0,10,mixed,3,2048,88.39,14.66,87.65,193.34
synth,0,11,mixed,3,2048,83.41,13.77,85.3,184.79
synth,0,12,mixed,4,2048,498.75,245.57,129.27,877.61
synth,0,13,mixed,4,2048,102.23,18.99,111.55,237.57
synth,0,14,mixed,4,2048,97.04,15.64,88.74,203.92
synth,0,15,mixed,4,2048,83.07,14.34,85.65,185.39
synth,0,16,mixed,5,2048,475.98,246.54,127.69,854.38
synth,0,17,mixed,5,2048,105.24,20.33,113.35,243.84
synth,0,18,mixed,5,2048,87.55,16.44,87.53,193.97
synth,0,19,mixed,5,2048,83.0,15.74,85.91,186.94
synth,0,20,mixed,6,2048,476.61,248.34,129.54,858.59
synth,0,21,mixed,6,2048,107.66,21.67,113.1,247.13
synth,0,22,mixed,6,2048,89.51,17.2,89.03,198.28
synth,0,23,mixed,6,2048,85.07,16.46,86.43,190.4
synth,0,24,mixed,7,2048,476.36,247.67,129.39,858.07
synth,0,25,mixed,7,2048,106.65,22.32,116.11,250.02
synth,0,26,mixed,7,2048,89.89,18.42,89.99,200.73
synth,0,27,mixed,7,2048,86.9,18.21,87.64,195.21
synth,0,28,mixed,8,2048,478.02,249.07,130.06,861.69
synth,0,29,mixed,8,2048,104.9,24.82,116.51,264.93
synth,0,30,mixed,8,2048,91.71,20.01,90.22,204.78
synth,0,31,mixed,8,2048,86.26,19.09,88.56,196.35
synth,0,32,mixed,7,143,83.28,42.31,64.25,192.08
synth,0,33,decode,7,7,82.39,12.68,55.85,153.33
synth,0,34,decode,7,7,78.02,12.45,54.9,147.46
synth,0,35,decode,7,7,78.7,12.9,54.63,148.34
synth,0,36,decode,6,6,77.95,36.53,57.41,173.92
synth,0,37,decode,6,6,79.75,11.82,56.14,150.1
synth,0,38,decode,6,6,78.88,11.73,54.52,147.18
synth,0,39,decode,6,6,77.01,11.52,54.36,144.71
synth,0,40,decode,5,5,75.0,33.37,56.61,166.9
synth,0,41,decode,5,5,78.25,10.63,53.53,144.53
synth,0,42,decode,5,5,76.06,10.34,53.1,141.52
synth,0,43,decode,5,5,74.78,10.32,52.51,139.42
synth,0,44,decode,4,4,74.74,32.75,54.86,164.22
synth,0,45,decode,4,4,76.68,9.42,52.49,140.7
synth,0,46,decode,4,4,75.21,9.36,52.59,139.04
synth,0,47,decode,4,4,75.42,9.34,53.73,140.37
synth,0,48,decode,3,3,74.54,23.45,55.23,155.12
synth,0,49,decode,3,3,74.75,8.24,52.15,137.13
synth,0,50,decode,3,3,73.3,8.22,51.64,134.94
synth,0,51,decode,3,3,73.32,8.18,51.87,135.21
synth,0,52,decode,2,2,72.6,21.87,54.16,150.49
synth,0,53,decode,2,2,73.84,7.26,52.7,135.79
synth,0,54,decode,2,2,73.41,7.04,51.95,134.24
synth,0,55,decode,2,2,71.95,7.14,51.51,132.33
synth,0,56,decode,1,1,72.16,21.22,54.21,149.38
synth,0,57,decode,1,1,72.69,6.1,50.69,131.47
synth,0,58,decode,1,1,71.03,5.94,51.22,130.01
synth,0,59,decode,1,1,72.13,6.06,50.6,130.5
synth,1,0,prefill,1,2048,621.91,251.79,171.92,1049.01
synth,1,1,prefill,1,2048,116.75,19.97,126.75,268.55
synth,1,2,prefill,1,2048,89.85,12.63,87.4,192.23
synth,1,3,prefill,1,2048,81.6,11.88,85.18,180.75
synth,1,4,prefill,2,2048,500.61,256.3,135.61,897.05
synth,1,5,mixed,2,2048,105.07,17.35,112.24,239.84
synth,1,6,mixed,2,2048,84.24,14.17,88.4,189.3
synth,1,7,mixed,2,2048,82.42,12.57,85.93,183.25
synth,1,8,mixed,3,2048,488.73,244.26,132.01,869.53
synth,1,9,mixed,3,2048,101.76,18.84,112.47,238.0
synth,1,10,mixed,3,2048,88.93,14.94,91.39,197.87
synth,1,11,mixed,3,2048,83.85,13.62,87.16,187.2
synth,1,12,mixed,4,2048,483.2,244.26,130.7,863.2
synth,1,13,mixed,4,2048,101.69,19.84,113.03,239.26
synth,1,14,mixed,4,2048,87.59,15.89,90.23,196.15
synth,1,15,mixed,4,2048,83.68,14.6,86.84,187.2
synth,1,16,mixed,5,2048,472.85,246.16,124.84,847.92
synth,1,17,mixed,5,2048,105.39,21.58,114.76,246.34
synth,1,18,mixed,5,2048,90.63,16.84,90.39,200.6
synth,1,19,mixed,5,2048,85.26,15.35,86.54,189.44
synth,1,20,mixed,6,2048,477.11,248.29,127.37,857.46
synth,1,21,mixed,6,2048,103.61,22.46,115.24,245.9
synth,1,22,mixed,6,2048,89.98,17.89,90.17,200.59
synth,1,23,mixed,6,2048,85.91,17.05,87.25,192.68
synth,1,24,mixed,7,2048,484.38,249.13,130.44,868.26
synth,1,25,mixed,7,2048,105.88,23.84,113.23,247.81
synth,1,26,mixed,7,2048,91.44,19.02,93.0,206.23
synth,1,27,mixed,7,2048,87.54,17.87,88.91,196.75
synth,1,28,mixed,8,2048,475.87,248.74,128.82,857.85
synth,1,29,mixed,8,2048,107.84,25.13,117.96,255.99
synth,1,30,mixed,8,2048,92.21,19.6,90.03,204.38
synth,1,31,mixed,8,2048,86.64,18.58,89.51,197.04
synth,1,32,mixed,7,143,84.81,42.91,64.09,194.16
synth,1,33,decode,7,7,83.95,12.97,56.28,155.69
synth,1,34,decode,7,7,79.26,12.7,55.53,149.51
synth,1,35,decode,7,7,78.61,12.53,56.58,149.69
synth,1,36,decode,6,6,77.73,35.24,58.99,173.95
synth,1,37,decode,6,6,79.2,11.65,54.37,147.28
synth,1,38,decode,6,6,76.23,11.44,54.27,143.98
synth,1,39,decode,6,6,76.19,11.35,53.75,143.21
synth,1,40,decode,5,5,75.81,34.54,56.93,169.2
synth,1,41,decode,5,5,77.29,10.37,53.93,143.68
synth,1,42,decode,5,5,75.45,10.25,53.13,140.66
synth,1,43,decode,5,5,76.01,10.23,53.24,141.28
synth,1,44,decode,4,4,76.25,33.21,57.77,169.15
synth,1,45,decode,4,4,76.69,9.46,53.67,141.77
synth,1,46,decode,4,4,74.26,9.08,53.29,138.6
synth,1,47,decode,4,4,73.89,9.25,53.25,138.2
synth,1,48,decode,3,3,74.96,23.76,54.98,155.47
synth,1,49,decode,3,3,74.54,8.35,52.19,137.0
synth,1,50,decode,3,3,74.18,8.35,52.57,136.95
synth,1,51,decode,3,3,73.14,8.15,52.16,135.25
synth,1,52,decode,2,2,72.1,22.25,54.95,151.14
synth,1,53,decode,2,2,75.39,7.33,51.66,136.4
synth,1,54,decode,2,2,73.99,7.17,51.79,134.68
synth,1,55,decode,2,2,73.55,6.82,61.87,144.16
synth,1,56,decode,1,1,72.71,21.45,55.98,152.05
synth,1,57,decode,1,1,72.71,5.77,52.56,132.81
synth,1,58,decode,1,1,71.62,5.78,51.31,130.31
synth,1,59,decode,1,1,71.36,5.88,50.63,129.56
synth,2,0,prefill,1,2048,640.52,251.6,174.65,1070.6
synth,2,1,prefill,1,2048,113.71,19.97,123.04,261.26
synth,2,2,prefill,1,2048,90.72,12.1,86.8,192.02
synth,2,3,prefill,1,2048,81.31,11.11,84.18,178.76
synth,2,4,prefill,2,2048,504.27,243.79,133.85,886.0
synth,2,5,mixed,2,2048,103.23,18.33,113.08,239.01
synth,2,6,mixed,2,2048,85.23,13.28,86.72,187.68
synth,2,7,mixed,2,2048,81.44,12.61,84.2,180.74
synth,2,8,mixed,3,2048,485.52,244.55,141.56,875.66
synth,2,9,mixed,3,2048,103.24,19.27,111.31,238.78
synth,2,10,mixed,3,2048,87.81,14.17,87.61,192.13
synth,2,11,mixed,3,2048,82.48,13.53,84.58,182.74
synth,2,12,mixed,4,2048,478.98,246.45,128.14,857.52
synth,2,13,mixed,4,2048,104.12,18.87,111.82,239.28
synth,2,14,mixed,4,2048,87.9,15.17,91.28,197.01
synth,2,15,mixed,4,2048,82.03,14.4,85.79,184.45
synth,2,16,mixed,5,2048,475.19,245.53,125.8,851.21
synth,2,17,mixed,5,2048,100.84,21.42,114.33,241.38
synth,2,18,mixed,5,2048,86.72,16.27,88.03,193.78
synth,2,19,mixed,5,2048,82.62,15.78,85.11,185.87
synth,2,20,mixed,6,2048,468.3,246.82,128.54,847.88
synth,2,21,mixed,6,2048,106.38,22.06,113.72,246.71
synth,2,22,mixed,6,2048,89.85,17.3,88.43,198.14
synth,2,23,mixed,6,2048,85.38,17.14,86.08,190.99
synth,2,24,mixed,7,2048,475.56,245.94,128.88,855.01
synth,2,25,mixed,7,2048,106.7,22.73,115.68,250.11
synth,2,26,mixed,7,2048,91.15,18.12,89.13,201.08
synth,2,27,mixed,7,2048,86.07,17.92,86.61,192.89
synth,2,28,mixed,8,2048,473.79,249.24,128.81,856.16
synth,2,29,mixed,8,2048,119.63,23.73,116.96,265.29
synth,2,30,mixed,8,2048,91.91,19.31,90.04,203.75
synth,2,31,mixed,8,2048,83.99,18.39,87.38,192.21
synth,2,32,mixed,7,143,83.77,41.8,64.13,192.28
synth,2,33,decode,7,7,82.93,12.83,56.26,154.49
synth,2,34,decode,7,7,79.74,12.47,54.23,148.56
synth,2,35,decode,7,7,77.16,12.6,54.01,145.71
synth,2,36,decode,6,6,76.7,35.23,56.91,171.02
synth,2,37,decode,6,6,78.14,11.76,54.43,146.4
synth,2,38,decode,6,6,76.51,11.52,54.72,144.74
synth,2,39,decode,6,6,75.89,11.0,53.86,142.43
synth,2,40,decode,5,5,75.46,34.61,56.19,168.2
synth,2,41,decode,5,5,77.63,10.64,53.29,143.53
synth,2,42,decode,5,5,74.28,10.3,52.78,139.16
synth,2,43,decode,5,5,75.23,10.56,52.18,139.76
synth,2,44,decode,4,4,73.49,34.17,53.59,163.13
synth,2,45,decode,4,4,75.18,9.4,52.98,139.36
synth,2,46,decode,4,4,73.8,9.42,52.01,137.14
synth,2,47,decode,4,4,74.24,9.37,53.41,138.8
synth,2,48,decode,3,3,74.93,23.91,54.74,155.52
synth,2,49,decode,3,3,74.68,8.33,51.95,136.87
synth,2,50,decode,3,3,72.97,8.19,51.54,134.51
synth,2,51,decode,3,3,73.1,8.14,51.4,134.48
synth,2,52,decode,2,2,71.66,22.51,52.8,148.79
synth,2,53,decode,2,2,74.11,7.13,50.85,134.05
synth,2,54,decode,2,2,72.67,6.99,50.77,132.16
synth,2,55,decode,2,2,71.82,7.21,50.96,131.78
synth,2,56,decode,1,1,72.52,20.19,53.88,148.35
synth,2,57,decode,1,1,71.93,5.97,50.83,130.47
synth,2,58,decode,1,1,71.29,5.92,50.56,129.43
synth,2,59,decode,1,1,70.51,5.81,50.71,128.67
synth,3,0,prefill,1,2048,631.33,250.37,174.27,1059.92
synth,3,1,prefill,1,2048,116.34,20.46,130.93,272.81
synth,3,2,prefill,1,2048,90.45,12.3,88.29,193.55
synth,3,3,prefill,1,2048,81.51,11.2,84.15,179.0
synth,3,4,prefill,2,2048,500.34,245.37,132.76,883.3
synth,3,5,mixed,2,2048,104.81,17.27,114.95,241.87
synth,3,6,mixed,2,2048,85.65,13.21,88.57,190.1
synth,3,7,mixed,2,2048,80.5,12.04,85.38,180.15
synth,3,8,mixed,3,2048,486.5,244.93,131.81,868.06
synth,3,9,mixed,3,2048,104.06,19.09,115.23,243.39
synth,3,10,mixed,3,2048,86.42,13.92,87.71,190.44
synth,3,11,mixed,3,2048,82.6,13.51,85.1,183.43
synth,3,12,mixed,4,2048,473.7,244.65,127.77,850.44
synth,3,13,mixed,4,2048,103.91,19.96,113.88,242.75
synth,3,14,mixed,4,2048,86.45,14.98,88.51,192.51
synth,3,15,mixed,4,2048,82.92,14.52,86.58,186.3
synth,3,16,mixed,5,2048,482.28,245.71,129.28,861.39
synth,3,17,mixed,5,2048,103.56,20.67,112.38,241.02
synth,3,18,mixed,5,2048,87.89,16.78,89.18,196.52
synth,3,19,mixed,5,2048,84.28,16.05,90.12,192.96
synth,3,20,mixed,6,2048,472.95,247.79,126.17,851.48
synth,3,21,mixed,6,2048,104.11,21.43,113.53,244.11
synth,3,22,mixed,6,2048,90.12,17.27,91.1,201.35
synth,3,23,mixed,6,2048,84.61,16.41,87.9,191.31
synth,3,24,mixed,7,2048,468.2,247.93,129.97,850.71
synth,3,25,mixed,7,2048,107.4,23.21,116.18,251.61
synth,3,26,mixed,7,2048,92.17,19.0,89.94,203.8
synth,3,27,mixed,7,2048,85.69,17.94,87.68,193.82
synth,3,28,mixed,8,2048,472.28,248.55,129.67,854.74
synth,3,29,mixed,8,2048,107.64,24.61,121.91,259.42
synth,3,30,mixed,8,2048,90.72,19.36,90.79,203.63
synth,3,31,mixed,8,2048,101.51,20.27,92.63,217.03
synth,3,32,mixed,7,143,86.33,44.19,65.88,198.65
synth,3,33,decode,7,7,83.36,12.85,56.57,155.22
synth,3,34,decode,7,7,78.48,12.68,55.86,148.97
synth,3,35,decode,7,7,76.96,12.69,55.34,147.01
synth,3,36,decode,6,6,77.53,35.7,59.54,174.75
synth,3,37,decode,6,6,77.39,11.35,54.99,145.86
synth,3,38,decode,6,6,77.23,11.44,54.81,145.43
synth,3,39,decode,6,6,76.68,11.51,54.51,144.68
synth,3,40,decode,5,5,76.08,33.89,58.96,170.85
synth,3,41,decode,5,5,77.97,10.72,54.67,145.48
synth,3,42,decode,5,5,74.94,10.52,53.99,141.21
synth,3,43,decode,5,5,75.49,10.24,54.01,141.69
synth,3,44,decode,4,4,75.23,32.07,55.36,164.46
synth,3,45,decode,4,4,75.95,9.25,52.82,140.12
synth,3,46,decode,4,4,73.59,9.44,53.56,138.35
synth,3,47,decode,4,4,74.15,9.07,53.0,138.12
synth,3,48,decode,3,3,73.5,24.06,54.54,153.9
synth,3,49,decode,3,3,73.97,8.29,52.69,136.94
synth,3,50,decode,3,3,73.62,8.51,53.52,137.43
synth,3,51,decode,3,3,72.3,8.34,52.94,135.29
synth,3,52,decode,2,2,72.61,22.19,54.17,150.7
synth,3,53,decode,2,2,73.96,7.38,52.4,135.7
synth,3,54,decode,2,2,72.72,7.1,51.98,133.72
synth,3,55,decode,2,2,72.52,7.05,52.3,133.62
synth,3,56,decode,1,1,71.59,20.73,54.09,148.19
synth,3,57,decode,1,1,71.99,5.98,50.85,130.75
synth,3,58,decode,1,1,71.34,5.9,51.08,129.91
synth,3,59,decode,1,1,70.37,5.91,50.65,128.81
synth,4,0,prefill,1,2048,681.83,265.13,179.83,1130.64
synth,4,1,prefill,1,2048,115.23,19.59,122.86,262.6
synth,4,2,prefill,1,2048,89.15,12.5,87.89,192.07
synth,4,3,prefill,1,2048,80.83,11.19,84.38,178.53
synth,4,4,prefill,2,2048,511.65,243.48,132.93,892.71
synth,4,5,mixed,2,2048,101.42,17.78,111.75,235.45
synth,4,6,mixed,2,2048,99.48,13.9,90.51,206.41
synth,4,7,mixed,2,2048,81.86,12.23,85.23,181.65
synth,4,8,mixed,3,2048,488.27,244.17,130.84,867.57
synth,4,9,mixed,3,2048,105.29,19.11,113.41,242.9
synth,4,10,mixed,3,2048,87.47,14.43,88.88,193.23
synth,4,11,mixed,3,2048,81.89,13.94,85.35,183.67
synth,4,12,mixed,4,2048,480.14,245.15,128.05,857.32
synth,4,13,mixed,4,2048,103.11,20.15,111.28,239.19
synth,4,14,mixed,4,2048,88.05,15.34,87.62,193.33
synth,4,15,mixed,4,2048,80.97,14.23,85.29,182.68
synth,4,16,mixed,5,2048,476.18,245.86,125.26,851.29
synth,4,17,mixed,5,2048,104.27,20.42,114.63,243.99
synth,4,18,mixed,5,2048,88.61,16.42,88.39,196.0
synth,4,19,mixed,5,2048,82.57,15.93,86.02,186.88
synth,4,20,mixed,6,2048,471.74,248.1,128.29,852.93
synth,4,21,mixed,6,2048,106.03,22.57,112.72,245.83
synth,4,22,mixed,6,2048,88.52,17.04,88.98,197.15
synth,4,23,mixed,6,2048,86.12,16.62,108.47,213.48
synth,4,24,mixed,7,2048,479.81,246.19,125.57,855.41
synth,4,25,mixed,7,2048,106.72,24.24,114.7,250.35
synth,4,26,mixed,7,2048,89.8,18.42,90.18,201.04
synth,4,27,mixed,7,2048,85.25,18.15,86.27,191.89
synth,4,28,mixed,8,2048,475.8,249.17,129.57,859.29
synth,4,29,mixed,8,2048,107.64,24.01,115.02,251.44
synth,4,30,mixed,8,2048,91.02,19.77,89.47,202.88
synth,4,31,mixed,8,2048,85.82,18.96,87.14,194.36
synth,4,32,mixed,7,143,83.29,41.76,64.24,191.55
synth,4,33,decode,7,7,83.56,12.88,56.53,155.43
synth,4,34,decode,7,7,82.77,13.07,59.47,157.38
synth,4,35,decode,7,7,77.74,12.92,55.41,148.04
synth,4,36,decode,6,6,76.74,36.43,57.9,173.15
synth,4,37,decode,6,6,78.44,11.7,55.26,147.55
synth,4,38,decode,6,6,75.51,11.11,54.16,142.72
synth,4,39,decode,6,6,76.42,11.16,54.29,143.85
synth,4,40,decode,5,5,75.82,33.92,57.48,169.17
synth,4,41,decode,5,5,76.38,10.76,53.52,142.7
synth,4,42,decode,5,5,76.12,10.4,53.58,142.11
synth,4,43,decode,5,5,75.2,10.63,54.64,142.41
synth,4,44,decode,4,4,74.2,32.27,55.72,164.07
synth,4,45,decode,4,4,76.09,9.58,53.98,141.91
synth,4,46,decode,4,4,74.63,9.35,53.47,139.35
synth,4,47,decode,4,4,73.49,9.29,52.9,137.54
synth,4,48,decode,3,3,74.83,24.99,55.47,157.1
synth,4,49,decode,3,3,73.79,8.46,52.27,136.56
synth,4,50,decode,3,3,73.3,8.3,52.31,135.7
synth,4,51,decode,3,3,73.22,8.15,51.94,135.21
synth,4,52,decode,2,2,72.37,22.41,53.36,149.9
synth,4,53,decode,2,2,72.87,7.3,51.92,133.92
synth,4,54,decode,2,2,81.32,7.21,53.16,143.51
synth,4,55,decode,2,2,73.16,7.16,52.23,134.42
synth,4,56,decode,1,1,71.63,21.12,53.7,148.31
synth,4,57,decode,1,1,72.4,5.97,50.49,130.65
synth,4,58,decode,1,1,70.73,5.79,50.52,128.79
synth,4,59,decode,1,1,70.83,5.71,50.28,128.59
