group,n_steps_present,steps_present_pct,self_us_p50,self_us_p90,self_us_p99,self_us_mean,share_pct_of_prepare_input_p50
synchronize+update_states,123,100.0,305.23,412.95,2760.84,420.061,7.22
block_table commit,121,98.4,90.94,103.74,121.56,91.654,2.15
attn_state,121,98.4,28.68,34.44,47.97,29.736,0.68
positions+token_indices,121,98.4,104.03,118.94,150.25,106.145,2.46
query_start_loc,121,98.4,28.1,31.36,38.75,28.331,0.66
input_ids/H2D,121,98.4,1270.45,1377.68,1597.83,1283.434,30.05
bookkeeping other,121,98.4,305.2,340.33,435.16,310.119,7.22
spec decode metadata,0,0.0,0.0,0.0,0.0,0.0,0.0
batch padding decision,121,98.4,51.78,58.56,63.45,52.093,1.22
scheduler glue,121,98.4,203.25,241.14,261.52,209.155,4.81
attn metadata,121,98.4,1532.82,1730.23,6340.03,1812.413,36.25
attn metadata (SFA),0,0.0,0.0,0.0,0.0,0.0,0.0
attn metadata (GDN),0,0.0,0.0,0.0,0.0,0.0,0.0
attn metadata (builder by class),0,0.0,0.0,0.0,0.0,0.0,0.0
pi: (unattributed),123,0.0,301.79,343.14,370.08,298.076,7.14
