BlockTable.commit_block_table,BlockTable.compute_slot_mapping,GPUModelRunner._compute_prev_positions,GPUModelRunner._get_cumsum_and_arange,GPUModelRunner._may_reorder_batch,GPUModelRunner._prepare_input_ids,GPUModelRunner._update_states,InputBatch.condense,InputBatch.refresh_metadata,InputBatch.update_req_spec_token_ids,MultiGroupBlockTable.commit_block_table,MultiGroupBlockTable.compute_slot_mapping,NPUModelRunner._build_attn_state,NPUModelRunner._prepare_inputs,NPUModelRunner._update_states,step
2.022006083279848e-05,9.886000771075487e-05,2.2300519049167633e-06,1.6380101442337036e-05,5.300389602780342e-07,1.4910008758306503e-05,1.616007648408413e-05,1.8299324437975883e-06,2.2599706426262856e-06,1.150066964328289e-06,2.1780026145279408e-05,0.00010154990013688803,2.2230087779462337e-05,0.000469149905256927,2.0300038158893585e-05,0
1.9820057787001133e-05,0.00010177004151046276,2.249958924949169e-06,1.692003570497036e-05,5.599576979875565e-07,1.488998532295227e-05,1.6300007700920105e-05,1.6900012269616127e-06,2.200016751885414e-06,1.1599622666835785e-06,2.1370011381804943e-05,0.00010438996832817793,2.256000880151987e-05,0.00047574995551258326,2.0200037397444248e-05,1
2.008001320064068e-05,9.834999218583107e-05,2.12003942579031e-06,1.6069971024990082e-05,5.200272426009178e-07,1.4730030670762062e-05,1.479010097682476e-05,1.5799887478351593e-06,2.0399456843733788e-06,1.1100200936198235e-06,2.143008168786764e-05,0.00010094000026583672,2.2160005755722523e-05,0.00046702998224645853,1.822004560381174e-05,2
1.9470113329589367e-05,9.824999142438173e-05,1.920037902891636e-06,1.5910016372799873e-05,4.6996865421533585e-07,1.5610014088451862e-05,1.4760065823793411e-05,1.7799902707338333e-06,1.9400613382458687e-06,1.0899966582655907e-06,2.089003100991249e-05,0.00010073999874293804,2.220005262643099e-05,0.00046557001769542694,1.8459977582097054e-05,3
1.995998900383711e-05,9.718001820147038e-05,2.1599698811769485e-06,1.5829922631382942e-05,5.00003807246685e-07,1.4830031432211399e-05,1.5150057151913643e-05,1.8300488591194153e-06,1.9900035113096237e-06,1.1300435289740562e-06,2.131005749106407e-05,9.980006143450737e-05,2.210005186498165e-05,0.0004608699819073081,1.825997605919838e-05,4
1.9539962522685528e-05,9.828002657741308e-05,2.0900042727589607e-06,1.5869969502091408e-05,5.00003807246685e-07,1.5059951692819595e-05,1.4630029909312725e-05,1.550070010125637e-06,2.049957402050495e-06,1.0300427675247192e-06,2.095999661833048e-05,0.00010075001046061516,2.2360007278621197e-05,0.000460490002296865,1.7790007404983044e-05,5
3.0030030757188797e-05,9.83700156211853e-05,2.1599698811769485e-06,1.6359961591660976e-05,4.800967872142792e-07,1.4940043911337852e-05,1.3989978469908237e-05,1.6200356185436249e-06,1.9299332052469254e-06,9.799841791391373e-07,3.1430041417479515e-05,0.0001010099658742547,2.3270025849342346e-05,0.00047843996435403824,1.7110025510191917e-05,6
2.0320061594247818e-05,9.657000191509724e-05,2.0600855350494385e-06,1.5789992175996304e-05,5.00003807246685e-07,1.4669960364699364e-05,1.4440040104091167e-05,1.619919203221798e-06,2.0599691197276115e-06,1.1100200936198235e-06,2.162996679544449e-05,9.897002018988132e-05,2.1249987185001373e-05,0.0004596300423145294,1.7779995687305927e-05,7
1.9919942133128643e-05,9.879004210233688e-05,2.149958163499832e-06,1.616997178643942e-05,5.600741133093834e-07,1.5110010281205177e-05,1.5049939975142479e-05,1.5200348570942879e-06,2.100015990436077e-06,1.1300435289740562e-06,2.131005749106407e-05,0.00010129006113857031,2.201006282120943e-05,0.00046782009303569794,1.813005656003952e-05,8
2.0070001482963562e-05,9.682995732873678e-05,2.1599698811769485e-06,1.6059959307312965e-05,4.4994521886110306e-07,1.4599994756281376e-05,1.4189979992806911e-05,1.5499535948038101e-06,1.9100261852145195e-06,1.0299263522028923e-06,2.147001214325428e-05,9.922008030116558e-05,2.2160005755722523e-05,0.00045958999544382095,1.734995748847723e-05,9
1.9940081983804703e-05,9.546999353915453e-05,2.0300503820180893e-06,1.6110017895698547e-05,4.5995693653821945e-07,1.5159952454268932e-05,1.3940036296844482e-05,1.6100239008665085e-06,1.8900027498602867e-06,9.899958968162537e-07,2.125999890267849e-05,9.812007192522287e-05,2.1750107407569885e-05,0.00045864994172006845,1.6969977878034115e-05,10
1.9829953089356422e-05,0.00010514003224670887,2.1300511434674263e-06,1.6059959307312965e-05,4.5006163418293e-07,1.5059951692819595e-05,1.3620010577142239e-05,1.4799879863858223e-06,1.9100261852145195e-06,9.200302883982658e-07,2.126989420503378e-05,0.00010768999345600605,2.1589919924736023e-05,0.0004675299860537052,1.6610021702945232e-05,11
2.0059989765286446e-05,9.633996523916721e-05,2.020038664340973e-06,1.5759957022964954e-05,4.799803718924522e-07,1.467997208237648e-05,1.3789976947009563e-05,1.5499535948038101e-06,2.0299339666962624e-06,9.400537237524986e-07,2.131005749106407e-05,9.885989129543304e-05,2.1909945644438267e-05,0.00045674992725253105,1.6990001313388348e-05,12
1.9369996152818203e-05,9.720004163682461e-05,2.049957402050495e-06,1.5639932826161385e-05,5.399342626333237e-07,1.4969962649047375e-05,1.4369958080351353e-05,1.569977030158043e-06,1.9900035113096237e-06,1.0300427675247192e-06,2.0690029487013817e-05,9.989005047827959e-05,2.1729967556893826e-05,0.00046564999502152205,1.7420039512217045e-05,13
1.9739964045584202e-05,9.590003173798323e-05,2.100015990436077e-06,1.6059959307312965e-05,4.6996865421533585e-07,1.5459954738616943e-05,1.4030025340616703e-05,1.650070771574974e-06,1.9600847736001015e-06,9.499490261077881e-07,2.0990031771361828e-05,9.833998046815395e-05,2.1339976228773594e-05,0.00045986007899045944,1.74699816852808e-05,14
1.9390019588172436e-05,9.449000936001539e-05,2.00001522898674e-06,1.5420024283230305e-05,4.800967872142792e-07,1.4840043149888515e-05,1.4110002666711807e-05,1.550070010125637e-06,1.9599683582782745e-06,1.0399380698800087e-06,2.0709936507046223e-05,9.684998076409101e-05,2.122006844729185e-05,0.0004519200883805752,1.7219921573996544e-05,15
1.955998595803976e-05,9.549001697450876e-05,2.0100269466638565e-06,1.546007115393877e-05,5.199108272790909e-07,1.5030032955110073e-05,1.4379969798028469e-05,1.4799879863858223e-06,2.100015990436077e-06,1.0799849405884743e-06,2.0820065401494503e-05,9.79399774223566e-05,2.183008473366499e-05,0.00045547005720436573,1.755007542669773e-05,16
2.0180013962090015e-05,9.536999277770519e-05,1.9799917936325073e-06,1.5689991414546967e-05,4.6996865421533585e-07,1.543993130326271e-05,1.38899777084589e-05,1.4200340956449509e-06,1.969980075955391e-06,9.899958968162537e-07,2.1539977751672268e-05,9.778991807252169e-05,2.164999023079872e-05,0.0004575700731948018,1.701002474874258e-05,17
1.9690021872520447e-05,9.433005470782518e-05,2.0100269466638565e-06,1.5079975128173828e-05,4.4994521886110306e-07,1.4759949408471584e-05,1.455994788557291e-05,1.5799887478351593e-06,2.0300503820180893e-06,9.799841791391373e-07,2.108002081513405e-05,9.681005030870438e-05,2.18698987737298e-05,0.0004533900646492839,1.78399495780468e-05,18
1.9420054741203785e-05,9.44299390539527e-05,2.0599691197276115e-06,1.592002809047699e-05,4.6996865421533585e-07,1.4829915016889572e-05,1.401000190526247e-05,1.5900004655122757e-06,1.9100261852145195e-06,9.799841791391373e-07,2.071994822472334e-05,9.688001591712236e-05,2.1700048819184303e-05,0.00045337004121392965,1.7150072380900383e-05,19
1.9440078176558018e-05,9.44299390539527e-05,2.050073817372322e-06,1.5989993698894978e-05,6.00004568696022e-07,1.522002276033163e-05,1.4449935406446457e-05,1.6200356185436249e-06,2.00001522898674e-06,1.149950549006462e-06,2.0639970898628235e-05,9.685999248176813e-05,2.1880026906728745e-05,0.0004553000908344984,1.764995977282524e-05,20
1.9210041500627995e-05,9.81400953605771e-05,2.2299354895949364e-06,1.5669967979192734e-05,5.599576979875565e-07,1.4759949408471584e-05,1.401000190526247e-05,1.6399426385760307e-06,1.9599683582782745e-06,1.0399380698800087e-06,2.043996937572956e-05,0.00010061997454613447,2.1539977751672268e-05,0.00046980998013168573,1.7069978639483452e-05,21
2.0020059309899807e-05,9.725999552756548e-05,2.169981598854065e-06,1.5600002370774746e-05,5.00003807246685e-07,1.504004467278719e-05,1.4669960364699364e-05,1.7599668353796005e-06,1.9799917936325073e-06,1.0799849405884743e-06,2.129003405570984e-05,9.981007315218449e-05,2.217991277575493e-05,0.0004605699796229601,1.8000020645558834e-05,22
1.9610044546425343e-05,9.714998304843903e-05,2.319924533367157e-06,1.597998198121786e-05,5.299225449562073e-07,1.4840043149888515e-05,1.4899997040629387e-05,1.7499551177024841e-06,2.0799925550818443e-06,1.049949787557125e-06,2.113007940351963e-05,9.979994501918554e-05,2.2189924493432045e-05,0.00046433997340500355,1.810002140700817e-05,23
1.9480008631944656e-05,9.575998410582542e-05,2.0799925550818443e-06,1.5510013327002525e-05,4.600733518600464e-07,1.4810007996857166e-05,1.434003934264183e-05,1.700012944638729e-06,1.9900035113096237e-06,1.0300427675247192e-06,2.092006616294384e-05,9.82100609689951e-05,2.238992601633072e-05,0.0004564299015328288,1.737999264150858e-05,24
1.8969993107020855e-05,9.637000039219856e-05,2.2100284695625305e-06,1.5879981219768524e-05,4.899920895695686e-07,1.492002047598362e-05,1.3850047253072262e-05,1.619919203221798e-06,1.9100261852145195e-06,1.0799849405884743e-06,2.0249979570508003e-05,9.906000923365355e-05,2.198002766817808e-05,0.0004563300171867013,1.6779988072812557e-05,25
1.9919942133128643e-05,9.558990132063627e-05,2.0599691197276115e-06,1.5619909390807152e-05,5.100155249238014e-07,1.516006886959076e-05,1.413002610206604e-05,1.6399426385760307e-06,2.00001522898674e-06,1.049949787557125e-06,2.1249987185001373e-05,9.803997818380594e-05,2.1889922209084034e-05,0.00045506004244089127,1.7129932530224323e-05,26
1.9520055502653122e-05,9.651004802435637e-05,2.1799933165311813e-06,1.585995778441429e-05,5.200272426009178e-07,1.458998303860426e-05,1.3999990187585354e-05,1.5200348570942879e-06,1.9801082089543343e-06,1.0200310498476028e-06,2.085999585688114e-05,9.908992797136307e-05,2.1549989469349384e-05,0.00045592000242322683,1.7059966921806335e-05,27
1.9569997675716877e-05,9.552005212754011e-05,2.1599698811769485e-06,1.5700003132224083e-05,4.799803718924522e-07,1.5020021237432957e-05,1.4140037819743156e-05,1.650070771574974e-06,1.9900035113096237e-06,9.799841791391373e-07,2.092006616294384e-05,9.804998990148306e-05,2.1880026906728745e-05,0.0004547199932858348,1.7369980923831463e-05,28
2.9550050385296345e-05,9.64700011536479e-05,2.2300519049167633e-06,1.5600002370774746e-05,5.200272426009178e-07,1.4759949408471584e-05,1.4030025340616703e-05,1.600012183189392e-06,2.0100269466638565e-06,1.0599615052342415e-06,3.077997826039791e-05,9.891996160149574e-05,2.19299690797925e-05,0.00046828004997223616,1.6919919289648533e-05,29
1.9549974240362644e-05,9.571993723511696e-05,2.1600862964987755e-06,1.5680096112191677e-05,4.899920895695686e-07,1.5030032955110073e-05,1.4389981515705585e-05,1.5200348570942879e-06,2.1600862964987755e-06,1.0100193321704865e-06,2.077000681310892e-05,9.823997970670462e-05,2.138002309948206e-05,0.00045599008444696665,1.741002779453993e-05,30
1.9369996152818203e-05,9.466009214520454e-05,2.069980837404728e-06,1.5569967217743397e-05,6.00004568696022e-07,1.5159952454268932e-05,1.3910001143813133e-05,1.5300465747714043e-06,2.0900042727589607e-06,9.899958968162537e-07,2.068991307169199e-05,9.71200643107295e-05,2.1339976228773594e-05,0.00045367004349827766,1.692003570497036e-05,31
1.9449973478913307e-05,9.526999201625586e-05,2.1100277081131935e-06,1.543003600090742e-05,5.100155249238014e-07,1.4959950931370258e-05,1.3780081644654274e-05,1.6100239008665085e-06,1.9399449229240417e-06,9.599607437849045e-07,2.0790030248463154e-05,9.760004468262196e-05,2.1400046534836292e-05,0.0004543500253930688,1.667998731136322e-05,32
1.9519939087331295e-05,9.455997496843338e-05,2.1900050342082977e-06,1.5700003132224083e-05,5.299225449562073e-07,1.5050056390464306e-05,1.3770069926977158e-05,1.5499535948038101e-06,2.050073817372322e-06,9.599607437849045e-07,2.0940089598298073e-05,9.694998152554035e-05,2.1370011381804943e-05,0.00045504001900553703,1.6749952919781208e-05,33
1.9339960999786854e-05,9.563995990902185e-05,2.0299339666962624e-06,1.5450059436261654e-05,5.00003807246685e-07,1.5039928257465363e-05,1.3779965229332447e-05,1.7400598153471947e-06,1.969980075955391e-06,9.801005944609642e-07,2.0580017007887363e-05,9.804998990148306e-05,2.164999023079872e-05,0.0004542900715023279,1.6759964637458324e-05,34
1.964997500181198e-05,9.480991866439581e-05,1.9799917936325073e-06,1.564004924148321e-05,5.100155249238014e-07,1.504004467278719e-05,1.3970071449875832e-05,1.5499535948038101e-06,2.0799925550818443e-06,1.1200318112969398e-06,2.1029962226748466e-05,9.747990407049656e-05,2.1110055968165398e-05,0.0004530900623649359,1.731002703309059e-05,35
1.908000558614731e-05,0.00010552001185715199,2.12003942579031e-06,1.5570083633065224e-05,5.50062395632267e-07,1.5230034478008747e-05,1.413002610206604e-05,1.6300473362207413e-06,1.9799917936325073e-06,1.2599630281329155e-06,2.043007407337427e-05,0.00010806997306644917,2.1860003471374512e-05,0.0004655499942600727,1.719000283628702e-05,36
2.0090024918317795e-05,9.640003554522991e-05,2.0799925550818443e-06,1.558009535074234e-05,5.00003807246685e-07,1.4640041626989841e-05,1.4440040104091167e-05,1.6499543562531471e-06,2.0100269466638565e-06,1.0799849405884743e-06,2.159003634005785e-05,9.88199608400464e-05,2.277002204209566e-05,0.0004603400593623519,1.7520040273666382e-05,37
1.931004226207733e-05,9.437999688088894e-05,2.21992377191782e-06,1.5810015611350536e-05,4.6996865421533585e-07,1.4949939213693142e-05,1.3699987903237343e-05,1.7799902707338333e-06,1.869979314506054e-06,9.899958968162537e-07,2.0639970898628235e-05,9.694998152554035e-05,2.1790037862956524e-05,0.00045506004244089127,1.6519916243851185e-05,38
1.955009065568447e-05,9.304005652666092e-05,2.020038664340973e-06,1.5780096873641014e-05,5.300389602780342e-07,1.4859950169920921e-05,1.4049932360649109e-05,1.600012183189392e-06,2.00001522898674e-06,9.899958968162537e-07,2.0870007574558258e-05,9.539991151541471e-05,2.1600048057734966e-05,0.0004525299882516265,1.7059966921806335e-05,39
1.959002111107111e-05,9.394995868206024e-05,2.1799933165311813e-06,1.5930039808154106e-05,5.499459803104401e-07,1.4930032193660736e-05,1.4060060493648052e-05,1.5299301594495773e-06,2.00001522898674e-06,9.899958968162537e-07,2.0930077880620956e-05,9.634997695684433e-05,2.1140091121196747e-05,0.00045264000073075294,1.704995520412922e-05,40
1.895998138934374e-05,9.498000144958496e-05,2.169981598854065e-06,1.516006886959076e-05,5.00003807246685e-07,1.4969962649047375e-05,1.3810000382363796e-05,1.5099067240953445e-06,1.9300496205687523e-06,9.799841791391373e-07,2.0280014723539352e-05,9.735999628901482e-05,2.159003634005785e-05,0.00045309995766729116,1.680001150816679e-05,41
1.931993756443262e-05,9.37500735744834e-05,2.0799925550818443e-06,1.585995778441429e-05,5.00003807246685e-07,1.5069963410496712e-05,1.3520009815692902e-05,1.519918441772461e-06,1.8399441614747047e-06,9.700888767838478e-07,2.055999357253313e-05,9.615998715162277e-05,2.1110055968165398e-05,0.0004524799296632409,1.6429927200078964e-05,42
1.934997271746397e-05,9.417999535799026e-05,2.1300511434674263e-06,1.5650060959160328e-05,5.499459803104401e-07,1.5210011042654514e-05,1.404003705829382e-05,1.4801044017076492e-06,2.0300503820180893e-06,9.00006853044033e-07,2.0690029487013817e-05,9.668001439422369e-05,2.0699924789369106e-05,0.00045220996253192425,1.7039943486452103e-05,43
1.952995080500841e-05,0.0001129800220951438,2.1799933165311813e-06,1.5279976651072502e-05,5.300389602780342e-07,1.4830031432211399e-05,1.3970071449875832e-05,1.5599653124809265e-06,2.00001522898674e-06,1.100008375942707e-06,2.0819948986172676e-05,0.00011596002150326967,2.1180021576583385e-05,0.0006619399646297097,1.7050071619451046e-05,44
2.1149986423552036e-05,9.780004620552063e-05,2.2900057956576347e-06,1.6249949112534523e-05,6.799818947911263e-07,1.5089986845850945e-05,1.5940051525831223e-05,1.8900027498602867e-06,2.220040187239647e-06,1.1300435289740562e-06,2.2549997083842754e-05,0.00010039994958788157,2.2249994799494743e-05,0.0004673799267038703,1.9299914129078388e-05,45
1.992005854845047e-05,9.558000601828098e-05,2.0100269466638565e-06,1.5440047718584538e-05,5.499459803104401e-07,1.4789984561502934e-05,1.4689983800053596e-05,1.6599660739302635e-06,2.050073817372322e-06,1.019914634525776e-06,2.1329964511096478e-05,9.791995398700237e-05,2.1660001948475838e-05,0.00045688997488468885,1.7990008927881718e-05,46
1.952995080500841e-05,9.580003097653389e-05,2.100015990436077e-06,1.583993434906006e-05,5.799811333417892e-07,1.5210011042654514e-05,1.4579971320927143e-05,1.569977030158043e-06,2.0100269466638565e-06,1.0399380698800087e-06,2.092006616294384e-05,9.828002657741308e-05,2.125999890267849e-05,0.0004562799585983157,1.7639948055148125e-05,47
1.9549974240362644e-05,9.50000248849392e-05,2.169981598854065e-06,1.5479978173971176e-05,5.700858309864998e-07,1.4939927496016026e-05,1.425005029886961e-05,1.600012183189392e-06,1.9400613382458687e-06,1.019914634525776e-06,2.0949984900653362e-05,9.751995094120502e-05,2.1400046534836292e-05,0.00045388005673885345,1.7260084860026836e-05,48
1.925998367369175e-05,9.524996858090162e-05,2.0399456843733788e-06,1.5249941498041153e-05,5.699694156646729e-07,1.5089986845850945e-05,1.488998532295227e-05,1.7599668353796005e-06,2.069980837404728e-06,1.0099029168486595e-06,2.0580017007887363e-05,9.774998761713505e-05,2.116011455655098e-05,0.000454070046544075,1.804996281862259e-05,49
1.9609928131103516e-05,9.519001469016075e-05,2.1399464458227158e-06,1.576996874064207e-05,5.299225449562073e-07,1.4940043911337852e-05,1.4289980754256248e-05,1.5300465747714043e-06,1.9900035113096237e-06,1.050066202878952e-06,2.0970008336007595e-05,9.769003372639418e-05,2.168002538383007e-05,0.0004550099838525057,1.7600017599761486e-05,50
1.9300030544400215e-05,9.399000555276871e-05,2.1299347281455994e-06,1.5630037523806095e-05,5.799811333417892e-07,1.4420016668736935e-05,1.3860058970749378e-05,1.5700934454798698e-06,1.8599675968289375e-06,9.899958968162537e-07,2.0609935745596886e-05,9.660003706812859e-05,2.1429965272545815e-05,0.0004627199377864599,1.686008181422949e-05,51
1.9140075892210007e-05,9.590992704033852e-05,2.0900042727589607e-06,1.588999293744564e-05,5.399342626333237e-07,1.5210011042654514e-05,1.44600635394454e-05,1.6200356185436249e-06,1.9900035113096237e-06,1.0600779205560684e-06,2.043996937572956e-05,9.828992187976837e-05,2.2160005755722523e-05,0.0004605699796229601,1.7490005120635033e-05,52
1.9280007109045982e-05,9.631994180381298e-05,2.0300503820180893e-06,1.5749945305287838e-05,5.699694156646729e-07,1.4959950931370258e-05,1.4060060493648052e-05,1.4600809663534164e-06,2.0100269466638565e-06,9.599607437849045e-07,2.062995918095112e-05,9.874999523162842e-05,2.168992068618536e-05,0.000457499991171062,1.71000137925148e-05,53
2.025999128818512e-05,9.798002429306507e-05,2.220040187239647e-06,1.643004361540079e-05,5.499459803104401e-07,1.5049939975142479e-05,1.4689983800053596e-05,1.500011421740055e-06,2.1400628611445427e-06,1.0200310498476028e-06,2.1639978513121605e-05,0.00010038993787020445,2.1880026906728745e-05,0.0004645000444725156,1.792993862181902e-05,54
1.9119936041533947e-05,9.591993875801563e-05,2.150074578821659e-06,1.571991015225649e-05,5.50062395632267e-07,1.5099998563528061e-05,1.4740042388439178e-05,1.5300465747714043e-06,2.0801089704036713e-06,1.0700896382331848e-06,2.0519946701824665e-05,9.841006249189377e-05,2.1399930119514465e-05,0.00045688997488468885,1.801003236323595e-05,55
1.983996480703354e-05,9.502004832029343e-05,2.1100277081131935e-06,1.5749945305287838e-05,5.00003807246685e-07,1.4760065823793411e-05,1.38899777084589e-05,1.4400575309991837e-06,1.8799910321831703e-06,1.0700896382331848e-06,2.1110055968165398e-05,9.752996265888214e-05,2.1650106646120548e-05,0.00045499997213482857,1.6959966160357e-05,56
1.901993528008461e-05,0.00017069990281015635,2.0399456843733788e-06,1.618999522179365e-05,5.699694156646729e-07,1.4530029147863388e-05,1.422001514583826e-05,1.6799895092844963e-06,2.100015990436077e-06,9.799841791391373e-07,2.0429957658052444e-05,0.00017345999367535114,2.1630083210766315e-05,0.0005321699427440763,1.7299898900091648e-05,57
2.071005292236805e-05,9.926990605890751e-05,2.200016751885414e-06,1.5789992175996304e-05,6.399350240826607e-07,1.5249941498041153e-05,1.5099998563528061e-05,2.0799925550818443e-06,2.369983121752739e-06,1.1300435289740562e-06,2.2039981558918953e-05,0.00010179996024817228,2.2660009562969208e-05,0.000470360042527318,1.831003464758396e-05,58
1.995998900383711e-05,9.729992598295212e-05,1.9299332052469254e-06,1.5789992175996304e-05,5.00003807246685e-07,1.4770077541470528e-05,1.3820012100040913e-05,1.569977030158043e-06,2.0400620996952057e-06,9.799841791391373e-07,2.1320069208741188e-05,9.986001532524824e-05,2.210005186498165e-05,0.000474389991723001,1.6940059140324593e-05,59
1.9420054741203785e-05,9.641994256526232e-05,2.2100284695625305e-06,1.580000389367342e-05,5.599576979875565e-07,1.458008773624897e-05,1.4720018953084946e-05,1.6300473362207413e-06,2.1599698811769485e-06,1.0200310498476028e-06,2.0810053683817387e-05,9.887001942843199e-05,2.1670013666152954e-05,0.0004576300270855427,1.7969985492527485e-05,60
1.9700033590197563e-05,9.5880008302629e-05,2.0599691197276115e-06,1.5569967217743397e-05,5.399342626333237e-07,1.5449943020939827e-05,1.4199991710484028e-05,1.6900012269616127e-06,1.9900035113096237e-06,1.050066202878952e-06,2.1149986423552036e-05,9.846000466495752e-05,2.1320069208741188e-05,0.0004572299076244235,1.7330050468444824e-05,61
