rank,file_line,pct,symbol
1,dictobject.c:940,28.48,unicodekeys_lookup_unicode
2,dictobject.c:968,26.43,unicodekeys_lookup_unicode
3,dictobject.c:949,16.64,unicodekeys_lookup_unicode
4,object.h:642,12.35,_PyEval_EvalFrameDefault
5,object.h:646,11.26,_PyEval_EvalFrameDefault
6,dictobject.c:945,5.13,unicodekeys_lookup_unicode
7,unicodeobject.h:282,4.53,unicodekeys_lookup_unicode
8,dictobject.c:928,4.29,unicodekeys_lookup_unicode
9,dictobject.c:964,3.30,unicodekeys_lookup_unicode
10,pycore_dict.h:135,2.51,_PyEval_EvalFrameDefault
11,dictobject.c:956,2.42,unicodekeys_lookup_unicode
12,ceval.c:657,2.26,_PyEval_EvalFrameDefault
13,generated_cases.c.h:2421,2.01,_PyEval_EvalFrameDefault
14,generated_cases.c.h:3067,1.83,_PyEval_EvalFrameDefault
15,bytecodes.c:1852,1.68,_PyEval_EvalFrameDefault
16,pycore_code.h:313,1.66,_PyEval_EvalFrameDefault
17,generated_cases.c.h:107,1.52,_PyEval_EvalFrameDefault
18,bytecodes.c:1856,1.22,_PyEval_EvalFrameDefault
19,bytecodes.c:2692,1.18,_PyEval_EvalFrameDefault
20,bytecodes.c:1828,1.13,_PyEval_EvalFrameDefault
