model,tp,mode,mtp,batch_tag,rank,pool,n_windows,run_id,step_period_us,step_per_second,Step_Schedule_ms,prepare_input_ms,forward_ms,post_process_ms,sample_token_ms,draft_token_ms,async_state_update_ms,Step_Output_ms
qwen3-17b,1,eager,off,e1a,0,a3-21:chip8-15 | n_windows=5 | ranks=1,25,tdb_qwen3-17b_tp1_eager_mtp-off_e1a_20260915T014119Z_5,31915.8,31.33,,1.6377,29.2966,0.0994,0.1728,0.0024,,
qwen3-17b,1,eager,off,m1a,0,a3-21:chip2-7 | n_windows=5 | ranks=1,25,tdb_qwen3-17b_tp1_eager_mtp-off_m1a_20260914T230257Z_5,30991.3,32.27,,1.6047,28.3717,0.0968,0.1749,0.0023,,
qwen3-17b,1,eager,off,w1,0,a3-21:chip2-7 | n_windows=5 | ranks=1,55,tdb_qwen3-17b_tp1_eager_mtp-off_w1_20260914T201524Z_5,41999.5,23.81,0.3107,1.9377,38.3048,0.1389,0.1461,0.0023,,0.0419
qwen3-17b,1,graph,off,e1a,0,a3-21:chip8-15 | n_windows=5 | ranks=1,25,tdb_qwen3-17b_tp1_graph_mtp-off_e1a_20260915T014119Z_4,5491.7,182.09,,1.6029,2.9533,0.1157,0.1607,0.0024,,
qwen3-17b,1,graph,off,m1a,0,a3-21:chip2-7 | n_windows=5 | ranks=1,25,tdb_qwen3-17b_tp1_graph_mtp-off_m1a_20260914T230257Z_4,5636.1,177.43,,1.648,3.0007,0.1179,0.17,0.0024,,
qwen3-17b,1,graph,off,w1,0,a3-21:chip2-7 | n_windows=5 | ranks=1,55,tdb_qwen3-17b_tp1_graph_mtp-off_w1_20260914T201524Z_4,7098.2,140.88,0.3065,1.99,3.4462,0.1705,0.1406,0.0022,,0.0412
qwen35-08b,1,eager,off,e1a,0,a3-21:chip8-15 | n_windows=5 | ranks=1,30,tdb_qwen35-08b_tp1_eager_mtp-off_e1a_20260915T014119Z_2,36051.3,27.74,,2.5981,32.3409,0.1014,0.1819,0.0025,0.0471,
qwen35-08b,1,eager,off,m1a,0,a3-21:chip2-7 | n_windows=5 | ranks=1,30,tdb_qwen35-08b_tp1_eager_mtp-off_m1a_20260914T230257Z_2,37158.5,26.91,,2.7054,33.2883,0.1043,0.1771,0.0025,0.0485,
qwen35-08b,1,eager,off,w1,0,a3-21:chip2-7 | n_windows=5 | ranks=1,60,tdb_qwen35-08b_tp1_eager_mtp-off_w1_20260914T201524Z_2,48312.4,20.7,0.3284,3.2265,43.1546,0.1441,0.1445,0.0024,0.0656,0.042
qwen35-08b,1,eager,on,e1a,0,a3-21:chip8-15 | n_windows=5 | ranks=1,40,tdb_qwen35-08b_tp1_eager_mtp-on_e1a_20260915T014119Z_3,44067.1,22.69,,4.7545,34.502,0.0988,0.4922,3.1538,0.1845,
qwen35-08b,1,eager,on,m1a,0,a3-21:chip2-7 | n_windows=5 | ranks=1,40,tdb_qwen35-08b_tp1_eager_mtp-on_m1a_20260914T230257Z_3,44711.1,22.37,,4.8476,34.9061,0.1041,0.4993,3.2278,0.1867,
qwen35-08b,1,eager,on,w1,0,a3-21:chip2-7 | n_windows=5 | ranks=1,70,tdb_qwen35-08b_tp1_eager_mtp-on_w1_20260914T201524Z_3,59927.5,16.69,0.3314,5.9228,46.9935,0.1465,0.5414,4.2376,0.2356,0.0534
qwen35-08b,1,graph,off,e1a,0,a3-21:chip8-15 | n_windows=5 | ranks=1,30,tdb_qwen35-08b_tp1_graph_mtp-off_e1a_20260915T014119Z_0,4931.9,202.76,,2.9484,0.9133,0.1211,0.1722,0.0026,0.0474,
qwen35-08b,1,graph,off,m1a,0,a3-21:chip2-7 | n_windows=5 | ranks=1,30,tdb_qwen35-08b_tp1_graph_mtp-off_m1a_20260914T230257Z_0,4889.5,204.52,,2.9119,0.8935,0.1188,0.1687,0.0024,0.0466,
qwen35-08b,1,graph,off,w1,0,a3-21:chip2-7 | n_windows=5 | ranks=1,60,tdb_qwen35-08b_tp1_graph_mtp-off_w1_20260914T201524Z_0,6411.3,155.97,0.3933,3.5353,1.0513,0.1301,0.1959,0.0023,0.0501,0.0406
qwen35-08b,1,graph,on,e1a,0,a3-21:chip8-15 | n_windows=5 | ranks=1,35,tdb_qwen35-08b_tp1_graph_mtp-on_e1a_20260915T014119Z_1,10096.8,99.04,,5.608,0.9,0.116,0.4946,1.9791,0.1844,
qwen35-08b,1,graph,on,m1a,0,a3-21:chip2-7 | n_windows=5 | ranks=1,35,tdb_qwen35-08b_tp1_graph_mtp-on_m1a_20260914T230257Z_1,10049.8,99.5,,5.549,0.8985,0.1151,0.4851,1.9716,0.1822,
qwen35-08b,1,graph,on,w1,0,a3-21:chip2-7 | n_windows=5 | ranks=1,65,tdb_qwen35-08b_tp1_graph_mtp-on_w1_20260914T201524Z_1,13072.8,76.49,0.3511,6.8524,1.079,0.1554,0.5735,2.5116,0.2176,0.0523
qwen35-08b,4,eager,off,m4_qwen35-08b_eager_off,0,,30,tdb_qwen35-08b_tp4_eager_mtp-off_m4_qwen35-08b_eager_off_20260915T010438Z_0,44090.6,22.68,,2.8002,37.7787,0.2486,0.123,0.0026,0.0483,
qwen35-08b,4,eager,off,m4_qwen35-08b_eager_off,1,,30,tdb_qwen35-08b_tp4_eager_mtp-off_m4_qwen35-08b_eager_off_20260915T010438Z_0,44090.6,22.68,,2.8129,37.4294,0.2502,0.1098,0.0026,0.0473,
qwen35-08b,4,eager,off,m4_qwen35-08b_eager_off,2,,30,tdb_qwen35-08b_tp4_eager_mtp-off_m4_qwen35-08b_eager_off_20260915T010438Z_0,44166.7,22.64,,2.8643,40.0073,0.2603,0.1164,0.0026,0.0491,
qwen35-08b,4,eager,off,m4_qwen35-08b_eager_off,3,,30,tdb_qwen35-08b_tp4_eager_mtp-off_m4_qwen35-08b_eager_off_20260915T010438Z_0,44090.5,22.68,,2.834,37.6705,0.2462,0.1129,0.0026,0.0483,
qwen35-08b,4,graph,off,m4_qwen35-08b_graph_off,0,,30,tdb_qwen35-08b_tp4_graph_mtp-off_m4_qwen35-08b_graph_off_20260915T005705Z_0,5333.8,187.48,,3.1161,0.9757,0.2759,0.1703,0.0026,0.0469,
qwen35-08b,4,graph,off,m4_qwen35-08b_graph_off,1,,30,tdb_qwen35-08b_tp4_graph_mtp-off_m4_qwen35-08b_graph_off_20260915T005705Z_0,5333.8,187.48,,3.054,1.0982,0.2776,0.1144,0.0025,0.0463,
qwen35-08b,4,graph,off,m4_qwen35-08b_graph_off,2,,30,tdb_qwen35-08b_tp4_graph_mtp-off_m4_qwen35-08b_graph_off_20260915T005705Z_0,5333.8,187.48,,3.0682,1.1256,0.2682,0.1125,0.0023,0.0455,
qwen35-08b,4,graph,off,m4_qwen35-08b_graph_off,3,,30,tdb_qwen35-08b_tp4_graph_mtp-off_m4_qwen35-08b_graph_off_20260915T005705Z_0,5333.8,187.48,,3.0008,1.1756,0.2703,0.1125,0.0024,0.0466,
qwen35-08b,4,graph,off,v4b,0,,6,tdb_qwen35-08b_tp4_graph_mtp-off_v4b_20260914T225423Z_0,5575.5,179.36,,3.2563,1.0371,0.2826,0.1698,0.0024,0.0491,
qwen35-08b,4,graph,off,v4b,1,,6,tdb_qwen35-08b_tp4_graph_mtp-off_v4b_20260914T225423Z_0,5575.4,179.36,,2.8727,1.5303,0.2602,0.1079,0.0023,0.0453,
qwen35-08b,4,graph,off,v4b,2,,6,tdb_qwen35-08b_tp4_graph_mtp-off_v4b_20260914T225423Z_0,5575.5,179.36,,3.1242,1.1632,0.3015,0.1217,0.0026,0.0485,
qwen35-08b,4,graph,off,v4b,3,,6,tdb_qwen35-08b_tp4_graph_mtp-off_v4b_20260914T225423Z_0,5575.4,179.36,,2.9064,1.5142,0.2532,0.1078,0.0023,0.0456,
qwen35-27b,1,eager,off,m1c,0,a3-21:chip2-7 | n_windows=5 | ranks=1,30,tdb_qwen35-27b_tp1_eager_mtp-off_m1c_20260914T235832Z_4,94557.4,10.58,,2.6721,90.4403,0.1021,0.1818,0.0027,0.0491,
qwen35-27b,1,eager,off,w2b,0,a3-21:chip2-7 | n_windows=5 | ranks=1,60,tdb_qwen35-27b_tp1_eager_mtp-off_w2b_20260914T211728Z_4,162836.6,6.14,0.4423,4.1593,155.2856,0.1604,0.2058,0.0027,0.0664,0.0466
qwen35-27b,1,eager,on,m1c,0,a3-21:chip2-7 | n_windows=5 | ranks=1,45,tdb_qwen35-27b_tp1_eager_mtp-on_m1c_20260914T235832Z_5,117239.6,8.53,,5.0536,100.9195,0.1083,0.5368,8.999,0.2016,
qwen35-27b,1,eager,on,w2b,0,a3-21:chip2-7 | n_windows=5 | ranks=1,75,tdb_qwen35-27b_tp1_eager_mtp-on_w2b_20260914T211728Z_5,188128.7,5.32,0.4864,7.4183,161.7268,0.1362,0.718,14.2287,0.3362,0.0594
qwen35-27b,1,graph,off,m1c,0,a3-21:chip2-7 | n_windows=5 | ranks=1,30,tdb_qwen35-27b_tp1_graph_mtp-off_m1c_20260914T235832Z_2,34870.8,28.68,,3.0848,30.6352,0.1288,0.1774,0.0025,0.0473,
qwen35-27b,1,graph,off,w2b,0,a3-21:chip2-7 | n_windows=5 | ranks=1,60,tdb_qwen35-27b_tp1_graph_mtp-off_w2b_20260914T211728Z_2,35002.4,28.57,0.4728,4.4013,28.3159,0.1554,0.1756,0.0026,0.0639,0.0418
qwen35-27b,1,graph,on,e1c,0,a3-21:chip8-15 | n_windows=5 | ranks=1,35,tdb_qwen35-27b_tp1_graph_mtp-on_e1c_20260915T023631Z_3,46197.2,21.65,,35.2708,5.5612,0.1231,0.5115,3.6783,0.1936,
qwen35-27b,1,graph,on,m1c,0,a3-21:chip2-7 | n_windows=5 | ranks=1,35,tdb_qwen35-27b_tp1_graph_mtp-on_m1c_20260914T235832Z_3,46297.5,21.6,,35.2737,5.5475,0.1253,0.5171,3.7691,0.1963,
qwen35-27b,1,graph,on,w2b,0,a3-21:chip2-7 | n_windows=5 | ranks=1,65,tdb_qwen35-27b_tp1_graph_mtp-on_w2b_20260914T211728Z_3,46327.4,21.59,0.4036,33.56,3.8982,0.1844,0.7097,5.5986,0.2788,0.0562
qwen35-2b,1,eager,off,e1b,0,a3-21:chip8-15 | n_windows=5 | ranks=1,30,tdb_qwen35-2b_tp1_eager_mtp-off_e1b_20260915T020833Z_2,36932.1,27.08,,2.7014,33.0888,0.1036,0.1777,0.0025,0.049,
qwen35-2b,1,eager,off,m1b,0,a3-21:chip2-7 | n_windows=5 | ranks=1,30,tdb_qwen35-2b_tp1_eager_mtp-off_m1b_20260914T233006Z_2,37646.9,26.56,,2.6903,33.8025,0.1051,0.1752,0.0027,0.0487,
qwen35-2b,1,eager,off,w2a,0,a3-21:chip2-7 | n_windows=5 | ranks=1,60,tdb_qwen35-2b_tp1_eager_mtp-off_w2a_20260914T204321Z_2,52676.9,18.98,0.3241,3.4866,47.1103,0.1537,0.1637,0.0027,0.0591,0.0462
qwen35-2b,1,eager,on,e1b,0,a3-21:chip8-15 | n_windows=5 | ranks=1,40,tdb_qwen35-2b_tp1_eager_mtp-on_e1b_20260915T020833Z_3,47246.5,21.17,,5.0943,36.9865,0.11,0.5198,3.379,0.1953,
qwen35-2b,1,eager,on,m1b,0,a3-21:chip2-7 | n_windows=5 | ranks=1,40,tdb_qwen35-2b_tp1_eager_mtp-on_m1b_20260914T233006Z_3,45716.7,21.87,,5.0135,35.6816,0.1047,0.5077,3.2929,0.1896,
qwen35-2b,1,eager,on,w2a,0,a3-21:chip2-7 | n_windows=5 | ranks=1,70,tdb_qwen35-2b_tp1_eager_mtp-on_w2a_20260914T204321Z_3,63147.6,15.84,0.3507,6.186,49.6132,0.1539,0.5565,4.4738,0.2522,0.0558
qwen35-2b,1,graph,off,e1b,0,a3-21:chip8-15 | n_windows=5 | ranks=1,30,tdb_qwen35-2b_tp1_graph_mtp-off_e1b_20260915T020833Z_0,5796.5,172.52,,2.7619,1.9893,0.1182,0.1711,0.0025,0.046,
qwen35-2b,1,graph,off,m1b,0,a3-21:chip2-7 | n_windows=5 | ranks=1,30,tdb_qwen35-2b_tp1_graph_mtp-off_m1b_20260914T233006Z_0,5778.4,173.06,,2.8467,1.89,0.1177,0.17,0.0024,0.0466,
qwen35-2b,1,graph,off,w2a,0,a3-21:chip2-7 | n_windows=5 | ranks=1,60,tdb_qwen35-2b_tp1_graph_mtp-off_w2a_20260914T204321Z_0,6426.3,155.61,0.3536,3.5444,1.0621,0.1383,0.1629,0.0025,0.0531,0.0404
qwen35-2b,1,graph,on,e1b,0,a3-21:chip8-15 | n_windows=5 | ranks=1,35,tdb_qwen35-2b_tp1_graph_mtp-on_e1b_20260915T020833Z_1,10737.7,93.13,,6.3354,0.8838,0.115,0.4834,1.9537,0.1824,
qwen35-2b,1,graph,on,m1b,0,a3-21:chip2-7 | n_windows=5 | ranks=1,35,tdb_qwen35-2b_tp1_graph_mtp-on_m1b_20260914T233006Z_1,10818.2,92.44,,6.4307,0.8845,0.1155,0.4816,1.9403,0.1832,
qwen35-2b,1,graph,on,w2a,0,a3-21:chip2-7 | n_windows=5 | ranks=1,65,tdb_qwen35-2b_tp1_graph_mtp-on_w2a_20260914T204321Z_1,13163.0,75.97,0.3712,6.867,1.0988,0.1479,0.5882,2.545,0.2362,0.0537
qwen38-27b,1,eager,off,m1c,0,a3-21:chip2-7 | n_windows=5 | ranks=1,30,tdb_qwen38-27b_tp1_eager_mtp-off_m1c_20260914T235832Z_0,97288.5,10.28,,2.6552,93.1945,0.1015,0.1765,0.0024,0.0479,
qwen38-27b,1,eager,off,w2b,0,a3-21:chip2-7 | n_windows=5 | ranks=1,60,tdb_qwen38-27b_tp1_eager_mtp-off_w2b_20260914T211728Z_0,158668.2,6.3,0.4287,4.0166,151.3668,0.163,0.1918,0.0024,0.0673,0.0461
qwen38-27b,1,eager,on,m1c,0,a3-21:chip2-7 | n_windows=5 | ranks=1,45,tdb_qwen38-27b_tp1_eager_mtp-on_m1c_20260914T235832Z_1,112798.3,8.87,,4.8384,97.3605,0.1027,0.4988,8.5033,0.1859,
qwen38-27b,1,eager,on,w2b,0,a3-21:chip2-7 | n_windows=5 | ranks=1,75,tdb_qwen38-27b_tp1_eager_mtp-on_w2b_20260914T211728Z_1,192499.7,5.19,0.4738,7.3441,166.072,0.1434,0.6913,14.3214,0.3286,0.0572
qwen38-27b,1,graph,off,e1b,0,a3-21:chip8-15 | n_windows=5 | ranks=1,30,tdb_qwen38-27b_tp1_graph_mtp-off_e1b_20260915T020833Z_4,31201.4,32.05,,2.8313,27.2458,0.1257,0.1706,0.0026,0.0466,
qwen38-27b,1,graph,off,m1b,0,a3-21:chip2-7 | n_windows=5 | ranks=1,30,tdb_qwen38-27b_tp1_graph_mtp-off_m1b_20260914T233006Z_4,31291.9,31.96,,2.9291,27.2469,0.1246,0.1778,0.0026,0.0473,
qwen38-27b,1,graph,off,w2a,0,a3-21:chip2-7 | n_windows=5 | ranks=1,60,tdb_qwen38-27b_tp1_graph_mtp-off_w2a_20260914T204321Z_4,31219.0,32.03,0.3984,4.3036,24.6786,0.1682,0.1653,0.0024,0.0796,0.0408
qwen38-27b,1,graph,on,e1b,0,a3-21:chip8-15 | n_windows=5 | ranks=1,35,tdb_qwen38-27b_tp1_graph_mtp-on_e1b_20260915T020833Z_5,42417.9,23.57,,31.4546,5.5273,0.1242,0.5064,3.7524,0.1922,
qwen38-27b,1,graph,on,m1b,0,a3-21:chip2-7 | n_windows=5 | ranks=1,35,tdb_qwen38-27b_tp1_graph_mtp-on_m1b_20260914T233006Z_5,42360.0,23.61,,31.3734,5.5468,0.1241,0.5193,3.7407,0.1936,
qwen38-27b,1,graph,on,w2a,0,a3-21:chip2-7 | n_windows=5 | ranks=1,65,tdb_qwen38-27b_tp1_graph_mtp-on_w2a_20260914T204321Z_5,42444.3,23.56,0.4391,29.205,3.807,0.1897,0.7372,6.0117,0.257,0.057
