model,tp,mode,mtp,pool,batch_tag,n_windows,ranks,throughput_tok_s,throughput_spread_tok_s,throughput_windows,ipc_mean,frontend_bound_mean_pct,backend_bound_mean_pct,ttft_ms,tpot_ms,source_file,throughput_definition
qwen3-17b,TP1,eager,off,a3-21:chip2-7,m1a,5,1,32.48,1.05,5,0.8415,64.54,11.65,,,HIST_PROJECT/reports/mode-campaign-815/per-config.csv,窗口内步数 × tokens/步 ÷ 窗口秒数（由 lite.log 派生，非 e2e 基准）
qwen3-17b,TP1,eager,off,a3-21:chip8-15,e1a,5,1,31.90,0.81,5,0.8190,64.41,12.06,,,HIST_PROJECT/reports/mode-campaign-815/per-config.csv,窗口内步数 × tokens/步 ÷ 窗口秒数（由 lite.log 派生，非 e2e 基准）
qwen3-17b,TP1,eager,off,a3-21:chip2-7,w1,5,1,31.76,0.49,5,0.8008,63.68,13.31,,,HIST_PROJECT/reports/mode-campaign-815/per-config.csv,窗口内步数 × tokens/步 ÷ 窗口秒数（由 lite.log 派生，非 e2e 基准）
qwen3-17b,TP1,graph,off,a3-21:chip2-7,m1a,5,1,176.01,7.60,5,0.8309,63.32,12.71,,,HIST_PROJECT/reports/mode-campaign-815/per-config.csv,窗口内步数 × tokens/步 ÷ 窗口秒数（由 lite.log 派生，非 e2e 基准）
qwen3-17b,TP1,graph,off,a3-21:chip8-15,e1a,5,1,179.09,3.43,5,0.8582,63.28,12.47,,,HIST_PROJECT/reports/mode-campaign-815/per-config.csv,窗口内步数 × tokens/步 ÷ 窗口秒数（由 lite.log 派生，非 e2e 基准）
qwen3-17b,TP1,graph,off,a3-21:chip2-7,w1,5,1,156.35,2.76,5,0.8301,61.78,14.25,,,HIST_PROJECT/reports/mode-campaign-815/per-config.csv,窗口内步数 × tokens/步 ÷ 窗口秒数（由 lite.log 派生，非 e2e 基准）
qwen35-08b,TP1,eager,off,a3-21:chip2-7,m1a,5,1,27.27,1.21,5,0.7932,65.13,11.36,,,HIST_PROJECT/reports/mode-campaign-815/per-config.csv,窗口内步数 × tokens/步 ÷ 窗口秒数（由 lite.log 派生，非 e2e 基准）
qwen35-08b,TP1,eager,off,a3-21:chip8-15,e1a,5,1,27.72,1.27,5,0.8217,65.57,10.68,,,HIST_PROJECT/reports/mode-campaign-815/per-config.csv,窗口内步数 × tokens/步 ÷ 窗口秒数（由 lite.log 派生，非 e2e 基准）
qwen35-08b,TP1,eager,off,a3-21:chip2-7,w1,5,1,27.28,1.02,5,0.7872,65.13,11.88,,,HIST_PROJECT/reports/mode-campaign-815/per-config.csv,窗口内步数 × tokens/步 ÷ 窗口秒数（由 lite.log 派生，非 e2e 基准）
qwen35-08b,TP1,eager,on,a3-21:chip2-7,m1a,5,1,45.39,2.84,5,0.7915,65.54,11.35,,,HIST_PROJECT/reports/mode-campaign-815/per-config.csv,窗口内步数 × tokens/步 ÷ 窗口秒数（由 lite.log 派生，非 e2e 基准）
qwen35-08b,TP1,eager,on,a3-21:chip8-15,e1a,5,1,45.44,3.10,5,0.8013,66.04,10.94,,,HIST_PROJECT/reports/mode-campaign-815/per-config.csv,窗口内步数 × tokens/步 ÷ 窗口秒数（由 lite.log 派生，非 e2e 基准）
qwen35-08b,TP1,eager,on,a3-21:chip2-7,w1,5,1,44.03,0.35,5,0.7558,64.99,12.83,,,HIST_PROJECT/reports/mode-campaign-815/per-config.csv,窗口内步数 × tokens/步 ÷ 窗口秒数（由 lite.log 派生，非 e2e 基准）
qwen35-08b,TP1,graph-draft-eager,on,a3-21:chip8-15,e9a,5,1,173.58,8.87,5,0.6885,67.15,11.78,,,HIST_PROJECT/reports/mode-campaign-815/per-config.csv,窗口内步数 × tokens/步 ÷ 窗口秒数（由 lite.log 派生，非 e2e 基准）
qwen35-08b,TP1,graph,off,a3-21:chip2-7,m1a,5,1,209.39,4.45,5,0.7047,66.28,11.95,,,HIST_PROJECT/reports/mode-campaign-815/per-config.csv,窗口内步数 × tokens/步 ÷ 窗口秒数（由 lite.log 派生，非 e2e 基准）
qwen35-08b,TP1,graph,off,a3-21:chip8-15,e1a,5,1,207.47,7.78,5,0.6975,66.60,11.60,,,HIST_PROJECT/reports/mode-campaign-815/per-config.csv,窗口内步数 × tokens/步 ÷ 窗口秒数（由 lite.log 派生，非 e2e 基准）
qwen35-08b,TP1,graph,off,a3-21:chip2-7,w1,5,1,180.43,1.27,5,0.7057,65.29,12.70,,,HIST_PROJECT/reports/mode-campaign-815/per-config.csv,窗口内步数 × tokens/步 ÷ 窗口秒数（由 lite.log 派生，非 e2e 基准）
qwen35-08b,TP1,graph,on,a3-21:chip2-7,m1a,5,1,201.96,3.51,5,0.7145,66.01,12.46,,,HIST_PROJECT/reports/mode-campaign-815/per-config.csv,窗口内步数 × tokens/步 ÷ 窗口秒数（由 lite.log 派生，非 e2e 基准）
qwen35-08b,TP1,graph,on,a3-21:chip8-15,e1a,5,1,199.93,4.05,5,0.7118,66.46,11.70,,,HIST_PROJECT/reports/mode-campaign-815/per-config.csv,窗口内步数 × tokens/步 ÷ 窗口秒数（由 lite.log 派生，非 e2e 基准）
qwen35-08b,TP1,graph,on,a3-21:chip2-7,w1,5,1,174.20,6.91,5,0.6950,66.01,12.87,,,HIST_PROJECT/reports/mode-campaign-815/per-config.csv,窗口内步数 × tokens/步 ÷ 窗口秒数（由 lite.log 派生，非 e2e 基准）
qwen35-08b,TP4,eager,off,a3-21:chip2-7,m4,20,4,22.57,0.95,20,0.8133,64.98,11.83,,,HIST_PROJECT/reports/mode-campaign-815/per-config.csv,窗口内步数 × tokens/步 ÷ 窗口秒数（由 lite.log 派生，非 e2e 基准）
qwen35-08b,TP4,graph,off,a3-21:chip2-7,m4,20,4,192.17,3.97,20,0.7107,63.82,14.44,,,HIST_PROJECT/reports/mode-campaign-815/per-config.csv,窗口内步数 × tokens/步 ÷ 窗口秒数（由 lite.log 派生，非 e2e 基准）
qwen35-27b,TP1,eager,off,a3-21:chip2-7,m1c,5,1,,,0,0.8522,63.10,12.31,,,HIST_PROJECT/reports/mode-campaign-815/per-config.csv,窗口内步数 × tokens/步 ÷ 窗口秒数（由 lite.log 派生，非 e2e 基准）
qwen35-27b,TP1,eager,off,a3-21:chip8-15,e1c,5,1,10.41,0.53,5,0.8342,62.74,12.52,,,HIST_PROJECT/reports/mode-campaign-815/per-config.csv,窗口内步数 × tokens/步 ÷ 窗口秒数（由 lite.log 派生，非 e2e 基准）
qwen35-27b,TP1,eager,off,a3-21:chip2-7,w2b,5,1,,,0,0.7711,62.92,14.64,,,HIST_PROJECT/reports/mode-campaign-815/per-config.csv,窗口内步数 × tokens/步 ÷ 窗口秒数（由 lite.log 派生，非 e2e 基准）
qwen35-27b,TP1,eager,on,a3-21:chip2-7,m1c,5,1,29.39,0.44,5,0.7939,63.75,13.16,,,HIST_PROJECT/reports/mode-campaign-815/per-config.csv,窗口内步数 × tokens/步 ÷ 窗口秒数（由 lite.log 派生，非 e2e 基准）
qwen35-27b,TP1,eager,on,a3-21:chip8-15,e1c,5,1,29.18,1.16,5,0.8111,64.18,11.94,,,HIST_PROJECT/reports/mode-campaign-815/per-config.csv,窗口内步数 × tokens/步 ÷ 窗口秒数（由 lite.log 派生，非 e2e 基准）
qwen35-27b,TP1,eager,on,a3-21:chip2-7,w2b,5,1,28.33,0.76,5,0.7662,64.50,12.98,,,HIST_PROJECT/reports/mode-campaign-815/per-config.csv,窗口内步数 × tokens/步 ÷ 窗口秒数（由 lite.log 派生，非 e2e 基准）
qwen35-27b,TP1,graph-draft-eager,on,a3-21:chip8-15,e9a,5,1,73.05,0.26,5,1.0219,31.16,46.93,,,HIST_PROJECT/reports/mode-campaign-815/per-config.csv,窗口内步数 × tokens/步 ÷ 窗口秒数（由 lite.log 派生，非 e2e 基准）
qwen35-27b,TP1,graph,off,a3-21:chip2-7,m1c,5,1,28.53,0.18,5,0.7420,55.38,23.50,,,HIST_PROJECT/reports/mode-campaign-815/per-config.csv,窗口内步数 × tokens/步 ÷ 窗口秒数（由 lite.log 派生，非 e2e 基准）
qwen35-27b,TP1,graph,off,a3-21:chip8-15,e1c,5,1,28.66,0.01,5,0.7700,57.57,20.59,,,HIST_PROJECT/reports/mode-campaign-815/per-config.csv,窗口内步数 × tokens/步 ÷ 窗口秒数（由 lite.log 派生，非 e2e 基准）
qwen35-27b,TP1,graph,off,a3-21:chip2-7,w2b,5,1,28.47,0.01,5,0.7481,58.49,19.94,,,HIST_PROJECT/reports/mode-campaign-815/per-config.csv,窗口内步数 × tokens/步 ÷ 窗口秒数（由 lite.log 派生，非 e2e 基准）
qwen35-27b,TP1,graph,on,a3-21:chip2-7,m1c,5,1,72.74,0.37,5,1.0999,23.25,54.81,,,HIST_PROJECT/reports/mode-campaign-815/per-config.csv,窗口内步数 × tokens/步 ÷ 窗口秒数（由 lite.log 派生，非 e2e 基准）
qwen35-27b,TP1,graph,on,a3-21:chip8-15,e1c,5,1,72.76,0.29,5,1.1042,23.06,54.87,,,HIST_PROJECT/reports/mode-campaign-815/per-config.csv,窗口内步数 × tokens/步 ÷ 窗口秒数（由 lite.log 派生，非 e2e 基准）
qwen35-27b,TP1,graph,on,a3-21:chip2-7,w2b,5,1,72.83,0.30,5,1.0672,25.98,52.07,,,HIST_PROJECT/reports/mode-campaign-815/per-config.csv,窗口内步数 × tokens/步 ÷ 窗口秒数（由 lite.log 派生，非 e2e 基准）
qwen35-2b,TP1,eager,off,a3-21:chip2-7,m1b,5,1,27.08,1.91,5,0.7835,64.50,12.44,,,HIST_PROJECT/reports/mode-campaign-815/per-config.csv,窗口内步数 × tokens/步 ÷ 窗口秒数（由 lite.log 派生，非 e2e 基准）
qwen35-2b,TP1,eager,off,a3-21:chip8-15,e1b,5,1,27.92,2.76,5,0.8014,64.24,12.33,,,HIST_PROJECT/reports/mode-campaign-815/per-config.csv,窗口内步数 × tokens/步 ÷ 窗口秒数（由 lite.log 派生，非 e2e 基准）
qwen35-2b,TP1,eager,off,a3-21:chip2-7,w2a,5,1,26.51,1.64,5,0.7221,65.49,13.01,,,HIST_PROJECT/reports/mode-campaign-815/per-config.csv,窗口内步数 × tokens/步 ÷ 窗口秒数（由 lite.log 派生，非 e2e 基准）
qwen35-2b,TP1,eager,on,a3-21:chip2-7,m1b,5,1,43.72,0.93,5,0.7720,64.89,12.11,,,HIST_PROJECT/reports/mode-campaign-815/per-config.csv,窗口内步数 × tokens/步 ÷ 窗口秒数（由 lite.log 派生，非 e2e 基准）
qwen35-2b,TP1,eager,on,a3-21:chip8-15,e1b,5,1,42.71,1.39,5,0.7497,66.28,11.54,,,HIST_PROJECT/reports/mode-campaign-815/per-config.csv,窗口内步数 × tokens/步 ÷ 窗口秒数（由 lite.log 派生，非 e2e 基准）
qwen35-2b,TP1,eager,on,a3-21:chip2-7,w2a,5,1,41.80,0.53,5,0.7171,66.03,12.71,,,HIST_PROJECT/reports/mode-campaign-815/per-config.csv,窗口内步数 × tokens/步 ÷ 窗口秒数（由 lite.log 派生，非 e2e 基准）
qwen35-2b,TP1,graph-draft-eager,on,a3-21:chip8-15,e9a,5,1,169.08,7.86,5,0.6755,67.76,11.48,,,HIST_PROJECT/reports/mode-campaign-815/per-config.csv,窗口内步数 × tokens/步 ÷ 窗口秒数（由 lite.log 派生，非 e2e 基准）
qwen35-2b,TP1,graph,off,a3-21:chip2-7,m1b,5,1,172.05,0.35,5,0.7035,63.71,14.40,,,HIST_PROJECT/reports/mode-campaign-815/per-config.csv,窗口内步数 × tokens/步 ÷ 窗口秒数（由 lite.log 派生，非 e2e 基准）
qwen35-2b,TP1,graph,off,a3-21:chip8-15,e1b,5,1,171.62,0.47,5,0.7164,64.08,14.13,,,HIST_PROJECT/reports/mode-campaign-815/per-config.csv,窗口内步数 × tokens/步 ÷ 窗口秒数（由 lite.log 派生，非 e2e 基准）
qwen35-2b,TP1,graph,off,a3-21:chip2-7,w2a,5,1,162.13,4.47,5,0.7043,65.17,12.87,,,HIST_PROJECT/reports/mode-campaign-815/per-config.csv,窗口内步数 × tokens/步 ÷ 窗口秒数（由 lite.log 派生，非 e2e 基准）
qwen35-2b,TP1,graph,on,a3-21:chip2-7,m1b,5,1,185.13,2.35,5,0.7602,61.70,16.82,,,HIST_PROJECT/reports/mode-campaign-815/per-config.csv,窗口内步数 × tokens/步 ÷ 窗口秒数（由 lite.log 派生，非 e2e 基准）
qwen35-2b,TP1,graph,on,a3-21:chip8-15,e1b,5,1,186.15,0.42,5,0.7526,62.58,15.85,,,HIST_PROJECT/reports/mode-campaign-815/per-config.csv,窗口内步数 × tokens/步 ÷ 窗口秒数（由 lite.log 派生，非 e2e 基准）
qwen35-2b,TP1,graph,on,a3-21:chip2-7,w2a,5,1,166.35,2.70,5,0.6904,66.24,12.67,,,HIST_PROJECT/reports/mode-campaign-815/per-config.csv,窗口内步数 × tokens/步 ÷ 窗口秒数（由 lite.log 派生，非 e2e 基准）
qwen38-27b,TP1,eager,off,a3-21:chip2-7,m1c,5,1,,,0,0.8485,64.28,11.03,,,HIST_PROJECT/reports/mode-campaign-815/per-config.csv,窗口内步数 × tokens/步 ÷ 窗口秒数（由 lite.log 派生，非 e2e 基准）
qwen38-27b,TP1,eager,off,a3-21:chip8-15,e1c,5,1,10.71,0.32,5,0.8724,63.82,11.38,,,HIST_PROJECT/reports/mode-campaign-815/per-config.csv,窗口内步数 × tokens/步 ÷ 窗口秒数（由 lite.log 派生，非 e2e 基准）
qwen38-27b,TP1,eager,off,a3-21:chip2-7,w2b,5,1,,,0,0.8090,63.57,12.92,,,HIST_PROJECT/reports/mode-campaign-815/per-config.csv,窗口内步数 × tokens/步 ÷ 窗口秒数（由 lite.log 派生，非 e2e 基准）
qwen38-27b,TP1,eager,on,a3-21:chip2-7,m1c,5,1,32.53,0.96,5,0.8416,65.02,10.95,,,HIST_PROJECT/reports/mode-campaign-815/per-config.csv,窗口内步数 × tokens/步 ÷ 窗口秒数（由 lite.log 派生，非 e2e 基准）
qwen38-27b,TP1,eager,on,a3-21:chip8-15,e1c,5,1,32.25,1.31,5,0.8326,64.27,11.89,,,HIST_PROJECT/reports/mode-campaign-815/per-config.csv,窗口内步数 × tokens/步 ÷ 窗口秒数（由 lite.log 派生，非 e2e 基准）
qwen38-27b,TP1,eager,on,a3-21:chip2-7,w2b,5,1,30.22,0.62,5,0.7635,63.30,14.24,,,HIST_PROJECT/reports/mode-campaign-815/per-config.csv,窗口内步数 × tokens/步 ÷ 窗口秒数（由 lite.log 派生，非 e2e 基准）
qwen38-27b,TP1,graph-draft-eager,on,a3-21:chip8-15,e9a,5,1,85.78,0.05,5,1.0189,32.76,45.11,,,HIST_PROJECT/reports/mode-campaign-815/per-config.csv,窗口内步数 × tokens/步 ÷ 窗口秒数（由 lite.log 派生，非 e2e 基准）
qwen38-27b,TP1,graph,off,a3-21:chip2-7,m1b,5,1,31.71,0.02,5,0.7594,58.73,19.39,,,HIST_PROJECT/reports/mode-campaign-815/per-config.csv,窗口内步数 × tokens/步 ÷ 窗口秒数（由 lite.log 派生，非 e2e 基准）
qwen38-27b,TP1,graph,off,a3-21:chip8-15,e1b,5,1,31.79,0.02,5,0.7751,57.57,20.66,,,HIST_PROJECT/reports/mode-campaign-815/per-config.csv,窗口内步数 × tokens/步 ÷ 窗口秒数（由 lite.log 派生，非 e2e 基准）
qwen38-27b,TP1,graph,off,a3-21:chip2-7,w2a,5,1,31.84,0.02,5,0.7515,59.33,19.03,,,HIST_PROJECT/reports/mode-campaign-815/per-config.csv,窗口内步数 × tokens/步 ÷ 窗口秒数（由 lite.log 派生，非 e2e 基准）
qwen38-27b,TP1,graph,on,a3-21:chip2-7,m1b,5,1,85.49,0.11,5,1.1015,24.78,52.97,,,HIST_PROJECT/reports/mode-campaign-815/per-config.csv,窗口内步数 × tokens/步 ÷ 窗口秒数（由 lite.log 派生，非 e2e 基准）
qwen38-27b,TP1,graph,on,a3-21:chip8-15,e1b,5,1,85.39,0.06,5,1.0925,24.83,53.10,,,HIST_PROJECT/reports/mode-campaign-815/per-config.csv,窗口内步数 × tokens/步 ÷ 窗口秒数（由 lite.log 派生，非 e2e 基准）
qwen38-27b,TP1,graph,on,a3-21:chip2-7,w2a,5,1,85.52,0.16,5,1.0027,30.45,48.17,,,HIST_PROJECT/reports/mode-campaign-815/per-config.csv,窗口内步数 × tokens/步 ÷ 窗口秒数（由 lite.log 派生，非 e2e 基准）
