run_id,replay,steps_in_window,window_seconds,steps_per_second,throughput_tok_s,tokens_per_step,total_steps_in_log
tdb_qwen3-17b_tp1_eager_mtp-off_e1a_20260915T014119Z_5,replay1,800,25.0,32.0,31.43,0.982,3954
tdb_qwen3-17b_tp1_eager_mtp-off_e1a_20260915T014119Z_5,replay2,797,25.0,31.88,32.123,1.008,3954
tdb_qwen3-17b_tp1_eager_mtp-off_e1a_20260915T014119Z_5,replay3,798,25.0,31.92,32.236,1.01,3954
tdb_qwen3-17b_tp1_eager_mtp-off_e1a_20260915T014119Z_5,replay4,753,25.0,30.12,31.81,1.056,3954
tdb_qwen3-17b_tp1_eager_mtp-off_e1a_20260915T014119Z_5,replay5,777,25.0,31.08,31.898,1.026,3954
tdb_qwen3-17b_tp1_graph_mtp-off_e1a_20260915T014119Z_4,replay1,4489,25.0,179.56,177.22,0.987,22884
tdb_qwen3-17b_tp1_graph_mtp-off_e1a_20260915T014119Z_4,replay2,4602,25.0,184.08,179.029,0.973,22884
tdb_qwen3-17b_tp1_graph_mtp-off_e1a_20260915T014119Z_4,replay3,4540,25.0,181.6,179.245,0.987,22884
tdb_qwen3-17b_tp1_graph_mtp-off_e1a_20260915T014119Z_4,replay4,4539,25.0,181.56,179.323,0.988,22884
tdb_qwen3-17b_tp1_graph_mtp-off_e1a_20260915T014119Z_4,replay5,4598,25.0,183.92,180.652,0.982,22884
tdb_qwen35-08b_tp1_eager_mtp-off_e1a_20260915T014119Z_2,replay1,690,25.0,27.6,26.954,0.977,3500
tdb_qwen35-08b_tp1_eager_mtp-off_e1a_20260915T014119Z_2,replay2,685,25.0,27.4,27.214,0.993,3500
tdb_qwen35-08b_tp1_eager_mtp-off_e1a_20260915T014119Z_2,replay3,691,25.0,27.64,28.219,1.021,3500
tdb_qwen35-08b_tp1_eager_mtp-off_e1a_20260915T014119Z_2,replay4,703,25.0,28.12,28.072,0.998,3500
tdb_qwen35-08b_tp1_eager_mtp-off_e1a_20260915T014119Z_2,replay5,704,25.0,28.16,28.156,1.0,3500
tdb_qwen35-08b_tp1_eager_mtp-on_e1a_20260915T014119Z_3,replay1,559,25.0,22.36,43.89,1.963,2868
tdb_qwen35-08b_tp1_eager_mtp-on_e1a_20260915T014119Z_3,replay2,576,25.0,23.04,46.994,2.04,2868
tdb_qwen35-08b_tp1_eager_mtp-on_e1a_20260915T014119Z_3,replay3,568,25.0,22.72,45.835,2.017,2868
tdb_qwen35-08b_tp1_eager_mtp-on_e1a_20260915T014119Z_3,replay4,583,25.0,23.32,45.163,1.937,2868
tdb_qwen35-08b_tp1_eager_mtp-on_e1a_20260915T014119Z_3,replay5,556,25.0,22.24,45.321,2.038,2868
tdb_qwen35-08b_tp1_graph-draft-eager_mtp-on_e9a_20260915T072029Z_0,replay1,2135,25.0,85.4,172.231,2.017,10638
tdb_qwen35-08b_tp1_graph-draft-eager_mtp-on_e9a_20260915T072029Z_0,replay2,2034,25.0,81.36,168.506,2.071,10638
tdb_qwen35-08b_tp1_graph-draft-eager_mtp-on_e9a_20260915T072029Z_0,replay3,2150,25.0,86.0,177.38,2.063,10638
tdb_qwen35-08b_tp1_graph-draft-eager_mtp-on_e9a_20260915T072029Z_0,replay4,2154,25.0,86.16,176.658,2.05,10638
tdb_qwen35-08b_tp1_graph-draft-eager_mtp-on_e9a_20260915T072029Z_0,replay5,2094,25.0,83.76,173.102,2.067,10638
tdb_qwen35-08b_tp1_graph_mtp-off_e1a_20260915T014119Z_0,replay1,5077,25.0,203.08,207.229,1.02,25467
tdb_qwen35-08b_tp1_graph_mtp-off_e1a_20260915T014119Z_0,replay2,5214,25.0,208.56,212.278,1.018,25467
tdb_qwen35-08b_tp1_graph_mtp-off_e1a_20260915T014119Z_0,replay3,5066,25.0,202.64,207.925,1.026,25467
tdb_qwen35-08b_tp1_graph_mtp-off_e1a_20260915T014119Z_0,replay4,5022,25.0,200.88,205.442,1.023,25467
tdb_qwen35-08b_tp1_graph_mtp-off_e1a_20260915T014119Z_0,replay5,4977,25.0,199.08,204.5,1.027,25467
tdb_qwen35-08b_tp1_graph_mtp-on_e1a_20260915T014119Z_1,replay1,2517,25.0,100.68,199.265,1.979,12452
tdb_qwen35-08b_tp1_graph_mtp-on_e1a_20260915T014119Z_1,replay2,2439,25.0,97.56,197.749,2.027,12452
tdb_qwen35-08b_tp1_graph_mtp-on_e1a_20260915T014119Z_1,replay3,2481,25.0,99.24,200.102,2.016,12452
tdb_qwen35-08b_tp1_graph_mtp-on_e1a_20260915T014119Z_1,replay4,2461,25.0,98.44,201.795,2.05,12452
tdb_qwen35-08b_tp1_graph_mtp-on_e1a_20260915T014119Z_1,replay5,2488,25.0,99.52,200.76,2.017,12452
tdb_qwen35-27b_tp1_eager_mtp-off_e1c_20260915T025312Z_4,replay1,260,25.0,10.4,10.076,0.969,1312
tdb_qwen35-27b_tp1_eager_mtp-off_e1c_20260915T025312Z_4,replay2,254,25.0,10.16,10.24,1.008,1312
tdb_qwen35-27b_tp1_eager_mtp-off_e1c_20260915T025312Z_4,replay3,263,25.0,10.52,10.607,1.008,1312
tdb_qwen35-27b_tp1_eager_mtp-off_e1c_20260915T025312Z_4,replay4,261,25.0,10.44,10.573,1.013,1312
tdb_qwen35-27b_tp1_eager_mtp-off_e1c_20260915T025312Z_4,replay5,260,25.0,10.4,10.554,1.015,1312
tdb_qwen35-27b_tp1_eager_mtp-on_e1c_20260915T025312Z_5,replay1,212,25.0,8.48,28.364,3.345,1110
tdb_qwen35-27b_tp1_eager_mtp-on_e1c_20260915T025312Z_5,replay2,224,25.0,8.96,29.528,3.296,1110
tdb_qwen35-27b_tp1_eager_mtp-on_e1c_20260915T025312Z_5,replay3,223,25.0,8.92,29.371,3.293,1110
tdb_qwen35-27b_tp1_eager_mtp-on_e1c_20260915T025312Z_5,replay4,226,25.0,9.04,29.437,3.256,1110
tdb_qwen35-27b_tp1_eager_mtp-on_e1c_20260915T025312Z_5,replay5,212,25.0,8.48,29.181,3.441,1110
tdb_qwen35-27b_tp1_graph-draft-eager_mtp-on_e9a_20260915T072029Z_3,replay1,542,25.0,21.68,73.185,3.376,2734
tdb_qwen35-27b_tp1_graph-draft-eager_mtp-on_e9a_20260915T072029Z_3,replay2,543,25.0,21.72,73.122,3.367,2734
tdb_qwen35-27b_tp1_graph-draft-eager_mtp-on_e9a_20260915T072029Z_3,replay3,543,25.0,21.72,73.079,3.365,2734
tdb_qwen35-27b_tp1_graph-draft-eager_mtp-on_e9a_20260915T072029Z_3,replay4,543,25.0,21.72,72.924,3.357,2734
tdb_qwen35-27b_tp1_graph-draft-eager_mtp-on_e9a_20260915T072029Z_3,replay5,543,25.0,21.72,72.925,3.357,2734
tdb_qwen35-27b_tp1_graph_mtp-off_e1c_20260915T025312Z_2,replay1,721,25.0,28.84,28.658,0.994,3630
tdb_qwen35-27b_tp1_graph_mtp-off_e1c_20260915T025312Z_2,replay2,721,25.0,28.84,28.664,0.994,3630
tdb_qwen35-27b_tp1_graph_mtp-off_e1c_20260915T025312Z_2,replay3,721,25.0,28.84,28.659,0.994,3630
tdb_qwen35-27b_tp1_graph_mtp-off_e1c_20260915T025312Z_2,replay4,721,25.0,28.84,28.661,0.994,3630
tdb_qwen35-27b_tp1_graph_mtp-off_e1c_20260915T025312Z_2,replay5,721,25.0,28.84,28.663,0.994,3630
tdb_qwen35-27b_tp1_graph_mtp-on_e1c_20260915T025312Z_3,replay1,540,25.0,21.6,72.914,3.376,2726
tdb_qwen35-27b_tp1_graph_mtp-on_e1c_20260915T025312Z_3,replay2,541,25.0,21.64,72.786,3.364,2726
tdb_qwen35-27b_tp1_graph_mtp-on_e1c_20260915T025312Z_3,replay3,541,25.0,21.64,72.832,3.366,2726
tdb_qwen35-27b_tp1_graph_mtp-on_e1c_20260915T025312Z_3,replay4,541,25.0,21.64,72.655,3.357,2726
tdb_qwen35-27b_tp1_graph_mtp-on_e1c_20260915T025312Z_3,replay5,541,25.0,21.64,72.627,3.356,2726
tdb_qwen35-2b_tp1_eager_mtp-off_e1b_20260915T020833Z_2,replay1,686,25.0,27.44,26.379,0.961,3423
tdb_qwen35-2b_tp1_eager_mtp-off_e1b_20260915T020833Z_2,replay2,632,25.0,25.28,28.722,1.136,3423
tdb_qwen35-2b_tp1_eager_mtp-off_e1b_20260915T020833Z_2,replay3,700,25.0,28.0,27.23,0.972,3423
tdb_qwen35-2b_tp1_eager_mtp-off_e1b_20260915T020833Z_2,replay4,667,25.0,26.68,28.144,1.055,3423
tdb_qwen35-2b_tp1_eager_mtp-off_e1b_20260915T020833Z_2,replay5,711,25.0,28.44,29.137,1.024,3423
tdb_qwen35-2b_tp1_eager_mtp-on_e1b_20260915T020833Z_3,replay1,536,25.0,21.44,41.752,1.947,2674
tdb_qwen35-2b_tp1_eager_mtp-on_e1b_20260915T020833Z_3,replay2,536,25.0,21.44,43.13,2.012,2674
tdb_qwen35-2b_tp1_eager_mtp-on_e1b_20260915T020833Z_3,replay3,524,25.0,20.96,42.409,2.023,2674
tdb_qwen35-2b_tp1_eager_mtp-on_e1b_20260915T020833Z_3,replay4,522,25.0,20.88,43.142,2.066,2674
tdb_qwen35-2b_tp1_eager_mtp-on_e1b_20260915T020833Z_3,replay5,533,25.0,21.32,43.136,2.023,2674
tdb_qwen35-2b_tp1_graph-draft-eager_mtp-on_e9a_20260915T072029Z_1,replay1,2058,25.0,82.32,167.919,2.04,10444
tdb_qwen35-2b_tp1_graph-draft-eager_mtp-on_e9a_20260915T072029Z_1,replay2,2103,25.0,84.12,172.727,2.053,10444
tdb_qwen35-2b_tp1_graph-draft-eager_mtp-on_e9a_20260915T072029Z_1,replay3,2020,25.0,80.8,164.864,2.04,10444
tdb_qwen35-2b_tp1_graph-draft-eager_mtp-on_e9a_20260915T072029Z_1,replay4,2080,25.0,83.2,169.11,2.033,10444
tdb_qwen35-2b_tp1_graph-draft-eager_mtp-on_e9a_20260915T072029Z_1,replay5,2125,25.0,85.0,170.784,2.009,10444
tdb_qwen35-2b_tp1_graph_mtp-off_e1b_20260915T020833Z_0,replay1,4308,25.0,172.32,171.382,0.995,21682
tdb_qwen35-2b_tp1_graph_mtp-off_e1b_20260915T020833Z_0,replay2,4316,25.0,172.64,171.689,0.994,21682
tdb_qwen35-2b_tp1_graph_mtp-off_e1b_20260915T020833Z_0,replay3,4315,25.0,172.6,171.683,0.995,21682
tdb_qwen35-2b_tp1_graph_mtp-off_e1b_20260915T020833Z_0,replay4,4319,25.0,172.76,171.85,0.995,21682
tdb_qwen35-2b_tp1_graph_mtp-off_e1b_20260915T020833Z_0,replay5,4311,25.0,172.44,171.501,0.995,21682
tdb_qwen35-2b_tp1_graph_mtp-on_e1b_20260915T020833Z_1,replay1,2330,25.0,93.2,186.325,1.999,11705
tdb_qwen35-2b_tp1_graph_mtp-on_e1b_20260915T020833Z_1,replay2,2329,25.0,93.16,186.297,2.0,11705
tdb_qwen35-2b_tp1_graph_mtp-on_e1b_20260915T020833Z_1,replay3,2332,25.0,93.28,186.275,1.997,11705
tdb_qwen35-2b_tp1_graph_mtp-on_e1b_20260915T020833Z_1,replay4,2328,25.0,93.12,185.969,1.997,11705
tdb_qwen35-2b_tp1_graph_mtp-on_e1b_20260915T020833Z_1,replay5,2328,25.0,93.12,185.906,1.996,11705
tdb_qwen38-27b_tp1_eager_mtp-off_e1c_20260915T025312Z_0,replay1,267,25.0,10.68,10.497,0.983,1341
tdb_qwen38-27b_tp1_eager_mtp-off_e1c_20260915T025312Z_0,replay2,262,25.0,10.48,10.696,1.021,1341
tdb_qwen38-27b_tp1_eager_mtp-off_e1c_20260915T025312Z_0,replay3,265,25.0,10.6,10.787,1.018,1341
tdb_qwen38-27b_tp1_eager_mtp-off_e1c_20260915T025312Z_0,replay4,268,25.0,10.72,10.819,1.009,1341
tdb_qwen38-27b_tp1_eager_mtp-off_e1c_20260915T025312Z_0,replay5,265,25.0,10.6,10.73,1.012,1341
tdb_qwen38-27b_tp1_eager_mtp-on_e1c_20260915T025312Z_1,replay1,222,25.0,8.88,31.396,3.536,1119
tdb_qwen38-27b_tp1_eager_mtp-on_e1c_20260915T025312Z_1,replay2,222,25.0,8.88,32.706,3.683,1119
tdb_qwen38-27b_tp1_eager_mtp-on_e1c_20260915T025312Z_1,replay3,219,25.0,8.76,31.958,3.648,1119
tdb_qwen38-27b_tp1_eager_mtp-on_e1c_20260915T025312Z_1,replay4,219,25.0,8.76,32.615,3.723,1119
tdb_qwen38-27b_tp1_eager_mtp-on_e1c_20260915T025312Z_1,replay5,222,25.0,8.88,32.557,3.666,1119
tdb_qwen38-27b_tp1_graph-draft-eager_mtp-on_e9a_20260915T072029Z_2,replay1,591,25.0,23.64,85.754,3.628,2983
tdb_qwen38-27b_tp1_graph-draft-eager_mtp-on_e9a_20260915T072029Z_2,replay2,592,25.0,23.68,85.782,3.623,2983
tdb_qwen38-27b_tp1_graph-draft-eager_mtp-on_e9a_20260915T072029Z_2,replay3,592,25.0,23.68,85.808,3.624,2983
tdb_qwen38-27b_tp1_graph-draft-eager_mtp-on_e9a_20260915T072029Z_2,replay4,592,25.0,23.68,85.762,3.622,2983
tdb_qwen38-27b_tp1_graph-draft-eager_mtp-on_e9a_20260915T072029Z_2,replay5,592,25.0,23.68,85.778,3.622,2983
tdb_qwen38-27b_tp1_graph_mtp-off_e1b_20260915T020833Z_4,replay1,801,25.0,32.04,31.784,0.992,4036
tdb_qwen38-27b_tp1_graph_mtp-off_e1b_20260915T020833Z_4,replay2,802,25.0,32.08,31.791,0.991,4036
tdb_qwen38-27b_tp1_graph_mtp-off_e1b_20260915T020833Z_4,replay3,801,25.0,32.04,31.782,0.992,4036
tdb_qwen38-27b_tp1_graph_mtp-off_e1b_20260915T020833Z_4,replay4,801,25.0,32.04,31.785,0.992,4036
tdb_qwen38-27b_tp1_graph_mtp-off_e1b_20260915T020833Z_4,replay5,802,25.0,32.08,31.801,0.991,4036
tdb_qwen38-27b_tp1_graph_mtp-on_e1b_20260915T020833Z_5,replay1,589,25.0,23.56,85.431,3.626,2970
tdb_qwen38-27b_tp1_graph_mtp-on_e1b_20260915T020833Z_5,replay2,590,25.0,23.6,85.382,3.618,2970
tdb_qwen38-27b_tp1_graph_mtp-on_e1b_20260915T020833Z_5,replay3,590,25.0,23.6,85.399,3.619,2970
tdb_qwen38-27b_tp1_graph_mtp-on_e1b_20260915T020833Z_5,replay4,590,25.0,23.6,85.376,3.618,2970
tdb_qwen38-27b_tp1_graph_mtp-on_e1b_20260915T020833Z_5,replay5,589,25.0,23.56,85.366,3.623,2970
