model,tp,mode,mtp,rank,n_windows,frontend_bound_mean_pct,frontend_spread_pct,bad_spec_mean_pct,retiring_mean_pct,backend_bound_mean_pct,backend_spread_pct,ipc_mean,n_runs,source_file,instrument
qwen3-17b,tp1,graph,off,0,6,60.12,1.68,10.32,14.83,14.73,1.18,0.890,3,HIST_PROJECT/reports/topdown-campaign/per-config-rank.csv,"perf stat -t <worker main TID> -e r08,r2011,r11,r1b"
qwen3-17b,tp2,graph,off,0,5,60.34,0.18,10.19,14.44,15.03,1.24,0.867,2,HIST_PROJECT/reports/topdown-campaign/per-config-rank.csv,"perf stat -t <worker main TID> -e r08,r2011,r11,r1b"
qwen3-17b,tp2,graph,off,1,5,60.49,0.93,10.20,14.62,14.69,2.08,0.877,2,HIST_PROJECT/reports/topdown-campaign/per-config-rank.csv,"perf stat -t <worker main TID> -e r08,r2011,r11,r1b"
qwen3-17b,tp4,graph,off,0,5,62.19,3.47,10.06,14.57,13.18,3.33,0.874,2,HIST_PROJECT/reports/topdown-campaign/per-config-rank.csv,"perf stat -t <worker main TID> -e r08,r2011,r11,r1b"
qwen3-17b,tp4,graph,off,1,5,61.76,2.74,10.00,14.52,13.72,1.85,0.871,2,HIST_PROJECT/reports/topdown-campaign/per-config-rank.csv,"perf stat -t <worker main TID> -e r08,r2011,r11,r1b"
qwen3-17b,tp4,graph,off,2,5,60.85,2.92,10.25,14.66,14.24,3.61,0.879,2,HIST_PROJECT/reports/topdown-campaign/per-config-rank.csv,"perf stat -t <worker main TID> -e r08,r2011,r11,r1b"
qwen3-17b,tp4,graph,off,3,5,61.63,2.10,10.01,14.70,13.66,1.63,0.882,2,HIST_PROJECT/reports/topdown-campaign/per-config-rank.csv,"perf stat -t <worker main TID> -e r08,r2011,r11,r1b"
qwen35-08b,tp1,graph,off,0,6,65.00,5.26,10.69,12.59,11.73,3.54,0.755,3,HIST_PROJECT/reports/topdown-campaign/per-config-rank.csv,"perf stat -t <worker main TID> -e r08,r2011,r11,r1b"
qwen35-08b,tp1,graph,on,0,3,67.81,0.82,9.70,12.69,9.80,1.13,0.761,1,HIST_PROJECT/reports/topdown-campaign/per-config-rank.csv,"perf stat -t <worker main TID> -e r08,r2011,r11,r1b"
qwen35-08b,tp2,graph,off,0,5,62.48,0.89,10.17,12.02,15.33,0.87,0.721,2,HIST_PROJECT/reports/topdown-campaign/per-config-rank.csv,"perf stat -t <worker main TID> -e r08,r2011,r11,r1b"
qwen35-08b,tp2,graph,off,1,5,63.75,1.86,9.95,12.08,14.22,2.00,0.725,2,HIST_PROJECT/reports/topdown-campaign/per-config-rank.csv,"perf stat -t <worker main TID> -e r08,r2011,r11,r1b"
qwen35-08b,tp4,graph,off,0,5,64.20,1.22,10.09,11.98,13.73,1.22,0.719,2,HIST_PROJECT/reports/topdown-campaign/per-config-rank.csv,"perf stat -t <worker main TID> -e r08,r2011,r11,r1b"
qwen35-08b,tp4,graph,off,1,5,62.65,4.30,9.81,12.33,15.20,4.22,0.740,2,HIST_PROJECT/reports/topdown-campaign/per-config-rank.csv,"perf stat -t <worker main TID> -e r08,r2011,r11,r1b"
qwen35-08b,tp4,graph,off,2,5,59.99,3.83,9.30,13.16,17.54,3.37,0.790,2,HIST_PROJECT/reports/topdown-campaign/per-config-rank.csv,"perf stat -t <worker main TID> -e r08,r2011,r11,r1b"
qwen35-08b,tp4,graph,off,3,5,63.28,1.68,9.98,12.23,14.51,1.28,0.734,2,HIST_PROJECT/reports/topdown-campaign/per-config-rank.csv,"perf stat -t <worker main TID> -e r08,r2011,r11,r1b"
qwen35-08b,tp4,graph,on,0,5,64.42,1.68,10.05,12.01,13.52,0.42,0.721,2,HIST_PROJECT/reports/topdown-campaign/per-config-rank.csv,"perf stat -t <worker main TID> -e r08,r2011,r11,r1b"
qwen35-08b,tp4,graph,on,1,5,62.61,6.79,9.19,12.68,15.52,6.58,0.761,2,HIST_PROJECT/reports/topdown-campaign/per-config-rank.csv,"perf stat -t <worker main TID> -e r08,r2011,r11,r1b"
qwen35-08b,tp4,graph,on,2,5,63.22,9.55,9.20,12.65,14.93,9.06,0.759,2,HIST_PROJECT/reports/topdown-campaign/per-config-rank.csv,"perf stat -t <worker main TID> -e r08,r2011,r11,r1b"
qwen35-08b,tp4,graph,on,3,5,65.78,4.77,9.24,11.83,13.15,5.40,0.710,2,HIST_PROJECT/reports/topdown-campaign/per-config-rank.csv,"perf stat -t <worker main TID> -e r08,r2011,r11,r1b"
qwen35-27b,tp1,graph,off,0,6,55.99,3.28,9.41,13.48,21.11,3.57,0.809,3,HIST_PROJECT/reports/topdown-campaign/per-config-rank.csv,"perf stat -t <worker main TID> -e r08,r2011,r11,r1b"
qwen35-27b,tp1,graph,on,0,6,21.07,0.36,3.64,18.62,56.66,0.31,1.117,3,HIST_PROJECT/reports/topdown-campaign/per-config-rank.csv,"perf stat -t <worker main TID> -e r08,r2011,r11,r1b"
qwen35-27b,tp2,graph,off,0,6,59.01,3.56,9.29,12.98,18.71,3.43,0.779,3,HIST_PROJECT/reports/topdown-campaign/per-config-rank.csv,"perf stat -t <worker main TID> -e r08,r2011,r11,r1b"
qwen35-27b,tp2,graph,off,1,5,58.28,1.92,9.10,13.22,19.40,1.38,0.793,2,HIST_PROJECT/reports/topdown-campaign/per-config-rank.csv,"perf stat -t <worker main TID> -e r08,r2011,r11,r1b"
qwen35-27b,tp2,graph,on,0,5,28.71,2.66,4.59,17.40,49.29,1.98,1.044,2,HIST_PROJECT/reports/topdown-campaign/per-config-rank.csv,"perf stat -t <worker main TID> -e r08,r2011,r11,r1b"
qwen35-27b,tp2,graph,on,1,5,28.38,2.28,4.65,17.93,49.04,2.33,1.076,2,HIST_PROJECT/reports/topdown-campaign/per-config-rank.csv,"perf stat -t <worker main TID> -e r08,r2011,r11,r1b"
qwen35-27b,tp4,graph,off,0,5,62.01,1.40,9.16,12.37,16.46,2.22,0.742,2,HIST_PROJECT/reports/topdown-campaign/per-config-rank.csv,"perf stat -t <worker main TID> -e r08,r2011,r11,r1b"
qwen35-27b,tp4,graph,off,1,5,61.10,3.06,9.18,12.73,16.99,2.17,0.764,2,HIST_PROJECT/reports/topdown-campaign/per-config-rank.csv,"perf stat -t <worker main TID> -e r08,r2011,r11,r1b"
qwen35-27b,tp4,graph,off,2,5,60.97,2.67,9.40,12.91,16.72,2.92,0.775,2,HIST_PROJECT/reports/topdown-campaign/per-config-rank.csv,"perf stat -t <worker main TID> -e r08,r2011,r11,r1b"
qwen35-27b,tp4,graph,off,3,5,61.15,2.00,9.44,12.63,16.79,1.24,0.758,2,HIST_PROJECT/reports/topdown-campaign/per-config-rank.csv,"perf stat -t <worker main TID> -e r08,r2011,r11,r1b"
qwen35-27b,tp4,graph,on,0,5,38.03,1.19,5.65,16.25,40.06,1.26,0.975,2,HIST_PROJECT/reports/topdown-campaign/per-config-rank.csv,"perf stat -t <worker main TID> -e r08,r2011,r11,r1b"
qwen35-27b,tp4,graph,on,1,5,36.97,1.21,5.53,16.65,40.84,1.07,0.999,2,HIST_PROJECT/reports/topdown-campaign/per-config-rank.csv,"perf stat -t <worker main TID> -e r08,r2011,r11,r1b"
qwen35-27b,tp4,graph,on,2,5,37.87,3.68,5.38,16.51,40.24,2.67,0.991,2,HIST_PROJECT/reports/topdown-campaign/per-config-rank.csv,"perf stat -t <worker main TID> -e r08,r2011,r11,r1b"
qwen35-27b,tp4,graph,on,3,5,37.14,3.97,5.25,16.61,40.99,3.11,0.997,2,HIST_PROJECT/reports/topdown-campaign/per-config-rank.csv,"perf stat -t <worker main TID> -e r08,r2011,r11,r1b"
qwen35-2b,tp1,graph,off,0,6,62.59,1.90,10.55,12.46,14.40,1.31,0.747,3,HIST_PROJECT/reports/topdown-campaign/per-config-rank.csv,"perf stat -t <worker main TID> -e r08,r2011,r11,r1b"
qwen35-2b,tp1,graph,on,0,5,59.53,2.27,8.86,13.15,18.46,1.83,0.789,2,HIST_PROJECT/reports/topdown-campaign/per-config-rank.csv,"perf stat -t <worker main TID> -e r08,r2011,r11,r1b"
qwen35-2b,tp2,graph,off,0,6,62.57,5.01,10.50,12.09,14.83,4.65,0.726,3,HIST_PROJECT/reports/topdown-campaign/per-config-rank.csv,"perf stat -t <worker main TID> -e r08,r2011,r11,r1b"
qwen35-2b,tp2,graph,off,1,5,63.40,1.42,10.12,12.29,14.19,2.28,0.738,2,HIST_PROJECT/reports/topdown-campaign/per-config-rank.csv,"perf stat -t <worker main TID> -e r08,r2011,r11,r1b"
qwen35-2b,tp2,graph,on,0,5,64.14,2.96,9.64,12.26,13.95,3.41,0.736,2,HIST_PROJECT/reports/topdown-campaign/per-config-rank.csv,"perf stat -t <worker main TID> -e r08,r2011,r11,r1b"
qwen35-2b,tp2,graph,on,1,5,64.10,1.37,9.80,12.27,13.82,1.62,0.736,2,HIST_PROJECT/reports/topdown-campaign/per-config-rank.csv,"perf stat -t <worker main TID> -e r08,r2011,r11,r1b"
qwen35-2b,tp4,graph,off,0,5,64.92,2.37,10.14,12.16,12.77,2.98,0.730,2,HIST_PROJECT/reports/topdown-campaign/per-config-rank.csv,"perf stat -t <worker main TID> -e r08,r2011,r11,r1b"
qwen35-2b,tp4,graph,off,1,5,63.12,3.27,9.97,12.53,14.38,4.25,0.752,2,HIST_PROJECT/reports/topdown-campaign/per-config-rank.csv,"perf stat -t <worker main TID> -e r08,r2011,r11,r1b"
qwen35-2b,tp4,graph,off,2,5,62.96,2.95,9.64,12.60,14.79,4.10,0.756,2,HIST_PROJECT/reports/topdown-campaign/per-config-rank.csv,"perf stat -t <worker main TID> -e r08,r2011,r11,r1b"
qwen35-2b,tp4,graph,off,3,5,63.16,3.44,10.05,12.48,14.31,4.45,0.749,2,HIST_PROJECT/reports/topdown-campaign/per-config-rank.csv,"perf stat -t <worker main TID> -e r08,r2011,r11,r1b"
qwen35-2b,tp4,graph,on,0,5,65.40,5.97,9.02,12.06,13.52,4.41,0.724,2,HIST_PROJECT/reports/topdown-campaign/per-config-rank.csv,"perf stat -t <worker main TID> -e r08,r2011,r11,r1b"
qwen35-2b,tp4,graph,on,1,5,64.64,3.00,9.46,12.10,13.81,2.73,0.726,2,HIST_PROJECT/reports/topdown-campaign/per-config-rank.csv,"perf stat -t <worker main TID> -e r08,r2011,r11,r1b"
qwen35-2b,tp4,graph,on,2,5,63.20,3.73,9.11,12.72,14.97,3.00,0.763,2,HIST_PROJECT/reports/topdown-campaign/per-config-rank.csv,"perf stat -t <worker main TID> -e r08,r2011,r11,r1b"
qwen35-2b,tp4,graph,on,3,5,63.76,6.78,9.24,12.27,14.74,6.06,0.736,2,HIST_PROJECT/reports/topdown-campaign/per-config-rank.csv,"perf stat -t <worker main TID> -e r08,r2011,r11,r1b"
qwen38-27b,tp1,graph,off,0,6,56.50,7.92,9.29,13.47,20.75,8.77,0.808,3,HIST_PROJECT/reports/topdown-campaign/per-config-rank.csv,"perf stat -t <worker main TID> -e r08,r2011,r11,r1b"
qwen38-27b,tp1,graph,on,0,6,23.16,0.98,3.94,18.43,54.47,1.21,1.106,3,HIST_PROJECT/reports/topdown-campaign/per-config-rank.csv,"perf stat -t <worker main TID> -e r08,r2011,r11,r1b"
qwen38-27b,tp2,graph,off,0,5,59.52,5.25,9.18,12.85,18.44,4.04,0.771,2,HIST_PROJECT/reports/topdown-campaign/per-config-rank.csv,"perf stat -t <worker main TID> -e r08,r2011,r11,r1b"
qwen38-27b,tp2,graph,off,1,5,58.41,3.25,9.24,13.20,19.15,2.13,0.792,2,HIST_PROJECT/reports/topdown-campaign/per-config-rank.csv,"perf stat -t <worker main TID> -e r08,r2011,r11,r1b"
qwen38-27b,tp2,graph,on,0,5,30.91,3.56,4.68,17.46,46.96,2.57,1.047,2,HIST_PROJECT/reports/topdown-campaign/per-config-rank.csv,"perf stat -t <worker main TID> -e r08,r2011,r11,r1b"
qwen38-27b,tp2,graph,on,1,5,29.58,0.69,4.70,17.69,48.03,0.73,1.062,2,HIST_PROJECT/reports/topdown-campaign/per-config-rank.csv,"perf stat -t <worker main TID> -e r08,r2011,r11,r1b"
qwen38-27b,tp4,graph,off,0,5,59.79,7.15,9.46,12.60,18.14,8.81,0.756,2,HIST_PROJECT/reports/topdown-campaign/per-config-rank.csv,"perf stat -t <worker main TID> -e r08,r2011,r11,r1b"
qwen38-27b,tp4,graph,off,1,5,60.62,0.67,9.58,12.79,17.01,1.08,0.768,2,HIST_PROJECT/reports/topdown-campaign/per-config-rank.csv,"perf stat -t <worker main TID> -e r08,r2011,r11,r1b"
qwen38-27b,tp4,graph,off,2,5,60.88,2.35,9.36,13.08,16.68,3.03,0.785,2,HIST_PROJECT/reports/topdown-campaign/per-config-rank.csv,"perf stat -t <worker main TID> -e r08,r2011,r11,r1b"
qwen38-27b,tp4,graph,off,3,5,60.91,1.88,9.36,13.02,16.72,2.35,0.781,2,HIST_PROJECT/reports/topdown-campaign/per-config-rank.csv,"perf stat -t <worker main TID> -e r08,r2011,r11,r1b"
qwen38-27b,tp4,graph,on,0,5,38.90,1.74,5.85,16.30,38.95,1.22,0.978,2,HIST_PROJECT/reports/topdown-campaign/per-config-rank.csv,"perf stat -t <worker main TID> -e r08,r2011,r11,r1b"
qwen38-27b,tp4,graph,on,1,5,38.70,3.68,5.46,16.38,39.46,2.95,0.983,2,HIST_PROJECT/reports/topdown-campaign/per-config-rank.csv,"perf stat -t <worker main TID> -e r08,r2011,r11,r1b"
qwen38-27b,tp4,graph,on,2,5,38.12,2.22,5.61,16.49,39.77,1.84,0.990,2,HIST_PROJECT/reports/topdown-campaign/per-config-rank.csv,"perf stat -t <worker main TID> -e r08,r2011,r11,r1b"
qwen38-27b,tp4,graph,on,3,5,38.06,1.18,5.74,16.43,39.77,0.90,0.986,2,HIST_PROJECT/reports/topdown-campaign/per-config-rank.csv,"perf stat -t <worker main TID> -e r08,r2011,r11,r1b"
qwen3next-80b,tp2,graph,off,0,5,58.13,2.20,9.33,13.03,19.50,2.37,0.782,2,HIST_PROJECT/reports/topdown-campaign/per-config-rank.csv,"perf stat -t <worker main TID> -e r08,r2011,r11,r1b"
qwen3next-80b,tp2,graph,off,1,5,57.06,3.91,9.09,13.13,20.72,2.78,0.788,2,HIST_PROJECT/reports/topdown-campaign/per-config-rank.csv,"perf stat -t <worker main TID> -e r08,r2011,r11,r1b"
qwen3next-80b,tp4,graph,off,0,5,59.22,2.20,8.99,12.69,19.11,2.32,0.761,2,HIST_PROJECT/reports/topdown-campaign/per-config-rank.csv,"perf stat -t <worker main TID> -e r08,r2011,r11,r1b"
qwen3next-80b,tp4,graph,off,1,5,58.71,2.42,8.92,12.73,19.64,2.87,0.764,2,HIST_PROJECT/reports/topdown-campaign/per-config-rank.csv,"perf stat -t <worker main TID> -e r08,r2011,r11,r1b"
qwen3next-80b,tp4,graph,off,2,5,58.91,2.59,8.85,12.75,19.50,3.19,0.765,2,HIST_PROJECT/reports/topdown-campaign/per-config-rank.csv,"perf stat -t <worker main TID> -e r08,r2011,r11,r1b"
qwen3next-80b,tp4,graph,off,3,5,59.04,2.69,9.05,12.78,19.13,2.80,0.767,2,HIST_PROJECT/reports/topdown-campaign/per-config-rank.csv,"perf stat -t <worker main TID> -e r08,r2011,r11,r1b"
qwen3next-80b,tp4,graph,on,0,5,35.59,2.23,5.30,16.77,42.34,1.95,1.006,2,HIST_PROJECT/reports/topdown-campaign/per-config-rank.csv,"perf stat -t <worker main TID> -e r08,r2011,r11,r1b"
qwen3next-80b,tp4,graph,on,1,5,34.04,2.41,5.02,17.12,43.82,1.60,1.027,2,HIST_PROJECT/reports/topdown-campaign/per-config-rank.csv,"perf stat -t <worker main TID> -e r08,r2011,r11,r1b"
qwen3next-80b,tp4,graph,on,2,5,34.80,4.06,5.12,17.03,43.05,2.95,1.022,2,HIST_PROJECT/reports/topdown-campaign/per-config-rank.csv,"perf stat -t <worker main TID> -e r08,r2011,r11,r1b"
qwen3next-80b,tp4,graph,on,3,5,36.11,2.13,5.03,16.78,42.07,1.59,1.007,2,HIST_PROJECT/reports/topdown-campaign/per-config-rank.csv,"perf stat -t <worker main TID> -e r08,r2011,r11,r1b"
