config_id,model,tp,mode,mtp,rank_count,n_windows,frontend_bound_mean_pct,bad_spec_mean_pct,retiring_mean_pct,backend_bound_mean_pct,ipc_mean,throughput_tok_s,throughput_spread,lite_log_lines,source_file
qwen3-17b.tp1.eager.mtp-off,qwen3-17b,TP1,eager,off,1,5,64.54,9.78,14.03,11.65,0.8415,32.48,1.05,56957,HIST_PROJECT/reports/mode-campaign-815/per-config.csv
qwen3-17b.tp1.eager.mtp-off,qwen3-17b,TP1,eager,off,1,5,64.41,9.88,13.65,12.06,0.8190,31.90,0.81,55361,HIST_PROJECT/reports/mode-campaign-815/per-config.csv
qwen3-17b.tp1.eager.mtp-off,qwen3-17b,TP1,eager,off,1,5,63.68,9.66,13.35,13.31,0.8008,31.76,0.49,42033,HIST_PROJECT/reports/mode-campaign-815/per-config.csv
qwen3-17b.tp1.graph.mtp-off,qwen3-17b,TP1,graph,off,1,5,63.32,10.13,13.85,12.71,0.8309,176.01,7.60,312261,HIST_PROJECT/reports/mode-campaign-815/per-config.csv
qwen3-17b.tp1.graph.mtp-off,qwen3-17b,TP1,graph,off,1,5,63.28,9.94,14.30,12.47,0.8582,179.09,3.43,320381,HIST_PROJECT/reports/mode-campaign-815/per-config.csv
qwen3-17b.tp1.graph.mtp-off,qwen3-17b,TP1,graph,off,1,5,61.78,10.14,13.83,14.25,0.8301,156.35,2.76,247847,HIST_PROJECT/reports/mode-campaign-815/per-config.csv
qwen35-08b.tp1.eager.mtp-off,qwen35-08b,TP1,eager,off,1,5,65.13,10.30,13.22,11.36,0.7932,27.27,1.21,50990,HIST_PROJECT/reports/mode-campaign-815/per-config.csv
qwen35-08b.tp1.eager.mtp-off,qwen35-08b,TP1,eager,off,1,5,65.57,10.06,13.69,10.68,0.8217,27.72,1.27,52505,HIST_PROJECT/reports/mode-campaign-815/per-config.csv
qwen35-08b.tp1.eager.mtp-off,qwen35-08b,TP1,eager,off,1,5,65.13,9.87,13.12,11.88,0.7872,27.28,1.02,39140,HIST_PROJECT/reports/mode-campaign-815/per-config.csv
qwen35-08b.tp1.eager.mtp-on,qwen35-08b,TP1,eager,on,1,5,65.54,9.91,13.19,11.35,0.7915,45.39,2.84,48047,HIST_PROJECT/reports/mode-campaign-815/per-config.csv
qwen35-08b.tp1.eager.mtp-on,qwen35-08b,TP1,eager,on,1,5,66.04,9.66,13.35,10.94,0.8013,45.44,3.10,48761,HIST_PROJECT/reports/mode-campaign-815/per-config.csv
qwen35-08b.tp1.eager.mtp-on,qwen35-08b,TP1,eager,on,1,5,64.99,9.58,12.60,12.83,0.7558,44.03,0.35,35773,HIST_PROJECT/reports/mode-campaign-815/per-config.csv
qwen35-08b.tp1.graph-draft-eager.mtp-on,qwen35-08b,TP1,graph-draft-eager,on,1,5,67.15,9.59,11.47,11.78,0.6885,173.58,8.87,180851,HIST_PROJECT/reports/mode-campaign-815/per-config.csv
qwen35-08b.tp1.graph.mtp-off,qwen35-08b,TP1,graph,off,1,5,66.28,10.03,11.75,11.95,0.7047,209.39,4.45,385415,HIST_PROJECT/reports/mode-campaign-815/per-config.csv
qwen35-08b.tp1.graph.mtp-off,qwen35-08b,TP1,graph,off,1,5,66.60,10.17,11.62,11.60,0.6975,207.47,7.78,382010,HIST_PROJECT/reports/mode-campaign-815/per-config.csv
qwen35-08b.tp1.graph.mtp-off,qwen35-08b,TP1,graph,off,1,5,65.29,10.25,11.76,12.70,0.7057,180.43,1.27,293795,HIST_PROJECT/reports/mode-campaign-815/per-config.csv
qwen35-08b.tp1.graph.mtp-on,qwen35-08b,TP1,graph,on,1,5,66.01,9.62,11.91,12.46,0.7145,201.96,3.51,200085,HIST_PROJECT/reports/mode-campaign-815/per-config.csv
qwen35-08b.tp1.graph.mtp-on,qwen35-08b,TP1,graph,on,1,5,66.46,9.98,11.86,11.70,0.7118,199.93,4.05,199237,HIST_PROJECT/reports/mode-campaign-815/per-config.csv
qwen35-08b.tp1.graph.mtp-on,qwen35-08b,TP1,graph,on,1,5,66.01,9.54,11.58,12.87,0.6950,174.20,6.91,153829,HIST_PROJECT/reports/mode-campaign-815/per-config.csv
qwen35-08b.tp4.eager.mtp-off,qwen35-08b,TP4,eager,off,4,20,64.98,9.63,13.56,11.83,0.8133,22.57,0.95,94565,HIST_PROJECT/reports/mode-campaign-815/per-config.csv
qwen35-08b.tp4.graph.mtp-off,qwen35-08b,TP4,graph,off,4,20,63.82,9.89,11.85,14.44,0.7107,192.17,3.97,779778,HIST_PROJECT/reports/mode-campaign-815/per-config.csv
qwen35-27b.tp1.eager.mtp-off,qwen35-27b,TP1,eager,off,1,5,63.10,10.39,14.20,12.31,0.8522,,,20150,HIST_PROJECT/reports/mode-campaign-815/per-config.csv
qwen35-27b.tp1.eager.mtp-off,qwen35-27b,TP1,eager,off,1,5,62.74,10.84,13.90,12.52,0.8342,10.41,0.53,19685,HIST_PROJECT/reports/mode-campaign-815/per-config.csv
qwen35-27b.tp1.eager.mtp-off,qwen35-27b,TP1,eager,off,1,5,62.92,9.59,12.85,14.64,0.7711,,,11720,HIST_PROJECT/reports/mode-campaign-815/per-config.csv
qwen35-27b.tp1.eager.mtp-on,qwen35-27b,TP1,eager,on,1,5,63.75,9.86,13.23,13.16,0.7939,29.39,0.44,20658,HIST_PROJECT/reports/mode-campaign-815/per-config.csv
qwen35-27b.tp1.eager.mtp-on,qwen35-27b,TP1,eager,on,1,5,64.18,10.37,13.52,11.94,0.8111,29.18,1.16,21095,HIST_PROJECT/reports/mode-campaign-815/per-config.csv
qwen35-27b.tp1.eager.mtp-on,qwen35-27b,TP1,eager,on,1,5,64.50,9.75,12.77,12.98,0.7662,28.33,0.76,12830,HIST_PROJECT/reports/mode-campaign-815/per-config.csv
qwen35-27b.tp1.graph-draft-eager.mtp-on,qwen35-27b,TP1,graph-draft-eager,on,1,5,31.16,4.87,17.03,46.93,1.0219,73.05,0.26,51950,HIST_PROJECT/reports/mode-campaign-815/per-config.csv
qwen35-27b.tp1.graph.mtp-off,qwen35-27b,TP1,graph,off,1,5,55.38,8.76,12.37,23.50,0.7420,28.53,0.18,54110,HIST_PROJECT/reports/mode-campaign-815/per-config.csv
qwen35-27b.tp1.graph.mtp-off,qwen35-27b,TP1,graph,off,1,5,57.57,9.01,12.83,20.59,0.7700,28.66,0.01,54455,HIST_PROJECT/reports/mode-campaign-815/per-config.csv
qwen35-27b.tp1.graph.mtp-off,qwen35-27b,TP1,graph,off,1,5,58.49,9.09,12.47,19.94,0.7481,28.47,0.01,53930,HIST_PROJECT/reports/mode-campaign-815/per-config.csv
qwen35-27b.tp1.graph.mtp-on,qwen35-27b,TP1,graph,on,1,5,23.25,3.61,18.33,54.81,1.0999,72.74,0.37,43605,HIST_PROJECT/reports/mode-campaign-815/per-config.csv
qwen35-27b.tp1.graph.mtp-on,qwen35-27b,TP1,graph,on,1,5,23.06,3.66,18.40,54.87,1.1042,72.76,0.29,43621,HIST_PROJECT/reports/mode-campaign-815/per-config.csv
qwen35-27b.tp1.graph.mtp-on,qwen35-27b,TP1,graph,on,1,5,25.98,4.17,17.79,52.07,1.0672,72.83,0.30,43541,HIST_PROJECT/reports/mode-campaign-815/per-config.csv
qwen35-2b.tp1.eager.mtp-off,qwen35-2b,TP1,eager,off,1,5,64.50,10.00,13.06,12.44,0.7835,27.08,1.91,50330,HIST_PROJECT/reports/mode-campaign-815/per-config.csv
qwen35-2b.tp1.eager.mtp-off,qwen35-2b,TP1,eager,off,1,5,64.24,10.07,13.36,12.33,0.8014,27.92,2.76,51350,HIST_PROJECT/reports/mode-campaign-815/per-config.csv
qwen35-2b.tp1.eager.mtp-off,qwen35-2b,TP1,eager,off,1,5,65.49,9.46,12.03,13.01,0.7221,26.51,1.64,35930,HIST_PROJECT/reports/mode-campaign-815/per-config.csv
qwen35-2b.tp1.eager.mtp-on,qwen35-2b,TP1,eager,on,1,5,64.89,10.13,12.87,12.11,0.7720,43.72,0.93,46976,HIST_PROJECT/reports/mode-campaign-815/per-config.csv
qwen35-2b.tp1.eager.mtp-on,qwen35-2b,TP1,eager,on,1,5,66.28,9.68,12.50,11.54,0.7497,42.71,1.39,45463,HIST_PROJECT/reports/mode-campaign-815/per-config.csv
qwen35-2b.tp1.eager.mtp-on,qwen35-2b,TP1,eager,on,1,5,66.03,9.31,11.95,12.71,0.7171,41.80,0.53,33988,HIST_PROJECT/reports/mode-campaign-815/per-config.csv
qwen35-2b.tp1.graph-draft-eager.mtp-on,qwen35-2b,TP1,graph-draft-eager,on,1,5,67.76,9.50,11.26,11.48,0.6755,169.08,7.86,177553,HIST_PROJECT/reports/mode-campaign-815/per-config.csv
qwen35-2b.tp1.graph.mtp-off,qwen35-2b,TP1,graph,off,1,5,63.71,10.17,11.73,14.40,0.7035,172.05,0.35,326120,HIST_PROJECT/reports/mode-campaign-815/per-config.csv
qwen35-2b.tp1.graph.mtp-off,qwen35-2b,TP1,graph,off,1,5,64.08,9.85,11.94,14.13,0.7164,171.62,0.47,325235,HIST_PROJECT/reports/mode-campaign-815/per-config.csv
qwen35-2b.tp1.graph.mtp-off,qwen35-2b,TP1,graph,off,1,5,65.17,10.22,11.74,12.87,0.7043,162.13,4.47,293630,HIST_PROJECT/reports/mode-campaign-815/per-config.csv
qwen35-2b.tp1.graph.mtp-on,qwen35-2b,TP1,graph,on,1,5,61.70,8.82,12.67,16.82,0.7602,185.13,2.35,185941,HIST_PROJECT/reports/mode-campaign-815/per-config.csv
qwen35-2b.tp1.graph.mtp-on,qwen35-2b,TP1,graph,on,1,5,62.58,9.02,12.54,15.85,0.7526,186.15,0.42,187285,HIST_PROJECT/reports/mode-campaign-815/per-config.csv
qwen35-2b.tp1.graph.mtp-on,qwen35-2b,TP1,graph,on,1,5,66.24,9.58,11.51,12.67,0.6904,166.35,2.70,152853,HIST_PROJECT/reports/mode-campaign-815/per-config.csv
qwen38-27b.tp1.eager.mtp-off,qwen38-27b,TP1,eager,off,1,5,64.28,10.55,14.14,11.03,0.8485,,,19565,HIST_PROJECT/reports/mode-campaign-815/per-config.csv
qwen38-27b.tp1.eager.mtp-off,qwen38-27b,TP1,eager,off,1,5,63.82,10.25,14.54,11.38,0.8724,10.71,0.32,20120,HIST_PROJECT/reports/mode-campaign-815/per-config.csv
qwen38-27b.tp1.eager.mtp-off,qwen38-27b,TP1,eager,off,1,5,63.57,10.03,13.48,12.92,0.8090,,,12020,HIST_PROJECT/reports/mode-campaign-815/per-config.csv
qwen38-27b.tp1.eager.mtp-on,qwen38-27b,TP1,eager,on,1,5,65.02,10.00,14.03,10.95,0.8416,32.53,0.96,21437,HIST_PROJECT/reports/mode-campaign-815/per-config.csv
qwen38-27b.tp1.eager.mtp-on,qwen38-27b,TP1,eager,on,1,5,64.27,9.97,13.88,11.89,0.8326,32.25,1.31,21266,HIST_PROJECT/reports/mode-campaign-815/per-config.csv
qwen38-27b.tp1.eager.mtp-on,qwen38-27b,TP1,eager,on,1,5,63.30,9.73,12.73,14.24,0.7635,30.22,0.62,12564,HIST_PROJECT/reports/mode-campaign-815/per-config.csv
qwen38-27b.tp1.graph-draft-eager.mtp-on,qwen38-27b,TP1,graph-draft-eager,on,1,5,32.76,5.15,16.98,45.11,1.0189,85.78,0.05,56682,HIST_PROJECT/reports/mode-campaign-815/per-config.csv
qwen38-27b.tp1.graph.mtp-off,qwen38-27b,TP1,graph,off,1,5,58.73,9.22,12.66,19.39,0.7594,31.71,0.02,60365,HIST_PROJECT/reports/mode-campaign-815/per-config.csv
qwen38-27b.tp1.graph.mtp-off,qwen38-27b,TP1,graph,off,1,5,57.57,8.85,12.92,20.66,0.7751,31.79,0.02,60545,HIST_PROJECT/reports/mode-campaign-815/per-config.csv
qwen38-27b.tp1.graph.mtp-off,qwen38-27b,TP1,graph,off,1,5,59.33,9.12,12.52,19.03,0.7515,31.84,0.02,60560,HIST_PROJECT/reports/mode-campaign-815/per-config.csv
qwen38-27b.tp1.graph.mtp-on,qwen38-27b,TP1,graph,on,1,5,24.78,3.89,18.36,52.97,1.1015,85.49,0.11,47557,HIST_PROJECT/reports/mode-campaign-815/per-config.csv
qwen38-27b.tp1.graph.mtp-on,qwen38-27b,TP1,graph,on,1,5,24.83,3.86,18.21,53.10,1.0925,85.39,0.06,47525,HIST_PROJECT/reports/mode-campaign-815/per-config.csv
qwen38-27b.tp1.graph.mtp-on,qwen38-27b,TP1,graph,on,1,5,30.45,4.67,16.71,48.17,1.0027,85.52,0.16,47429,HIST_PROJECT/reports/mode-campaign-815/per-config.csv
