group,run,step_idx,phase,num_reqs,total_num_scheduled_tokens,update_states_us,prepare_inputs_us,total_us,update_states_cpu_us,prepare_inputs_cpu_us,total_cpu_us,triton_launch_us
shuffled,0,0,prefill,1,2048,586.4999839104712,811.569974757731,1482.11,590.67,816.97,1477.42,0.0
shuffled,0,1,prefill,1,2048,46.52998177334666,626.0100053623319,714.77,49.48,630.44,714.59,0.0
shuffled,0,2,prefill,2,2048,535.1799773052335,655.5099971592426,1245.49,538.76,660.48,1243.4,0.0
shuffled,0,3,mixed,2,2048,45.66001007333398,613.5099683888257,701.0,48.36,617.72,700.46,0.0
shuffled,0,4,mixed,3,2048,524.3800114840269,650.4500051960349,1227.72,528.48,648.14,1219.31,0.0
shuffled,0,5,mixed,3,2048,46.97998519986868,606.5800553187728,694.1,49.7,610.74,696.66,0.0
shuffled,0,6,mixed,4,2048,512.3100127093494,630.130001809448,1195.65,515.64,634.36,1193.45,0.0
shuffled,0,7,mixed,4,2048,47.68994404003024,592.7300080657005,680.54,50.15,596.89,680.0,0.0
shuffled,0,8,mixed,5,2048,505.6000081822276,633.9999963529408,1191.17,508.9,638.27,1189.06,0.0
shuffled,0,9,mixed,5,2048,49.480004236102104,594.6200108155608,684.49,52.16,599.14,683.97,0.0
shuffled,0,10,mixed,6,2048,495.7300261594355,633.2899793051183,1181.75,499.22,637.98,1179.37,0.0
shuffled,0,11,mixed,6,2048,61.42002530395985,629.529997240752,731.65,57.22,633.97,724.1,0.0
shuffled,0,12,mixed,7,2048,505.5000074207783,656.0399779118598,1213.01,509.14,660.56,1211.07,0.0
shuffled,0,13,mixed,7,2048,54.05000410974026,627.4699699133635,724.58,56.72,631.58,724.13,0.0
shuffled,0,14,mixed,8,2048,544.9100281111896,673.1299799866974,1274.06,539.63,677.74,1262.3,0.0
shuffled,0,15,mixed,8,2048,54.62998524308205,624.0899674594402,717.02,57.0,628.03,716.89,0.0
shuffled,0,16,mixed,8,72,54.239993914961815,566.5100179612637,658.67,56.68,570.93,658.17,0.0
shuffled,0,17,decode,8,8,31.559960916638374,545.5900100059807,617.99,34.22,550.12,617.6,0.0
shuffled,0,18,decode,8,8,30.870025511831045,555.2700022235513,625.15,33.24,552.06,617.19,0.0
shuffled,0,19,decode,8,8,31.839997973293066,549.6700177900493,618.24,34.25,553.65,618.19,0.0
shuffled,0,20,decode,8,8,31.51001874357462,532.7900289557874,601.28,34.19,537.09,601.08,0.0
shuffled,0,21,decode,8,8,30.870025511831045,532.6499813236296,600.53,33.21,536.74,600.26,0.0
shuffled,0,22,decode,8,8,30.65000055357814,516.6100454516709,585.66,33.52,520.76,584.68,0.0
shuffled,0,23,decode,8,8,31.520030461251736,520.2100146561861,588.35,33.88,524.15,587.74,0.0
shuffled,0,24,decode,8,8,31.909963581711054,540.680019184947,609.11,34.62,538.4,602.69,0.0
shuffled,0,25,decode,8,8,31.17998130619526,509.94002958759665,577.68,34.0,513.71,578.87,0.0
shuffled,0,26,decode,8,8,32.00001083314419,500.4199920222163,566.73,34.15,504.59,566.42,0.0
shuffled,0,27,decode,8,8,30.750001315027475,494.52000530436635,561.16,33.42,498.37,560.99,0.0
shuffled,0,28,decode,8,8,31.12998092547059,523.629947565496,589.58,33.46,527.61,589.65,0.0
shuffled,0,29,decode,8,8,31.239993404597044,518.3999892324209,584.64,33.73,522.26,584.62,0.0
shuffled,0,30,decode,8,8,42.759987991303205,520.1000021770597,599.31,35.48,524.11,589.16,0.0
shuffled,0,31,decode,8,8,30.52997635677457,507.2199855931103,574.68,33.12,511.08,574.15,0.0
shuffled,0,32,decode,8,8,30.65000055357814,512.0199639350176,578.22,32.87,515.84,577.45,0.0
shuffled,0,33,decode,8,8,30.16000846400857,505.20995864644647,572.9,32.62,509.0,572.24,0.0
shuffled,0,34,decode,8,8,30.340044759213924,507.09000788629055,572.42,32.6,511.27,572.26,0.0
shuffled,0,35,decode,8,8,30.450057238340378,503.8499948568642,582.98,32.62,507.58,571.15,0.0
shuffled,0,36,decode,8,8,30.149996746331453,501.5599890612066,565.8,32.3,505.21,565.83,0.0
shuffled,0,37,decode,8,8,30.169961974024773,492.0900100842118,556.79,32.52,495.9,556.27,0.0
shuffled,0,38,decode,8,8,30.920025892555714,491.5000172331929,556.29,33.34,495.16,555.97,0.0
shuffled,0,39,decode,8,8,30.800001695752144,488.9800329692662,553.86,33.13,492.64,553.94,0.0
shuffled,0,40,decode,8,8,29.499991796910763,477.299967315048,540.12,31.78,480.89,539.66,0.0
shuffled,0,41,decode,8,8,30.270020943135023,484.06003043055534,547.84,32.65,487.62,547.64,0.0
shuffled,0,42,decode,8,8,30.93003761023283,487.71000001579523,552.43,33.47,491.18,552.06,0.0
shuffled,0,43,decode,8,8,30.060007702559233,486.500037368387,548.35,32.18,489.86,548.13,0.0
shuffled,0,44,decode,8,8,30.319963116198778,473.02001621574163,536.19,32.41,476.53,535.95,0.0
shuffled,0,45,decode,8,8,30.929979402571917,481.1699618585408,545.27,33.21,484.84,545.01,0.0
shuffled,0,46,decode,8,8,30.439987313002348,478.3400218002498,540.57,32.7,481.68,540.3,0.0
shuffled,0,47,decode,8,8,30.279974453151226,475.37998761981726,539.88,32.46,479.79,539.76,0.0
shuffled,0,48,decode,8,8,30.37002170458436,481.29999777302146,551.7,32.94,484.77,545.34,0.0
shuffled,0,49,decode,8,8,30.039984267205,474.72002916038036,537.51,32.29,478.02,537.44,0.0
shuffled,0,50,decode,8,8,30.090042855590582,473.11995876953006,538.53,32.22,477.14,538.49,0.0
shuffled,0,51,decode,8,8,30.82997864112258,477.7400172315538,542.17,33.08,481.4,542.12,0.0
shuffled,0,52,decode,8,8,31.310017220675945,491.6400066576898,558.54,33.5,495.33,558.29,0.0
shuffled,0,53,decode,8,8,31.850009690970182,499.6000207029283,566.83,34.13,503.11,566.7,0.0
shuffled,0,54,decode,8,8,31.38999454677105,513.8799897395074,580.72,33.52,510.62,573.39,0.0
shuffled,0,55,decode,8,8,32.08999987691641,502.8200102970004,571.97,34.36,506.83,575.27,0.0
shuffled,0,56,decode,8,8,31.77998587489128,496.5800326317549,564.35,34.05,500.26,564.2,0.0
shuffled,0,57,decode,8,8,31.229981686919928,492.11003351956606,558.44,33.58,495.69,558.32,0.0
shuffled,0,58,decode,8,8,30.729977879673243,493.50003246217966,558.57,32.79,496.91,558.46,0.0
shuffled,0,59,decode,8,8,31.369971111416817,492.9699935019016,558.61,33.66,496.47,558.51,0.0
shuffled,0,60,decode,8,8,31.589996069669724,504.32997522875667,572.58,33.79,508.21,572.61,0.0
shuffled,0,61,decode,8,8,31.270028557628393,496.3100072927773,562.15,33.56,499.98,562.14,0.0
shuffled,0,62,decode,8,8,33.06003054603934,495.1999871991575,563.5,35.17,498.57,563.3,0.0
shuffled,0,63,decode,8,8,31.729985494166613,501.3400223106146,569.65,34.23,505.36,569.4,0.0
shuffled,0,64,decode,7,7,121.23998021706939,504.6299775131047,662.39,123.75,508.22,662.25,0.0
shuffled,0,65,decode,7,7,31.780044082552195,525.0899703241885,593.44,33.99,522.51,587.14,0.0
shuffled,0,66,decode,6,6,106.3300296664238,509.94002958759665,652.6,108.66,513.51,652.46,0.0
shuffled,0,67,decode,6,6,29.139977414160967,504.2700213380158,569.27,31.44,507.79,569.29,0.0
shuffled,0,68,decode,5,5,106.01000394672155,501.25998677685857,645.59,108.24,505.35,645.58,0.0
shuffled,0,69,decode,5,5,28.19998189806938,498.9599692635238,561.68,30.37,502.59,561.62,0.0
shuffled,0,70,decode,4,4,99.68999074772,501.30003364756703,635.33,101.91,504.63,635.33,0.0
shuffled,0,71,decode,4,4,27.29997504502535,522.0999591983855,585.16,29.6,511.54,570.74,0.0
shuffled,0,72,decode,3,3,84.27002467215061,497.36996879801154,617.1,86.55,500.96,617.17,0.0
shuffled,0,73,decode,3,3,24.219974875450134,496.0300284437835,555.01,26.47,499.46,554.85,0.0
shuffled,0,74,decode,2,2,84.73999332636595,498.8700384274125,620.31,87.18,502.94,620.0,0.0
shuffled,0,75,decode,2,2,22.57997402921319,502.8199520893395,560.57,24.85,506.44,560.52,0.0
shuffled,0,76,decode,1,1,78.10001261532307,495.4400355927646,608.96,80.54,499.18,608.72,0.0
shuffled,0,77,decode,1,1,21.350046154111624,503.1700129620731,561.08,23.84,506.95,560.89,0.0
shuffled,0,78,drain,0,0,76.98,0.0,80.73,76.01,0.0,80.1,0.0
shuffled,1,0,prefill,1,2048,609.2899711802602,816.5200124494731,1512.14,613.8,821.73,1507.4,0.0
shuffled,1,1,prefill,1,2048,46.36001540347934,654.7099910676479,748.49,49.32,659.9,747.56,0.0
shuffled,1,2,prefill,2,2048,555.620004888624,666.0299841314554,1280.15,559.69,671.21,1277.33,0.0
shuffled,1,3,mixed,2,2048,48.67999814450741,628.3200345933437,718.64,51.19,632.76,718.53,0.0
shuffled,1,4,mixed,3,2048,532.899983227253,664.0299689024687,1252.03,536.64,669.28,1250.35,0.0
shuffled,1,5,mixed,3,2048,50.080008804798126,625.4100007936358,715.62,52.87,629.76,715.59,0.0
shuffled,1,6,mixed,4,2048,508.54001892730594,653.1699909828603,1215.0,512.43,658.02,1213.68,0.0
shuffled,1,7,mixed,4,2048,49.519992899149656,620.5199752002954,709.71,51.92,624.58,709.39,0.0
shuffled,1,8,mixed,5,2048,504.52002324163914,629.7199870459735,1186.58,508.41,634.52,1187.71,0.0
shuffled,1,9,mixed,5,2048,49.38995698466897,593.4700020588934,681.05,51.57,597.4,680.69,0.0
shuffled,1,10,mixed,6,2048,515.0900105945766,621.8799971975386,1187.38,508.35,626.33,1175.13,0.0
shuffled,1,11,mixed,6,2048,52.33002593740821,598.5400057397783,689.7,55.02,602.86,689.64,0.0
shuffled,1,12,mixed,7,2048,506.66998140513897,634.840049315244,1192.06,510.01,639.24,1189.98,0.0
shuffled,1,13,mixed,7,2048,54.63004345074296,634.7600137814879,728.85,57.16,628.76,718.61,0.0
shuffled,1,14,mixed,8,2048,521.5099663473666,654.6300137415528,1227.84,525.04,658.83,1226.04,0.0
shuffled,1,15,mixed,8,2048,55.34000229090452,624.7300188988447,720.6,57.92,629.17,720.33,0.0
shuffled,1,16,mixed,8,72,53.60000068321824,554.349971935153,644.95,55.85,558.23,644.86,0.0
shuffled,1,17,decode,8,8,32.25996624678373,548.6099980771542,619.27,35.15,543.86,609.68,0.0
shuffled,1,18,decode,8,8,32.590003684163094,527.4100112728775,598.36,35.05,531.3,598.36,0.0
shuffled,1,19,decode,8,8,30.96996806561947,535.4200256988406,603.37,33.46,539.47,603.24,0.0
shuffled,1,20,decode,8,8,31.82998625561595,530.6500243023038,600.85,34.47,534.71,600.76,0.0
shuffled,1,21,decode,8,8,32.06002293154597,530.4699880070984,599.38,34.57,534.7,599.64,0.0
shuffled,1,22,decode,8,8,31.169969588518143,531.940022483468,598.05,34.01,528.89,591.34,0.0
shuffled,1,23,decode,8,8,32.23004750907421,518.1899759918451,587.66,34.88,522.12,587.7,0.0
shuffled,1,24,decode,8,8,30.42002208530903,518.5700138099492,583.45,32.82,522.22,583.69,0.0
shuffled,1,25,decode,8,8,30.86001379415393,513.9400018379092,580.57,33.54,517.75,580.53,0.0
shuffled,1,26,decode,8,8,31.379982829093933,519.3399847485125,586.38,33.72,523.09,586.61,0.0
shuffled,1,27,decode,8,8,30.81001341342926,509.72995813935995,575.08,33.14,513.45,575.23,0.0
shuffled,1,28,decode,8,8,30.260009225457907,526.5799700282514,592.3,32.69,521.12,583.25,0.0
shuffled,1,29,decode,8,8,30.46001074835658,506.9299950264394,572.9,32.95,510.96,572.59,0.0
shuffled,1,30,decode,8,8,30.499999411404133,505.0799809396267,569.99,32.88,508.89,570.1,0.0
shuffled,1,31,decode,8,8,30.809955205768347,497.710017953068,562.86,33.17,501.54,565.56,0.0
shuffled,1,32,decode,8,8,30.349998269230127,493.7599878758192,558.22,32.54,497.81,558.33,0.0
shuffled,1,33,decode,8,8,30.07001942023635,492.3800006508827,556.86,32.39,496.23,556.98,0.0
shuffled,1,34,decode,8,8,31.08999226242304,513.0099598318338,577.86,33.28,501.84,563.01,0.0
shuffled,1,35,decode,8,8,31.169969588518143,492.60997911915183,557.71,33.43,496.18,557.76,0.0
shuffled,1,36,decode,8,8,31.010014936327934,485.01999117434025,549.49,33.09,488.68,549.48,0.0
shuffled,1,37,decode,8,8,30.79004818573594,487.50999849289656,553.57,33.48,491.44,553.28,0.0
shuffled,1,38,decode,8,8,30.60000017285347,483.6799926124513,547.97,32.77,487.41,547.7,0.0
shuffled,1,39,decode,8,8,31.560019124299288,483.7400047108531,548.71,34.02,487.03,548.25,0.0
shuffled,1,40,decode,8,8,30.889990739524364,491.22003838419914,555.57,33.08,488.23,548.71,0.0
shuffled,1,41,decode,8,8,30.509952921420336,481.88003711402416,545.2,32.58,485.32,545.03,0.0
shuffled,1,42,decode,8,8,30.49004590138793,480.889983009547,544.53,32.76,484.41,544.46,0.0
shuffled,1,43,decode,8,8,30.850002076476812,479.5800196006894,544.84,33.21,483.29,544.66,0.0
shuffled,1,44,decode,8,8,30.469964258372784,480.1499890163541,543.18,32.95,483.65,543.05,0.0
shuffled,1,45,decode,8,8,30.610011890530586,480.8300291188061,544.5,32.97,484.58,544.22,0.0
shuffled,1,46,decode,8,8,31.379982829093933,500.0300006940961,568.11,33.89,495.37,559.6,0.0
shuffled,1,47,decode,8,8,31.239993404597044,492.11998702958226,558.66,33.74,495.97,558.32,0.0
shuffled,1,48,decode,8,8,31.82998625561595,508.1500275991857,575.84,34.03,512.02,575.6,0.0
shuffled,1,49,decode,8,8,32.99000672996044,507.419987116009,576.96,35.43,511.04,576.74,0.0
shuffled,1,50,decode,8,8,32.80997043475509,505.05995750427246,574.09,34.95,508.59,574.05,0.0
shuffled,1,51,decode,8,8,32.050011213868856,501.2699984945357,568.73,34.23,504.87,568.61,0.0
shuffled,1,52,decode,8,8,32.60001540184021,527.7899908833206,596.4,34.79,515.23,580.2,0.0
shuffled,1,53,decode,8,8,32.95001806691289,501.89998000860214,570.94,35.18,505.35,570.83,0.0
shuffled,1,54,decode,8,8,32.34000178053975,497.2599563188851,564.97,34.56,500.49,564.81,0.0
shuffled,1,55,decode,8,8,32.47003769502044,497.0600130036473,564.8,34.72,500.69,564.72,0.0
shuffled,1,56,decode,8,8,32.97004150226712,503.1999899074435,572.29,35.09,506.76,572.3,0.0
shuffled,1,57,decode,8,8,33.2500203512609,505.68999722599983,574.71,35.44,509.23,574.76,0.0
shuffled,1,58,decode,8,8,32.590003684163094,517.6099948585033,586.9,34.85,513.46,578.68,0.0
shuffled,1,59,decode,8,8,32.60001540184021,506.14000065252185,574.64,34.97,509.51,574.52,0.0
shuffled,1,60,decode,8,8,32.64000406488776,502.9499880038202,571.12,34.99,506.42,571.25,0.0
shuffled,1,61,decode,8,8,32.540003303438425,501.1199973523617,569.01,34.81,504.54,571.81,0.0
shuffled,1,62,decode,8,8,32.47999120503664,499.26998326554894,568.33,34.55,502.97,568.21,0.0
shuffled,1,63,decode,8,8,32.56002673879266,501.16999773308635,569.79,34.96,504.54,569.69,0.0
shuffled,1,64,decode,7,7,131.90996833145618,512.1700232848525,681.47,124.4,515.8,671.52,0.0
shuffled,1,65,decode,7,7,31.72003198415041,507.569988258183,576.45,33.9,511.04,576.47,0.0
shuffled,1,66,decode,6,6,108.57998859137297,514.8699856363237,662.48,110.88,518.77,662.17,0.0
shuffled,1,67,decode,6,6,30.51001112908125,512.2399888932705,579.57,32.88,515.63,579.41,0.0
shuffled,1,68,decode,5,5,104.04002387076616,510.640034917742,651.22,106.35,514.35,651.15,0.0
shuffled,1,69,decode,5,5,28.259993996471167,521.0800445638597,586.94,30.49,517.63,579.49,0.0
shuffled,1,70,decode,4,4,104.00998871773481,503.78998275846243,645.06,106.35,507.31,644.97,0.0
shuffled,1,71,decode,4,4,26.469992008060217,501.3599875383079,563.14,28.77,504.74,563.06,0.0
shuffled,1,72,decode,3,3,83.04999209940434,502.6700091548264,622.49,85.43,506.45,622.45,0.0
shuffled,1,73,decode,3,3,25.469984393566847,502.98997666686773,563.52,27.75,506.61,563.39,0.0
shuffled,1,74,decode,2,2,82.48002268373966,500.8300067856908,619.83,84.78,504.48,619.9,0.0
shuffled,1,75,decode,2,2,42.490020859986544,508.7300087325275,587.12,27.97,512.47,570.19,0.0
shuffled,1,76,decode,1,1,80.35998325794935,504.67002438381314,621.91,82.64,508.37,621.63,0.0
shuffled,1,77,decode,1,1,20.320003386586905,496.7600107192993,551.74,22.53,500.37,551.7,0.0
shuffled,1,78,drain,0,0,77.96,0.0,82.12,77.2,0.0,81.74,0.0
shuffled,2,0,prefill,1,2048,604.0700245648623,864.3099572509527,1553.85,609.13,870.13,1549.17,0.0
shuffled,2,1,prefill,1,2048,46.96997348219156,663.1099968217313,753.48,50.11,667.5,753.24,0.0
shuffled,2,2,prefill,2,2048,536.6500117816031,681.319972500205,1272.32,540.71,685.88,1270.89,0.0
shuffled,2,3,mixed,2,2048,48.36998414248228,623.6199988052249,709.34,50.98,627.59,709.45,0.0
shuffled,2,4,mixed,3,2048,531.7199975252151,662.5999812968075,1248.59,535.27,667.22,1246.32,0.0
shuffled,2,5,mixed,3,2048,48.87999966740608,637.9000260494649,727.04,51.1,642.0,726.44,0.0
shuffled,2,6,mixed,4,2048,515.940017066896,658.6100207641721,1227.9,519.72,663.4,1225.79,0.0
shuffled,2,7,mixed,4,2048,48.93000004813075,630.8099837042391,719.73,51.38,635.13,719.67,0.0
shuffled,2,8,mixed,5,2048,520.5099587328732,645.5999682657421,1217.04,516.56,649.79,1207.37,0.0
shuffled,2,9,mixed,5,2048,51.32000660523772,615.2300047688186,704.83,53.79,619.35,704.52,0.0
shuffled,2,10,mixed,6,2048,509.0400227345526,643.4699753299356,1204.13,512.6,648.21,1202.43,0.0
shuffled,2,11,mixed,6,2048,51.10003985464573,612.789997830987,700.88,53.57,608.31,691.49,0.0
shuffled,2,12,mixed,7,2048,497.43999261409044,629.4299964793026,1175.64,500.55,633.81,1173.47,0.0
shuffled,2,13,mixed,7,2048,53.00005432218313,607.8800070099533,697.24,55.25,612.07,697.07,0.0
shuffled,2,14,mixed,8,2048,516.6399641893804,641.6700198315084,1207.83,511.32,646.15,1197.36,0.0
shuffled,2,15,mixed,8,2048,55.70997018367052,592.6599842496216,686.69,58.15,596.81,686.62,0.0
shuffled,2,16,mixed,8,72,52.99999611452222,517.0399672351778,605.14,55.22,520.7,604.92,0.0
shuffled,2,17,decode,8,8,31.069968827068806,493.9200007356703,558.95,33.51,497.63,558.82,0.0
shuffled,2,18,decode,8,8,30.96996806561947,498.47998889163136,562.39,33.11,502.22,562.05,0.0
shuffled,2,19,decode,8,8,31.52998397126794,505.5200308561325,570.97,33.64,500.09,561.82,0.0
shuffled,2,20,decode,8,8,30.379975214600563,481.06000758707523,544.86,32.58,484.66,544.62,0.0
shuffled,2,21,decode,8,8,30.56996501982212,476.6499623656273,539.73,32.79,480.38,539.64,0.0
shuffled,2,22,decode,8,8,30.770024750381708,471.4700044132769,534.97,33.07,475.24,534.77,0.0
shuffled,2,23,decode,8,8,29.799994081258774,478.5700002685189,542.19,32.32,482.06,541.78,0.0
shuffled,2,24,decode,8,8,29.730028472840786,470.7400221377611,533.12,32.02,474.31,532.92,0.0
shuffled,2,25,decode,8,8,29.63002771139145,480.439979583025,541.8,32.09,474.3,532.14,0.0
shuffled,2,26,decode,8,8,30.33998655155301,472.2899757325649,535.5,32.65,476.03,535.06,0.0
shuffled,2,27,decode,8,8,29.47996836155653,471.93997306749225,534.03,31.74,475.44,535.49,0.0
shuffled,2,28,decode,8,8,29.42996798083186,474.0299773402512,535.86,31.65,477.52,535.57,0.0
shuffled,2,29,decode,8,8,29.260001610964537,478.01004257053137,540.25,31.39,481.53,540.11,0.0
shuffled,2,30,decode,8,8,29.940041713416576,472.3200108855963,534.24,32.06,475.72,534.14,0.0
shuffled,2,31,decode,8,8,29.250048100948334,475.72999028488994,536.61,31.41,479.14,536.53,0.0
shuffled,2,32,decode,8,8,29.17996607720852,480.54999206215143,542.3,31.44,484.07,542.31,0.0
shuffled,2,33,decode,8,8,30.37002170458436,473.69999811053276,538.95,32.48,477.24,538.54,0.0
shuffled,2,34,decode,8,8,29.54999217763543,471.549981739372,533.58,31.73,474.94,533.49,0.0
shuffled,2,35,decode,8,8,30.080031137913465,472.52001240849495,534.44,32.35,476.01,534.28,0.0
shuffled,2,36,decode,8,8,29.799994081258774,473.2800298370421,535.3,31.93,476.71,535.15,0.0
shuffled,2,37,decode,8,8,29.960006941109896,474.86001858487725,537.08,32.05,478.23,536.95,0.0
shuffled,2,38,decode,8,8,29.86000617966056,482.5799842365086,544.93,31.99,479.94,538.75,0.0
shuffled,2,39,decode,8,8,30.369963496923447,476.3400065712631,539.41,32.52,479.66,539.48,0.0
shuffled,2,40,decode,8,8,30.040042474865913,467.5799864344299,529.4,32.22,470.91,529.31,0.0
shuffled,2,41,decode,8,8,30.329974833875895,463.90003990381956,526.06,32.42,467.29,526.02,0.0
shuffled,2,42,decode,8,8,29.49003828689456,466.61996748298407,527.59,31.65,470.01,527.41,0.0
shuffled,2,43,decode,8,8,29.900053050369024,465.19999159500003,526.72,32.04,468.68,526.6,0.0
shuffled,2,44,decode,8,8,29.449991416186094,488.74999629333615,550.68,31.61,478.49,536.82,0.0
shuffled,2,45,decode,8,8,29.89999484270811,469.45997746661305,531.29,32.18,472.58,531.12,0.0
shuffled,2,46,decode,8,8,30.300056096166372,471.1700021289289,532.91,32.52,474.56,532.78,0.0
shuffled,2,47,decode,8,8,29.410002753138542,472.6899787783623,534.42,31.57,476.04,534.24,0.0
shuffled,2,48,decode,8,8,30.08998464792967,471.3099915534258,534.27,32.33,474.96,534.18,0.0
shuffled,2,49,decode,8,8,30.379975214600563,476.54996160417795,540.46,32.75,480.06,540.16,0.0
shuffled,2,50,decode,8,8,31.61997301504016,512.0199639350176,579.84,33.9,504.63,568.57,0.0
shuffled,2,51,decode,8,8,30.42002208530903,501.96005031466484,568.53,32.6,505.49,568.4,0.0
shuffled,2,52,decode,8,8,30.789989978075027,493.41004341840744,558.15,32.97,496.67,560.55,0.0
shuffled,2,53,decode,8,8,30.349998269230127,495.98998157307506,561.21,32.52,499.41,560.86,0.0
shuffled,2,54,decode,8,8,31.67003160342574,491.39000475406647,557.56,33.75,494.71,557.42,0.0
shuffled,2,55,decode,8,8,31.539995688945055,487.2599965892732,552.18,33.66,490.51,551.96,0.0
shuffled,2,56,decode,8,8,31.52998397126794,502.28001782670617,568.17,33.58,496.57,558.94,0.0
shuffled,2,57,decode,8,8,30.76001303270459,493.7699995934963,559.17,33.12,497.18,558.97,0.0
shuffled,2,58,decode,8,8,32.26002445444465,492.9399583488703,558.1,34.48,496.16,560.26,0.0
shuffled,2,59,decode,8,8,31.920033507049084,500.8999723941088,568.33,34.24,504.23,568.22,0.0
shuffled,2,60,decode,8,8,31.489995308220387,495.84999214857817,562.07,33.65,499.34,562.05,0.0
shuffled,2,61,decode,8,8,32.00001083314419,501.5099886804819,568.37,34.21,505.15,568.35,0.0
shuffled,2,62,decode,8,8,31.70996205881238,510.96995593979955,577.53,33.92,508.83,571.92,0.0
shuffled,2,63,decode,8,8,30.590046662837267,495.92001596465707,561.91,32.91,499.52,561.71,0.0
shuffled,2,64,decode,7,7,121.78998440504074,505.4399953223765,664.06,124.12,509.11,663.82,0.0
shuffled,2,65,decode,7,7,31.700008548796177,502.85999896004796,572.32,33.83,506.09,572.31,0.0
shuffled,2,66,decode,6,6,109.29000563919544,503.1999899074435,649.78,111.65,507.0,649.66,0.0
shuffled,2,67,decode,6,6,29.29999027401209,502.71995132789016,567.97,31.61,506.23,567.77,0.0
shuffled,2,68,decode,5,5,109.36998296529055,508.8900215923786,656.01,111.7,512.62,656.15,0.0
shuffled,2,69,decode,5,5,28.030015528202057,500.0300006940961,563.72,30.14,503.57,563.81,0.0
shuffled,2,70,decode,4,4,101.09995491802692,497.6199707016349,634.34,103.28,501.29,634.3,0.0
shuffled,2,71,decode,4,4,25.5799968726933,498.23004519566894,558.55,27.85,501.82,558.5,0.0
shuffled,2,72,decode,3,3,83.4600068628788,496.5299740433693,615.77,85.6,499.97,615.68,0.0
shuffled,2,73,decode,3,3,24.35001078993082,510.4300216771662,569.54,26.65,505.46,560.82,0.0
shuffled,2,74,decode,2,2,79.50002327561378,498.91998060047626,614.31,81.99,502.51,614.36,0.0
shuffled,2,75,decode,2,2,22.790045477449894,499.0100278519094,557.28,25.1,502.39,557.13,0.0
shuffled,2,76,decode,1,1,77.82998727634549,500.619993545115,612.92,80.09,504.03,612.8,0.0
shuffled,2,77,decode,1,1,19.990024156868458,492.75998026132584,547.09,22.33,496.27,547.06,0.0
shuffled,2,78,drain,0,0,76.7,0.0,79.96,75.83,0.0,79.57,0.0
shuffled,3,0,prefill,1,2048,618.5800302773714,865.529989823699,1572.34,623.7,870.84,1567.76,0.0
shuffled,3,1,prefill,1,2048,48.17999433726072,649.9000010080636,741.01,50.76,654.66,740.43,0.0
shuffled,3,2,prefill,2,2048,548.1599946506321,675.2199842594564,1279.99,551.89,679.83,1277.78,0.0
shuffled,3,3,mixed,2,2048,48.24000643566251,620.2699732966721,709.04,50.67,624.69,708.85,0.0
shuffled,3,4,mixed,3,2048,531.3000292517245,645.8099815063179,1229.62,527.78,650.46,1219.87,0.0
shuffled,3,5,mixed,3,2048,47.5799897685647,608.3800108172,693.31,49.9,612.53,695.68,0.0
shuffled,3,6,mixed,4,2048,507.61998863890767,645.5699913203716,1202.83,510.87,649.91,1200.74,0.0
shuffled,3,7,mixed,4,2048,50.47000013291836,626.4600087888539,714.4,52.63,624.74,708.22,0.0
shuffled,3,8,mixed,5,2048,510.0500420667231,637.98000337556,1199.96,513.3,642.49,1197.51,0.0
shuffled,3,9,mixed,5,2048,51.17000546306372,601.809995714575,690.19,53.55,606.03,689.65,0.0
shuffled,3,10,mixed,6,2048,511.0099446028471,631.33001094684,1191.75,507.11,635.77,1182.84,0.0
shuffled,3,11,mixed,6,2048,52.710005547851324,587.829970754683,678.19,55.06,591.93,677.54,0.0
shuffled,3,12,mixed,7,2048,483.55996841564775,612.9000103101134,1144.48,486.96,616.79,1142.32,0.0
shuffled,3,13,mixed,7,2048,53.640047553926706,588.7500010430813,679.27,55.95,580.55,666.5,0.0
shuffled,3,14,mixed,8,2048,477.06998884677887,599.0899517200887,1123.57,480.31,603.3,1121.72,0.0
shuffled,3,15,mixed,8,2048,54.12002792581916,573.0199627578259,663.47,56.55,576.98,663.44,0.0
shuffled,3,16,mixed,8,72,51.72000965103507,498.6600251868367,583.76,53.92,502.22,583.51,0.0
shuffled,3,17,decode,8,8,31.12998092547059,478.15998550504446,542.62,33.34,481.48,542.66,0.0
shuffled,3,18,decode,8,8,31.11001569777727,495.7800265401602,560.81,33.42,486.83,548.2,0.0
shuffled,3,19,decode,8,8,31.239993404597044,480.99004197865725,547.8,33.52,484.37,547.65,0.0
shuffled,3,20,decode,8,8,32.03004598617554,481.7500011995435,547.55,34.29,485.13,547.45,0.0
shuffled,3,21,decode,8,8,31.08999226242304,476.2000171467662,540.11,33.26,479.5,540.1,0.0
shuffled,3,22,decode,8,8,30.560011509805918,478.4199991263449,542.03,32.8,481.75,541.81,0.0
shuffled,3,23,decode,8,8,30.769966542720795,478.6900244653225,542.13,33.03,482.08,542.07,0.0
shuffled,3,24,decode,8,8,30.90000245720148,491.5400058962405,555.29,33.13,484.23,544.38,0.0
shuffled,3,25,decode,8,8,30.679977498948574,475.73004849255085,540.67,33.1,479.19,540.38,0.0
shuffled,3,26,decode,8,8,30.65000055357814,477.58000437170267,541.74,32.85,481.25,541.79,0.0
shuffled,3,27,decode,8,8,30.51001112908125,472.97001583501697,535.97,32.8,476.36,538.01,0.0
shuffled,3,28,decode,8,8,30.349998269230127,468.65997137501836,533.5,32.59,472.42,533.4,0.0
shuffled,3,29,decode,8,8,31.450006645172834,475.22998647764325,539.01,33.61,478.47,539.06,0.0
shuffled,3,30,decode,8,8,30.17997369170189,485.5099832639098,548.47,32.36,481.47,541.03,0.0
shuffled,3,31,decode,8,8,30.319963116198778,472.1300210803747,534.76,32.55,475.56,534.63,0.0
shuffled,3,32,decode,8,8,29.82997102662921,468.20001443848014,530.48,31.86,471.53,530.47,0.0
shuffled,3,33,decode,8,8,30.060007702559233,469.4999661296606,531.21,32.24,472.81,531.02,0.0
shuffled,3,34,decode,8,8,30.019960831850767,469.4100352935493,531.61,32.25,472.79,531.55,0.0
shuffled,3,35,decode,8,8,30.789989978075027,468.2499566115439,531.23,32.97,471.62,531.11,0.0
shuffled,3,36,decode,8,8,30.33998655155301,480.820017401129,544.25,32.58,478.12,538.24,0.0
shuffled,3,37,decode,8,8,30.5499997921288,474.9000072479248,538.18,32.78,478.35,537.95,0.0
shuffled,3,38,decode,8,8,29.710005037486553,471.80004185065627,533.45,31.94,475.03,533.52,0.0
shuffled,3,39,decode,8,8,30.16000846400857,473.7100098282099,536.17,32.32,476.97,535.97,0.0
shuffled,3,40,decode,8,8,31.51001874357462,479.89998711273074,544.52,33.67,483.42,544.48,0.0
shuffled,3,41,decode,8,8,31.500007025897503,475.5500121973455,540.43,33.77,479.06,540.26,0.0
shuffled,3,42,decode,8,8,29.770017135888338,475.13999743387103,537.21,31.87,478.63,537.02,0.0
shuffled,3,43,decode,8,8,30.26996273547411,477.4599801748991,540.71,32.5,480.98,540.64,0.0
shuffled,3,44,decode,8,8,30.410010367631912,474.27997924387455,537.49,32.51,477.67,537.28,0.0
shuffled,3,45,decode,8,8,30.260009225457907,476.31002962589264,538.83,32.45,479.7,538.8,0.0
shuffled,3,46,decode,8,8,29.889983125030994,470.2899605035782,532.31,32.13,473.65,532.09,0.0
shuffled,3,47,decode,8,8,30.58003494516015,470.63000965863466,533.23,32.93,473.9,533.3,0.0
shuffled,3,48,decode,8,8,30.439987313002348,467.1500064432621,529.89,32.66,470.44,529.7,0.0
shuffled,3,49,decode,8,8,30.52997635677457,478.8499791175127,542.37,32.81,474.73,534.69,0.0
shuffled,3,50,decode,8,8,31.050003599375486,470.25998355820775,536.12,33.5,473.88,535.75,0.0
shuffled,3,51,decode,8,8,30.5499997921288,472.0499855466187,535.22,32.79,475.58,535.11,0.0
shuffled,3,52,decode,8,8,30.520022846758366,468.29000348225236,530.87,32.74,471.7,530.73,0.0
shuffled,3,53,decode,8,8,29.64999293908477,469.7999684140086,532.06,31.82,473.28,532.07,0.0
shuffled,3,54,decode,8,8,30.56996501982212,470.8999767899513,533.61,32.71,474.26,533.41,0.0
shuffled,3,55,decode,8,8,30.260009225457907,490.679987706244,553.39,32.45,480.14,539.08,0.0
shuffled,3,56,decode,8,8,30.260009225457907,469.36998842284083,532.19,32.41,472.72,532.1,0.0
shuffled,3,57,decode,8,8,30.360009986907244,473.1399822048843,535.89,32.53,476.42,535.79,0.0
shuffled,3,58,decode,8,8,29.610004276037216,472.6499901153147,535.03,31.86,476.27,537.02,0.0
shuffled,3,59,decode,8,8,30.289986170828342,478.6399658769369,542.85,32.52,481.95,542.64,0.0
shuffled,3,60,decode,8,8,31.65000816807151,498.97999269887805,566.19,33.91,502.44,566.07,0.0
shuffled,3,61,decode,8,8,31.4200296998024,507.74001283571124,575.6,33.66,505.12,569.11,0.0
shuffled,3,62,decode,8,8,31.770032364875078,495.04998605698347,561.98,34.06,498.35,561.72,0.0
shuffled,3,63,decode,8,8,31.979987397789955,495.1599985361099,563.35,34.21,498.6,563.21,0.0
shuffled,3,64,decode,7,7,116.24000035226345,497.7000062353909,649.5,118.52,501.14,649.4,0.0
shuffled,3,65,decode,7,7,30.610011890530586,494.420004542917,560.55,32.76,497.92,560.46,0.0
shuffled,3,66,decode,6,6,97.7099989540875,493.78001131117344,627.4,99.97,497.43,627.35,0.0
shuffled,3,67,decode,6,6,28.399983420968056,523.3599804341793,587.2,30.66,509.63,569.33,0.0
shuffled,3,68,decode,5,5,99.27997598424554,499.1600289940834,634.7,101.59,503.1,634.64,0.0
shuffled,3,69,decode,5,5,28.749986086040735,501.10998563468456,564.4,30.93,504.65,564.21,0.0
shuffled,3,70,decode,4,4,98.59999408945441,504.6500009484589,640.72,100.84,508.52,640.6,0.0
shuffled,3,71,decode,4,4,25.900022592395544,506.1799893155694,568.04,28.22,509.65,567.81,0.0
shuffled,3,72,decode,3,3,81.90999506041408,515.2400117367506,634.69,84.03,508.59,623.91,0.0
shuffled,3,73,decode,3,3,24.480046704411507,503.94999561831355,563.8,26.81,507.67,563.58,0.0
shuffled,3,74,decode,2,2,79.8000255599618,492.5600369460881,607.18,82.02,496.32,609.21,0.0
shuffled,3,75,decode,2,2,22.639986127614975,495.60004845261574,552.01,24.85,498.98,552.07,0.0
shuffled,3,76,decode,1,1,76.83999137952924,498.02998546510935,610.18,79.13,501.58,609.97,0.0
shuffled,3,77,decode,1,1,20.509993191808462,494.22000302001834,548.91,22.85,497.79,548.79,0.0
shuffled,3,78,drain,0,0,75.18,0.0,78.46,74.49,0.0,78.06,0.0
shuffled,4,0,prefill,1,2048,614.6800005808473,858.2400041632354,1556.9,606.38,863.23,1540.43,0.0
shuffled,4,1,prefill,1,2048,47.44000034406781,665.4599565081298,755.6,50.24,669.66,755.16,0.0
shuffled,4,2,prefill,2,2048,540.9000441431999,679.3499924242496,1279.38,544.14,684.05,1276.33,0.0
shuffled,4,3,mixed,2,2048,60.019956436008215,639.4999800249934,742.77,53.27,643.72,732.77,0.0
shuffled,4,4,mixed,3,2048,531.3999718055129,657.0899859070778,1243.81,535.17,661.91,1241.41,0.0
shuffled,4,5,mixed,3,2048,46.71001806855202,613.9000179246068,701.59,49.5,618.33,701.27,0.0
shuffled,4,6,mixed,4,2048,520.9700320847332,630.3500267677009,1203.47,516.34,635.07,1192.52,0.0
shuffled,4,7,mixed,4,2048,48.83995279669762,583.269982598722,671.32,51.4,587.35,670.56,0.0
shuffled,4,8,mixed,5,2048,489.40000124275684,613.1600239314139,1153.45,492.91,617.79,1151.0,0.0
shuffled,4,9,mixed,5,2048,49.23000233247876,593.6799570918083,680.13,51.93,589.87,671.62,0.0
shuffled,4,10,mixed,6,2048,483.99996012449265,606.959976721555,1140.31,487.31,611.68,1140.61,0.0
shuffled,4,11,mixed,6,2048,50.05003185942769,579.0700088255107,665.46,52.42,583.37,665.32,0.0
shuffled,4,12,mixed,7,2048,498.6500134691596,631.9500389508903,1179.7,502.13,620.54,1161.75,0.0
shuffled,4,13,mixed,7,2048,53.90000296756625,581.480038817972,672.04,56.22,585.59,671.96,0.0
shuffled,4,14,mixed,8,2048,479.9599992111325,614.7399544715881,1144.47,483.21,619.14,1142.39,0.0
shuffled,4,15,mixed,8,2048,53.099996875971556,578.8200069218874,668.76,55.4,582.88,668.73,0.0
shuffled,4,16,mixed,8,72,51.780021749436855,705.0699787214398,791.98,54.08,533.63,616.91,0.0
shuffled,4,17,decode,8,8,32.3000131174922,487.5200102105737,554.55,34.55,491.17,554.16,0.0
shuffled,4,18,decode,8,8,31.929987017065287,475.9199800901115,540.38,34.06,479.19,540.34,0.0
shuffled,4,19,decode,8,8,31.170027796179056,475.7600254379213,539.69,33.38,479.23,539.56,0.0
shuffled,4,20,decode,8,8,31.729985494166613,475.45001143589616,539.4,33.94,479.0,539.31,0.0
shuffled,4,21,decode,8,8,31.03999188169837,472.9100037366152,536.81,33.3,476.69,536.8,0.0
shuffled,4,22,decode,8,8,30.9800379909575,492.3800006508827,556.92,33.17,484.95,545.78,0.0
shuffled,4,23,decode,8,8,31.159957870841026,481.5699649043381,545.43,33.29,485.07,545.35,0.0
shuffled,4,24,decode,8,8,31.629984732717276,474.8899955302477,539.34,33.79,478.54,539.24,0.0
shuffled,4,25,decode,8,8,30.909955967217684,477.6500281877816,540.69,33.13,481.15,540.6,0.0
shuffled,4,26,decode,8,8,30.560011509805918,476.9500228576362,542.5,32.66,480.48,542.47,0.0
shuffled,4,27,decode,8,8,31.069968827068806,479.0499806404114,544.13,33.3,482.55,544.11,0.0
shuffled,4,28,decode,8,8,31.329982448369265,490.9600247628987,555.88,33.5,483.97,545.02,0.0
shuffled,4,29,decode,8,8,31.040050089359283,477.84001799300313,541.6,33.18,481.24,541.45,0.0
shuffled,4,30,decode,8,8,30.319963116198778,475.1799860969186,537.88,32.47,478.58,537.88,0.0
shuffled,4,31,decode,8,8,31.519972253590822,473.69999811053276,537.57,33.79,477.24,537.49,0.0
shuffled,4,32,decode,8,8,31.100003980100155,477.1599778905511,540.87,33.28,480.59,540.75,0.0
shuffled,4,33,decode,8,8,30.640047043561935,477.13000094518065,541.59,32.78,480.7,541.45,0.0
shuffled,4,34,decode,8,8,30.579976737499237,488.88998571783304,551.42,32.73,481.6,540.58,0.0
shuffled,4,35,decode,8,8,30.920025892555714,473.6600094474852,537.06,33.08,477.15,537.01,0.0
shuffled,4,36,decode,8,8,30.4799759760499,470.33996088430285,532.67,32.54,473.82,534.71,0.0
shuffled,4,37,decode,8,8,30.120019800961018,469.5699899457395,532.15,32.33,473.03,532.11,0.0
shuffled,4,38,decode,8,8,30.210008844733238,471.8999844044447,534.56,32.34,475.47,534.48,0.0
shuffled,4,39,decode,8,8,30.29999788850546,467.70001063123345,530.1,32.68,471.08,530.0,0.0
shuffled,4,40,decode,8,8,30.330033041536808,481.87997890636325,544.73,32.38,476.57,536.22,0.0
shuffled,4,41,decode,8,8,31.55000740662217,473.31000678241253,538.43,33.87,476.9,538.21,0.0
shuffled,4,42,decode,8,8,30.660012271255255,471.85999574139714,535.61,33.05,475.46,535.27,0.0
shuffled,4,43,decode,8,8,30.789989978075027,477.0000232383609,540.53,33.01,480.48,540.41,0.0
shuffled,4,44,decode,8,8,30.560011509805918,475.95996875315905,539.02,32.71,479.47,538.91,0.0
shuffled,4,45,decode,8,8,31.910021789371967,474.33999134227633,538.97,34.15,477.9,538.84,0.0
shuffled,4,46,decode,8,8,31.220028176903725,474.5999467559159,537.31,33.43,478.03,537.36,0.0
shuffled,4,47,decode,8,8,31.260016839951277,479.6300199814141,545.03,33.67,483.27,544.73,0.0
shuffled,4,48,decode,8,8,30.559953302145004,478.06999646127224,542.42,32.97,481.73,542.12,0.0
shuffled,4,49,decode,8,8,29.5299687422812,474.42998038604856,537.0,31.8,478.02,536.96,0.0
shuffled,4,50,decode,8,8,30.700000934302807,476.24000580981374,539.22,32.97,479.92,539.07,0.0
shuffled,4,51,decode,8,8,31.52998397126794,477.6799469254911,541.4,33.8,481.23,541.52,0.0
shuffled,4,52,decode,8,8,30.4799759760499,469.37004663050175,531.86,32.7,472.84,531.69,0.0
shuffled,4,53,decode,8,8,44.68002589419484,482.0700269192457,561.72,35.4,485.76,550.01,0.0
shuffled,4,54,decode,8,8,30.63003532588482,471.1000365205109,533.68,32.89,474.51,533.47,0.0
shuffled,4,55,decode,8,8,30.920025892555714,468.41002767905593,531.02,33.21,471.64,531.05,0.0
shuffled,4,56,decode,8,8,30.109949875622988,468.50001672282815,530.26,32.23,471.99,530.25,0.0
shuffled,4,57,decode,8,8,30.329974833875895,470.9399654529989,535.42,32.76,474.67,535.22,0.0
shuffled,4,58,decode,8,8,30.38998693227768,470.1600410044193,533.95,32.86,473.71,533.84,0.0
shuffled,4,59,decode,8,8,30.660012271255255,484.1000190936029,547.57,32.81,481.73,541.3,0.0
shuffled,4,60,decode,8,8,30.979979783296585,472.00999688357115,535.01,33.17,475.89,535.05,0.0
shuffled,4,61,decode,8,8,30.60000017285347,472.30999916791916,535.44,32.73,475.87,535.27,0.0
shuffled,4,62,decode,8,8,31.21996996924281,472.7100022137165,535.84,33.33,476.19,535.78,0.0
shuffled,4,63,decode,8,8,31.239993404597044,476.6400088556111,540.64,33.31,480.2,540.51,0.0
shuffled,4,64,decode,7,7,106.54999641701579,478.0599847435951,618.04,108.84,481.62,617.96,0.0
shuffled,4,65,decode,7,7,29.76000541821122,492.7199915982783,556.04,32.01,488.64,548.57,0.0
shuffled,4,66,decode,6,6,95.68996028974652,477.5199922733009,607.79,98.15,480.96,607.7,0.0
shuffled,4,67,decode,6,6,27.570000384002924,476.6599740833044,537.51,29.85,480.14,539.47,0.0
shuffled,4,68,decode,5,5,92.55000622943044,476.90997598692775,603.43,94.91,480.31,603.23,0.0
shuffled,4,69,decode,5,5,25.969988200813532,478.14002027735114,536.06,28.2,481.57,535.82,0.0
shuffled,4,70,decode,4,4,89.95999814942479,476.6599740833044,600.66,92.21,480.2,600.45,0.0
shuffled,4,71,decode,4,4,25.029992684721947,503.5499925725162,561.18,27.27,487.71,541.67,0.0
shuffled,4,72,decode,3,3,74.96000034734607,471.58001689240336,579.15,77.32,475.01,579.0,0.0
shuffled,4,73,decode,3,3,23.3100145123899,476.62999713793397,532.53,25.45,480.3,532.36,0.0
shuffled,4,74,decode,2,2,71.72004552558064,465.5200173147023,569.96,73.85,469.12,569.94,0.0
shuffled,4,75,decode,2,2,20.930019672960043,469.31998804211617,521.76,23.18,472.64,521.61,0.0
shuffled,4,76,decode,1,1,69.20000305399299,467.33999624848366,568.52,71.46,470.71,568.43,0.0
shuffled,4,77,decode,1,1,19.62995156645775,483.5000145249069,534.92,21.75,477.05,524.88,0.0
shuffled,4,78,drain,0,0,69.16,0.0,72.77,68.37,0.0,72.31,0.0
synth,0,0,prefill,1,2048,325.26999711990356,891.020055860281,1302.64,329.83,883.25,1287.77,0.0
synth,0,1,prefill,1,2048,46.10000178217888,655.0499820150435,742.65,48.62,658.91,742.37,0.0
synth,0,2,prefill,2,2048,247.73000041022897,681.0399936512113,982.59,251.07,686.01,980.5,0.0
synth,0,3,mixed,2,2048,47.900015488266945,648.3499892055988,738.97,50.34,652.91,738.68,0.0
synth,0,4,mixed,3,2048,249.04997553676367,661.9999767281115,962.29,252.31,666.05,960.99,0.0
synth,0,5,mixed,3,2048,48.5200434923172,624.44998184219,712.52,50.89,628.55,712.36,0.0
synth,0,6,mixed,4,2048,253.51997464895248,668.6999695375562,974.98,256.79,673.65,972.5,0.0
synth,0,7,mixed,4,2048,48.9699887111783,645.4400136135519,733.06,51.44,634.7,718.63,0.0
synth,0,8,mixed,5,2048,255.6400140747428,651.4800479635596,958.49,258.9,655.61,956.35,0.0
synth,0,9,mixed,5,2048,52.340037655085325,619.2699656821787,709.08,54.48,623.21,708.72,0.0
synth,0,10,mixed,6,2048,256.9800126366317,667.3799944110215,975.02,260.23,660.86,962.89,0.0
synth,0,11,mixed,6,2048,51.270006224513054,619.3000008352101,712.13,53.68,623.59,711.78,0.0
synth,0,12,mixed,7,2048,260.2500026114285,641.4400413632393,951.63,263.47,646.17,949.5,0.0
synth,0,13,mixed,7,2048,53.43998782336712,615.3200520202518,707.79,55.71,619.15,707.43,0.0
synth,0,14,mixed,8,2048,271.60998433828354,636.2000131048262,958.94,260.1,640.86,942.17,0.0
synth,0,15,mixed,8,2048,56.04000762104988,608.2499749027193,702.56,58.24,612.06,702.28,0.0
synth,0,16,mixed,8,72,57.14996950700879,550.309952814132,643.91,59.44,553.9,643.6,0.0
synth,0,17,decode,8,8,33.04000711068511,536.7799894884229,606.45,35.22,540.37,606.12,0.0
synth,0,18,decode,8,8,33.68995385244489,524.5200009085238,595.9,36.33,528.27,595.64,0.0
synth,0,19,decode,8,8,32.39995567128062,548.299984075129,617.99,34.74,539.51,605.05,0.0
synth,0,20,decode,8,8,32.559968531131744,523.109978530556,591.49,35.25,526.72,591.29,0.0
synth,0,21,decode,8,8,32.769981771707535,514.3499583937228,581.5,34.95,518.01,581.55,0.0
synth,0,22,decode,8,8,31.8600214086473,515.4999671503901,583.14,34.43,518.95,582.34,0.0
synth,0,23,decode,8,8,31.610019505023956,523.2099792920053,590.19,33.83,526.57,589.86,0.0
synth,0,24,decode,8,8,32.47999120503664,525.0999820418656,592.59,35.02,528.42,592.33,0.0
synth,0,25,decode,8,8,33.240008633583784,516.9399664737284,585.98,35.57,520.73,585.92,0.0
synth,0,26,decode,8,8,32.07003464922309,517.5200058147311,582.84,34.32,521.08,582.73,0.0
synth,0,27,decode,8,8,32.12998853996396,496.87002319842577,563.79,34.6,500.84,563.38,0.0
synth,0,28,decode,8,8,32.8199821524322,488.5600064881146,556.07,35.46,492.13,555.49,0.0
synth,0,29,decode,8,8,32.14000025764108,491.6900070384145,559.41,34.79,495.31,559.02,0.0
synth,0,30,decode,8,8,32.47999120503664,497.0300360582769,563.08,34.85,487.63,550.45,0.0
synth,0,31,decode,8,8,31.279982067644596,484.8300013691187,549.38,33.65,488.52,548.93,0.0
synth,0,32,decode,8,8,31.419971492141485,481.9700261577964,547.39,33.75,485.33,546.84,0.0
synth,0,33,decode,8,8,31.010014936327934,485.10998021811247,549.41,33.07,488.76,549.11,0.0
synth,0,34,decode,8,8,31.080038752406836,483.2199774682522,547.51,33.3,486.45,547.03,0.0
synth,0,35,decode,8,8,31.08999226242304,483.0799880437553,547.13,33.24,486.72,547.04,0.0
synth,0,36,decode,8,8,31.23003989458084,486.6499803029001,550.81,33.42,490.5,550.71,0.0
synth,0,37,decode,8,8,31.08999226242304,486.6700037382543,551.4,33.35,489.99,551.04,0.0
synth,0,38,decode,8,8,30.61996540054679,491.65997188538313,555.36,32.8,495.39,555.23,0.0
synth,0,39,decode,8,8,33.05001882836223,501.8800147809088,570.43,35.09,505.75,570.11,0.0
synth,0,40,decode,8,8,33.469987101852894,500.1300014555454,568.84,35.65,503.34,568.49,0.0
synth,0,41,decode,8,8,33.36998634040356,502.5999853387475,570.99,35.51,506.2,570.59,0.0
synth,0,42,decode,8,8,32.480049412697554,498.17003309726715,572.89,34.63,501.55,567.05,0.0
synth,0,43,decode,8,8,33.49001053720713,504.0700198151171,573.73,35.75,507.46,573.29,0.0
synth,0,44,decode,8,8,33.93000224605203,499.6999632567167,568.22,36.0,503.28,568.27,0.0
synth,0,45,decode,8,8,32.88994776085019,498.2000100426376,566.06,35.06,501.95,566.02,0.0
synth,0,46,decode,8,8,33.840013202279806,499.0700399503112,566.38,35.98,502.27,566.12,0.0
synth,0,47,decode,8,8,32.94000634923577,498.52998927235603,565.42,34.98,501.89,565.26,0.0
synth,0,48,decode,8,8,33.05001882836223,514.8100317455828,583.13,35.2,507.32,574.84,0.0
synth,0,49,decode,8,8,33.329997677356005,506.71002827584743,575.3,35.66,510.14,574.93,0.0
synth,0,50,decode,8,8,34.29001662880182,502.4499841965735,572.33,36.38,505.96,572.18,0.0
synth,0,51,decode,8,8,33.90002530068159,500.3100377507508,569.62,36.13,504.04,569.6,0.0
synth,0,52,decode,8,8,32.52999158576131,498.90001537278295,565.54,34.65,502.63,565.57,0.0
synth,0,53,decode,8,8,33.42999843880534,503.7800292484462,572.64,35.54,507.2,572.5,0.0
synth,0,54,decode,8,8,33.86003663763404,526.5300278551877,596.56,36.04,519.71,585.91,0.0
synth,0,55,decode,8,8,33.42999843880534,503.7700175307691,573.51,35.87,507.66,573.45,0.0
synth,0,56,decode,8,8,32.80997043475509,497.0500012859702,565.18,34.96,500.4,565.05,0.0
synth,0,57,decode,8,8,32.70996967330575,499.99001203104854,567.14,35.03,503.35,567.01,0.0
synth,0,58,decode,8,8,33.01998367533088,496.49004358798265,564.51,35.14,499.96,564.32,0.0
synth,0,59,decode,8,8,32.26002445444465,494.73001854494214,562.24,34.32,498.27,562.2,0.0
synth,0,60,decode,8,8,33.069984056055546,511.4400410093367,580.07,35.34,506.83,571.41,0.0
synth,0,61,decode,8,8,33.30002073198557,502.3900303058326,570.48,35.47,506.01,570.41,0.0
synth,0,62,decode,8,8,32.540003303438425,497.57998203858733,565.31,34.77,501.11,564.99,0.0
synth,0,63,decode,8,8,33.179996535182,500.23000221699476,568.69,35.26,503.88,568.79,0.0
synth,0,64,decode,7,7,124.41002763807774,508.39001778513193,670.5,126.69,512.16,670.65,0.0
synth,0,65,decode,7,7,31.459960155189037,503.3200141042471,571.03,33.63,506.86,570.91,0.0
synth,0,66,decode,6,6,121.41000479459763,503.93998390063643,661.95,114.39,507.53,652.51,0.0
synth,0,67,decode,6,6,30.84004856646061,504.9899918958545,572.01,33.08,509.02,571.92,0.0
synth,0,68,decode,5,5,103.09001663699746,498.3600229024887,638.28,105.43,502.08,638.21,0.0
synth,0,69,decode,5,5,29.32001370936632,502.3899720981717,567.1,31.52,506.13,567.03,0.0
synth,0,70,decode,4,4,103.64997433498502,497.01001262292266,636.9,106.07,500.52,636.61,0.0
synth,0,71,decode,4,4,27.139962185174227,512.2099537402391,573.93,29.3,509.34,567.46,0.0
synth,0,72,decode,3,3,81.94998372346163,504.75000170990825,622.08,84.2,508.43,622.11,0.0
synth,0,73,decode,3,3,24.839944671839476,497.4299808964133,558.51,27.0,500.76,558.15,0.0
synth,0,74,decode,2,2,82.09998486563563,495.98002806305885,613.55,84.2,499.7,613.44,0.0
synth,0,75,decode,2,2,23.70000584051013,495.5900367349386,553.2,25.89,499.12,553.1,0.0
synth,0,76,decode,1,1,82.09998486563563,496.13998271524906,614.06,84.44,499.66,614.07,0.0
synth,0,77,decode,1,1,21.570012904703617,516.0199943929911,573.84,23.8,505.69,562.14,0.0
synth,0,78,drain,0,0,77.67,0.0,81.38,76.65,0.0,80.73,0.0
synth,1,0,prefill,1,2048,339.4599771127105,911.5900029428303,1349.49,344.56,916.93,1345.35,0.0
synth,1,1,prefill,1,2048,48.659974709153175,668.7399582006037,761.46,51.39,661.41,749.42,0.0
synth,1,2,prefill,2,2048,257.6800179667771,664.0400388278067,975.28,261.06,668.97,973.02,0.0
synth,1,3,mixed,2,2048,45.34999607130885,610.7299705035985,694.51,47.77,614.72,694.32,0.0
synth,1,4,mixed,3,2048,247.73995392024517,627.1300371736288,926.59,250.9,631.28,924.44,0.0
synth,1,5,mixed,3,2048,49.36999175697565,629.9400120042264,720.88,51.97,634.36,720.7,0.0
synth,1,6,mixed,4,2048,258.46000062301755,658.0899935215712,967.41,261.59,662.58,965.39,0.0
synth,1,7,mixed,4,2048,48.990012146532536,629.9599772319198,716.31,51.22,634.15,719.06,0.0
synth,1,8,mixed,5,2048,263.9699960127473,681.3799845986068,998.37,266.82,674.09,983.9,0.0
synth,1,9,mixed,5,2048,51.309994887560606,630.9800082817674,722.34,53.97,635.48,722.14,0.0
synth,1,10,mixed,6,2048,263.4699922055006,656.6399824805558,973.02,266.74,661.11,970.53,0.0
synth,1,11,mixed,6,2048,52.749994210898876,627.8100190684199,720.08,55.58,632.35,719.71,0.0
synth,1,12,mixed,7,2048,257.4200043454766,647.9699513874948,958.35,260.66,652.35,956.22,0.0
synth,1,13,mixed,7,2048,55.00001134350896,613.320036791265,708.27,57.75,617.38,708.03,0.0
synth,1,14,mixed,8,2048,258.8499919511378,627.3899925872684,936.2,261.87,631.51,933.52,0.0
synth,1,15,mixed,8,2048,55.35996751859784,629.3299957178533,723.01,57.75,627.28,716.72,0.0
synth,1,16,mixed,8,72,56.40997551381588,561.7399583570659,656.28,58.8,565.3,655.7,0.0
synth,1,17,decode,8,8,31.000003218650818,535.6899928301573,602.15,33.18,539.11,601.87,0.0
synth,1,18,decode,8,8,29.610004276037216,522.9699891060591,586.03,31.63,526.5,585.69,0.0
synth,1,19,decode,8,8,30.210008844733238,522.0599705353379,585.88,32.25,525.54,585.69,0.0
synth,1,20,decode,8,8,29.68998160213232,518.4600013308227,583.24,31.88,522.17,582.88,0.0
synth,1,21,decode,8,8,30.520022846758366,515.7400155439973,581.22,32.8,519.02,580.58,0.0
synth,1,22,decode,8,8,29.210001230239868,507.5599765405059,570.39,31.39,510.99,570.06,0.0
synth,1,23,decode,8,8,29.870017897337675,509.57000348716974,573.61,32.54,513.0,573.21,0.0
synth,1,24,decode,8,8,30.149996746331453,513.2099613547325,578.05,32.85,516.69,577.83,0.0
synth,1,25,decode,8,8,30.75995482504368,494.9300200678408,561.03,33.47,498.6,560.43,0.0
synth,1,26,decode,8,8,29.579969123005867,499.6199859306216,563.96,32.26,494.91,555.78,0.0
synth,1,27,decode,8,8,30.039984267205,494.23001473769546,558.52,32.45,497.48,557.99,0.0
synth,1,28,decode,8,8,28.959999326616526,489.25000010058284,550.54,31.0,492.42,550.44,0.0
synth,1,29,decode,8,8,29.060000088065863,481.36000987142324,541.43,31.1,484.72,541.15,0.0
synth,1,30,decode,8,8,28.94998760893941,476.5699850395322,537.48,31.37,479.92,537.28,0.0
synth,1,31,decode,8,8,28.98997627198696,480.070011690259,539.99,31.04,483.42,541.67,0.0
synth,1,32,decode,8,8,28.369948267936707,477.33000246807933,537.35,30.49,480.63,536.97,0.0
synth,1,33,decode,8,8,28.849986847490072,479.03996892273426,539.15,30.88,482.32,538.73,0.0
synth,1,34,decode,8,8,29.229966457933187,471.86994925141335,532.32,31.22,475.2,532.23,0.0
synth,1,35,decode,8,8,29.28002504631877,470.9300119429827,531.99,31.36,474.42,531.65,0.0
synth,1,36,decode,8,8,28.94998760893941,472.2599987871945,532.25,31.01,475.47,532.0,0.0
synth,1,37,decode,8,8,28.849986847490072,473.83003402501345,535.06,31.12,477.2,534.64,0.0
synth,1,38,decode,8,8,29.38997931778431,468.190002720803,528.35,31.42,471.4,528.25,0.0
synth,1,39,decode,8,8,29.439979698508978,482.68004320561886,542.71,31.5,480.45,537.17,0.0
synth,1,40,decode,8,8,28.909998945891857,473.1600056402385,532.84,31.05,476.33,532.65,0.0
synth,1,41,decode,8,8,28.98002276197076,467.68999891355634,528.53,31.01,470.81,528.4,0.0
synth,1,42,decode,8,8,29.07001180574298,464.3200081773102,524.36,31.16,467.43,524.24,0.0
synth,1,43,decode,8,8,28.67000875994563,462.1999687515199,522.07,30.68,465.44,521.87,0.0
synth,1,44,decode,8,8,29.58002733066678,467.3899966292083,527.56,31.56,470.56,527.3,0.0
synth,1,45,decode,8,8,29.349990654736757,471.14002518355846,531.48,31.33,467.75,524.7,0.0
synth,1,46,decode,8,8,28.890033718198538,462.8199967555702,522.16,30.88,465.83,521.92,0.0
synth,1,47,decode,8,8,29.29999027401209,462.3099812306464,522.36,31.4,465.4,522.21,0.0
synth,1,48,decode,8,8,28.729962650686502,457.7299696393311,516.21,30.82,460.95,516.13,0.0
synth,1,49,decode,8,8,28.530019335448742,460.0600223056972,518.84,30.57,463.44,518.69,0.0
synth,1,50,decode,8,8,29.040034860372543,458.9400487020612,518.06,31.07,461.9,517.89,0.0
synth,1,51,decode,8,8,28.870010282844305,459.6300423145294,518.9,30.9,462.86,518.69,0.0
synth,1,52,decode,8,8,29.399991035461426,462.9800096154213,523.88,31.78,466.2,523.77,0.0
synth,1,53,decode,8,8,29.19998951256275,465.9700207412243,525.84,31.23,469.16,525.77,0.0
synth,1,54,decode,8,8,29.03997665271163,463.03000999614596,523.22,31.1,466.23,523.08,0.0
synth,1,55,decode,8,8,28.93002238124609,465.6199598684907,525.11,31.13,469.03,524.99,0.0
synth,1,56,decode,8,8,28.380018193274736,463.83001608774066,522.84,30.47,467.2,522.91,0.0
synth,1,57,decode,8,8,28.59998494386673,466.68003778904676,526.44,30.61,469.92,526.27,0.0
synth,1,58,decode,8,8,29.130023904144764,477.86999493837357,538.38,31.19,475.35,532.48,0.0
synth,1,59,decode,8,8,29.480026569217443,486.3700014539063,549.73,31.6,490.14,549.84,0.0
synth,1,60,decode,8,8,32.279989682137966,500.71999430656433,567.46,34.36,504.34,567.45,0.0
synth,1,61,decode,8,8,33.400021493434906,494.039966724813,561.67,35.63,497.57,561.54,0.0
synth,1,62,decode,8,8,31.579984351992607,500.15002489089966,567.24,33.86,504.21,569.68,0.0
synth,1,63,decode,8,8,33.19996176287532,492.8900161758065,561.71,35.54,496.27,561.6,0.0
synth,1,64,decode,7,7,112.42000618949533,512.579979840666,660.07,114.63,508.14,651.98,0.0
synth,1,65,decode,7,7,32.69000444561243,496.6199630871415,570.79,34.99,499.96,570.59,0.0
synth,1,66,decode,6,6,98.19999104365706,492.1299987472594,626.16,100.43,495.7,625.89,0.0
synth,1,67,decode,6,6,30.00994911417365,500.57994667440653,566.59,32.14,504.39,566.56,0.0
synth,1,68,decode,5,5,99.0999978967011,497.51001643016934,639.02,101.28,500.91,639.07,0.0
synth,1,69,decode,5,5,29.950053431093693,496.63998652249575,561.86,32.24,499.84,561.47,0.0
synth,1,70,decode,4,4,99.28998770192266,505.76997455209494,642.96,101.69,509.6,642.92,0.0
synth,1,71,decode,4,4,27.780013624578714,502.03996943309903,565.02,29.79,505.7,564.93,0.0
synth,1,72,decode,3,3,80.43000707402825,496.7699642293155,612.49,82.77,500.37,612.46,0.0
synth,1,73,decode,3,3,25.100016500800848,503.5399808548391,564.18,27.28,507.07,564.03,0.0
synth,1,74,decode,2,2,79.76999040693045,500.58000488206744,616.98,82.03,504.28,616.92,0.0
synth,1,75,decode,2,2,22.269960027188063,526.0899779386818,584.26,24.51,514.79,569.07,0.0
synth,1,76,decode,1,1,76.36001100763679,492.54001351073384,605.88,78.9,496.42,605.97,0.0
synth,1,77,decode,1,1,19.880011677742004,497.45000433176756,553.07,21.93,501.1,552.97,0.0
synth,1,78,drain,0,0,76.07,0.0,79.56,75.18,0.0,79.06,0.0
synth,2,0,prefill,1,2048,317.71004432812333,841.0299778915942,1244.48,322.49,846.29,1239.61,0.0
synth,2,1,prefill,1,2048,47.690002247691154,639.5300151780248,731.16,50.47,644.65,730.55,0.0
synth,2,2,prefill,2,2048,264.4199994392693,656.1700138263404,974.7,261.24,660.71,965.27,0.0
synth,2,3,mixed,2,2048,46.160013880580664,612.7600208856165,699.33,48.86,617.25,699.02,0.0
synth,2,4,mixed,3,2048,239.47999579831958,629.9699889495969,920.95,242.92,634.33,918.24,0.0
synth,2,5,mixed,3,2048,46.850007493048906,590.3100245632231,675.79,49.5,595.13,676.11,0.0
synth,2,6,mixed,4,2048,246.1499534547329,645.2800007537007,940.76,249.17,650.19,938.49,0.0
synth,2,7,mixed,4,2048,47.720037400722504,610.469956882298,695.44,50.16,615.08,694.93,0.0
synth,2,8,mixed,5,2048,245.97998708486557,640.2800208888948,936.02,249.5,645.61,934.03,0.0
synth,2,9,mixed,5,2048,49.05002424493432,614.1100311651826,700.88,51.48,611.29,693.33,0.0
synth,2,10,mixed,6,2048,250.93997828662395,631.8700034171343,932.74,253.92,636.27,930.21,0.0
synth,2,11,mixed,6,2048,53.62997762858868,609.8900339566171,702.67,56.1,614.55,702.28,0.0
synth,2,12,mixed,7,2048,251.58998323604465,648.1300224550068,950.82,254.94,643.64,939.58,0.0
synth,2,13,mixed,7,2048,55.240001529455185,604.1399901732802,698.8,58.05,608.63,698.67,0.0
synth,2,14,mixed,8,2048,252.0600100979209,624.6300181373954,925.94,255.32,629.15,923.58,0.0
synth,2,15,mixed,8,2048,54.329982958734035,586.2600519321859,677.98,56.71,590.67,677.7,0.0
synth,2,16,mixed,8,72,51.130016800016165,513.319973833859,602.02,53.68,517.2,601.5,0.0
synth,2,17,decode,8,8,32.279989682137966,510.38997480645776,587.19,35.73,513.97,580.29,0.0
synth,2,18,decode,8,8,31.08999226242304,500.019988976419,566.87,33.71,503.85,566.57,0.0
synth,2,19,decode,8,8,30.889990739524364,496.78998766466975,561.7,33.42,500.23,561.59,0.0
synth,2,20,decode,8,8,30.019960831850767,487.620010972023,550.72,32.18,490.99,550.35,0.0
synth,2,21,decode,8,8,30.49004590138793,485.98996363580227,550.88,33.08,489.55,550.8,0.0
synth,2,22,decode,8,8,29.939983505755663,483.7500164285302,547.91,32.33,487.35,547.63,0.0
synth,2,23,decode,8,8,30.910014174878597,497.3200266249478,575.64,33.53,501.51,564.57,0.0
synth,2,24,decode,8,8,30.169961974024773,493.4599855914712,558.39,32.43,497.18,558.02,0.0
synth,2,25,decode,8,8,29.88002961501479,496.0100050084293,560.8,32.54,499.83,560.41,0.0
synth,2,26,decode,8,8,30.679977498948574,495.5800250172615,561.52,32.78,499.4,560.98,0.0
synth,2,27,decode,8,8,30.589988455176353,498.01002023741603,563.69,32.85,501.87,563.44,0.0
synth,2,28,decode,8,8,32.08999987691641,500.9699962101877,567.55,34.63,504.57,567.41,0.0
synth,2,29,decode,8,8,31.439994927495718,499.71003318205476,568.96,34.69,503.54,568.7,0.0
synth,2,30,decode,8,8,29.19998951256275,496.66000995785,561.36,32.48,500.32,561.14,0.0
synth,2,31,decode,8,8,30.040042474865913,480.9499951079488,544.47,32.35,484.44,546.79,0.0
synth,2,32,decode,8,8,29.76000541821122,475.60001257807016,538.34,31.92,479.05,537.96,0.0
synth,2,33,decode,8,8,30.169961974024773,473.76996371895075,538.06,32.73,477.76,538.09,0.0
synth,2,34,decode,8,8,29.849994461983442,478.21999760344625,542.88,32.36,481.68,542.5,0.0
synth,2,35,decode,8,8,42.849977035075426,473.6499977298081,549.49,33.09,477.04,537.43,0.0
synth,2,36,decode,8,8,29.849994461983442,469.5800016634166,531.99,31.94,473.04,532.12,0.0
synth,2,37,decode,8,8,29.789982363581657,466.9399932026863,529.32,31.97,470.52,529.24,0.0
synth,2,38,decode,8,8,30.210008844733238,472.00999688357115,534.26,32.49,475.41,534.1,0.0
synth,2,39,decode,8,8,29.789982363581657,471.4700044132769,533.37,31.79,475.07,533.23,0.0
synth,2,40,decode,8,8,29.72001675516367,469.4100352935493,531.84,31.73,473.29,531.6,0.0
synth,2,41,decode,8,8,30.23003228008747,486.34997801855206,549.11,32.38,483.17,542.23,0.0
synth,2,42,decode,8,8,30.61996540054679,474.6100166812539,537.32,32.88,477.84,537.28,0.0
synth,2,43,decode,8,8,29.220012947916985,468.73994870111346,529.18,31.29,472.08,529.05,0.0
synth,2,44,decode,8,8,29.150047339498997,468.6100292019546,529.03,31.22,471.93,529.14,0.0
synth,2,45,decode,8,8,28.85999856516719,467.41997357457876,527.26,30.98,470.49,527.21,0.0
synth,2,46,decode,8,8,28.749986086040735,465.8499965444207,525.55,30.87,469.15,525.74,0.0
synth,2,47,decode,8,8,28.67000875994563,486.83001659810543,546.22,30.79,477.6,533.57,0.0
synth,2,48,decode,8,8,29.530026949942112,474.85996037721634,536.22,31.78,478.21,536.14,0.0
synth,2,49,decode,8,8,29.28002504631877,470.5199971795082,530.52,31.38,473.69,530.33,0.0
synth,2,50,decode,8,8,28.830021619796753,461.5299985744059,520.91,30.89,464.95,520.88,0.0
synth,2,51,decode,8,8,28.42996036633849,462.30002772063017,521.31,30.55,465.41,521.2,0.0
synth,2,52,decode,8,8,28.679962269961834,457.61995716020465,517.15,30.72,460.7,517.02,0.0
synth,2,53,decode,8,8,28.45999551936984,458.7500006891787,517.67,30.47,461.85,517.61,0.0
synth,2,54,decode,8,8,28.399983420968056,462.6800073310733,523.12,30.55,466.32,523.06,0.0
synth,2,55,decode,8,8,28.37000647559762,463.1299525499344,521.75,30.41,466.25,521.72,0.0
synth,2,56,decode,8,8,28.870010282844305,460.6200382113457,520.07,30.93,463.8,519.93,0.0
synth,2,57,decode,8,8,28.730020858347416,458.62002298235893,517.31,30.75,461.7,517.29,0.0
synth,2,58,decode,8,8,29.239978175610304,466.770026832819,526.63,31.21,470.15,526.66,0.0
synth,2,59,decode,8,8,28.50999590009451,462.9999748431146,522.39,30.56,465.99,522.26,0.0
synth,2,60,decode,8,8,28.059992473572493,473.97002344951034,532.69,30.09,471.02,528.95,0.0
synth,2,61,decode,8,8,29.270013328641653,464.86000064760447,525.01,31.21,468.04,524.9,0.0
synth,2,62,decode,8,8,28.67000875994563,464.03997112065554,522.69,30.82,467.28,522.79,0.0
synth,2,63,decode,8,8,28.37000647559762,468.3099687099457,527.6,30.39,471.72,527.41,0.0
synth,2,64,decode,7,7,106.0499926097691,477.760040666908,617.33,108.15,481.42,617.13,0.0
synth,2,65,decode,7,7,31.730043701827526,498.32998774945736,565.58,34.23,502.02,565.38,0.0
synth,2,66,decode,6,6,102.56998939439654,512.1899885125458,657.44,105.03,505.77,647.07,0.0
synth,2,67,decode,6,6,29.98998388648033,497.2799797542393,563.64,32.13,500.88,563.52,0.0
synth,2,68,decode,5,5,102.7500256896019,498.99000441655517,638.03,104.9,502.58,637.89,0.0
synth,2,69,decode,5,5,27.730013243854046,494.07000187784433,555.49,29.97,497.26,555.43,0.0
synth,2,70,decode,4,4,95.86999658495188,486.7400275543332,617.28,98.06,490.09,617.19,0.0
synth,2,71,decode,4,4,25.510031264275312,485.8400207012892,543.69,27.66,489.3,543.72,0.0
synth,2,72,decode,3,3,87.83000521361828,490.390055347234,612.78,81.17,493.81,604.01,0.0
synth,2,73,decode,3,3,25.31998325139284,497.31001490727067,558.34,27.54,500.92,558.34,0.0
synth,2,74,decode,2,2,78.59000470489264,497.87003081291914,613.37,80.72,501.3,613.22,0.0
synth,2,75,decode,2,2,23.289991077035666,494.6300177834928,554.22,25.65,498.32,554.14,0.0
synth,2,76,decode,1,1,76.92002691328526,498.75001423060894,611.28,79.3,502.47,611.26,0.0
synth,2,77,decode,1,1,21.220010239630938,492.02999798581004,548.25,23.3,495.53,548.09,0.0
synth,2,78,drain,0,0,80.41,0.0,84.24,79.52,0.0,83.66,0.0
synth,3,0,prefill,1,2048,311.52000883594155,844.2699909210205,1241.18,316.04,849.94,1236.38,0.0
synth,3,1,prefill,1,2048,49.080001190304756,677.4300127290189,771.55,52.02,666.91,754.8,0.0
synth,3,2,prefill,2,2048,252.17997608706355,662.8700066357851,971.07,256.04,667.88,968.57,0.0
synth,3,3,mixed,2,2048,47.01002035290003,612.7699743956327,700.78,49.51,617.09,700.15,0.0
synth,3,4,mixed,3,2048,241.64002388715744,635.72998624295,927.61,244.8,640.46,924.98,0.0
synth,3,5,mixed,3,2048,48.359972424805164,618.099991697818,707.37,50.71,622.62,706.87,0.0
synth,3,6,mixed,4,2048,246.8000166118145,639.8099940270185,939.2,250.01,644.83,936.87,0.0
synth,3,7,mixed,4,2048,48.94001176580787,615.5800074338913,704.09,51.35,620.15,706.52,0.0
synth,3,8,mixed,5,2048,252.16001085937023,661.4999729208648,965.47,255.05,657.06,954.33,0.0
synth,3,9,mixed,5,2048,50.84002623334527,612.8299864940345,702.73,53.43,617.35,702.14,0.0
synth,3,10,mixed,6,2048,250.13001868501306,628.4199771471322,928.33,253.05,633.22,925.82,0.0
synth,3,11,mixed,6,2048,49.71999442204833,601.0499782860279,689.32,51.99,605.88,689.28,0.0
synth,3,12,mixed,7,2048,243.3799672871828,612.1500045992434,904.3,246.66,616.99,902.35,0.0
synth,3,13,mixed,7,2048,52.66995867714286,579.8700149171054,669.07,54.98,584.25,668.54,0.0
synth,3,14,mixed,8,2048,244.52997604385018,609.3099946156144,902.49,248.09,614.0,899.95,0.0
synth,3,15,mixed,8,2048,53.800002206116915,595.7700195722282,687.32,56.07,586.87,673.88,0.0
synth,3,16,mixed,8,72,52.830029744654894,514.5799950696528,602.64,55.25,518.51,602.09,0.0
synth,3,17,decode,8,8,32.87999425083399,495.0799630023539,562.61,35.27,498.78,562.5,0.0
synth,3,18,decode,8,8,31.780044082552195,493.3800082653761,559.55,34.06,496.97,559.34,0.0
synth,3,19,decode,8,8,31.82998625561595,479.62000826373696,544.69,34.05,483.28,544.49,0.0
synth,3,20,decode,8,8,31.489995308220387,482.1899929083884,548.14,33.62,485.91,548.09,0.0
synth,3,21,decode,8,8,31.229981686919928,498.83004976436496,564.54,33.38,493.05,554.62,0.0
synth,3,22,decode,8,8,31.81002102792263,480.93002988025546,546.96,34.24,484.58,546.96,0.0
synth,3,23,decode,8,8,31.100003980100155,478.89002598822117,542.89,33.24,482.34,542.59,0.0
synth,3,24,decode,8,8,30.520022846758366,476.55001981183887,539.56,32.52,479.91,539.46,0.0
synth,3,25,decode,8,8,31.61997301504016,470.76999908313155,534.96,33.79,474.22,534.93,0.0
synth,3,26,decode,8,8,30.679977498948574,475.6900016218424,539.3,32.94,479.2,539.1,0.0
synth,3,27,decode,8,8,30.68998921662569,470.949977170676,547.44,32.97,474.54,536.17,0.0
synth,3,28,decode,8,8,30.879979021847248,472.9299689643085,536.63,33.25,476.56,536.55,0.0
synth,3,29,decode,8,8,31.189993023872375,471.50999307632446,535.71,33.39,474.91,535.7,0.0
synth,3,30,decode,8,8,30.789989978075027,469.1100330092013,532.11,32.95,472.61,532.15,0.0
synth,3,31,decode,8,8,30.010007321834564,472.81995648518205,535.35,32.25,476.18,535.36,0.0
synth,3,32,decode,8,8,31.21001645922661,471.8899726867676,535.16,33.36,475.41,536.74,0.0
synth,3,33,decode,8,8,30.789989978075027,471.55999345704913,534.44,32.95,474.98,534.37,0.0
synth,3,34,decode,8,8,39.5399983972311,475.8400027640164,548.42,34.61,479.43,541.24,0.0
synth,3,35,decode,8,8,31.07002703472972,476.67004400864244,540.61,33.33,479.98,540.57,0.0
synth,3,36,decode,8,8,31.489995308220387,476.47999599575996,542.15,33.67,480.02,541.98,0.0
synth,3,37,decode,8,8,31.589996069669724,471.7399715445936,536.01,33.95,475.26,536.03,0.0
synth,3,38,decode,8,8,30.959956347942352,478.23996283113956,541.72,33.11,481.68,541.64,0.0
synth,3,39,decode,8,8,31.710020266473293,479.1400278918445,543.74,33.84,482.57,543.73,0.0
synth,3,40,decode,8,8,31.139992643147707,488.3399815298617,551.86,33.22,485.36,545.38,0.0
synth,3,41,decode,8,8,31.379982829093933,477.99001913517714,543.82,33.81,481.71,543.59,0.0
synth,3,42,decode,8,8,31.050003599375486,480.070011690259,543.67,33.18,483.63,543.46,0.0
synth,3,43,decode,8,8,30.939991120249033,467.289995867759,530.62,33.07,470.65,530.54,0.0
synth,3,44,decode,8,8,30.86996730417013,468.9000197686255,531.96,32.99,472.43,531.81,0.0
synth,3,45,decode,8,8,30.67002398893237,467.5100208260119,531.19,32.88,470.93,530.99,0.0
synth,3,46,decode,8,8,31.82998625561595,477.71999379619956,541.78,33.97,474.89,535.08,0.0
synth,3,47,decode,8,8,30.710012651979923,470.3800077550113,533.76,32.83,473.88,533.8,0.0
synth,3,48,decode,8,8,30.789989978075027,469.5699899457395,532.16,33.0,472.95,532.09,0.0
synth,3,49,decode,8,8,30.850002076476812,468.259968329221,531.66,32.99,471.69,531.61,0.0
synth,3,50,decode,8,8,30.509952921420336,468.42999290674925,531.1,32.69,471.75,530.9,0.0
synth,3,51,decode,8,8,31.8600214086473,472.1999866887927,537.32,34.0,475.67,537.19,0.0
synth,3,52,decode,8,8,31.90001007169485,486.6599920205772,551.11,34.39,480.6,541.9,0.0
synth,3,53,decode,8,8,31.07002703472972,477.899971883744,543.6,33.62,481.69,543.28,0.0
synth,3,54,decode,8,8,30.789989978075027,471.0900248028338,534.06,32.9,474.65,534.01,0.0
synth,3,55,decode,8,8,30.459952540695667,472.53002412617207,535.35,32.72,475.84,535.2,0.0
synth,3,56,decode,8,8,31.119969207793474,477.23000170663,540.28,33.19,480.81,540.11,0.0
synth,3,57,decode,8,8,31.029980164021254,478.5599885508418,542.17,33.18,482.0,542.16,0.0
synth,3,58,decode,8,8,31.909963581711054,476.54996160417795,540.55,34.27,480.05,540.5,0.0
synth,3,59,decode,8,8,31.610019505023956,476.53994988650084,541.61,33.89,479.9,541.38,0.0
synth,3,60,decode,8,8,31.069968827068806,475.5699774250388,539.11,33.22,479.11,539.06,0.0
synth,3,61,decode,8,8,31.019968446344137,472.5499893538654,536.93,33.22,476.15,536.87,0.0
synth,3,62,decode,8,8,30.690047424286604,472.6399783976376,535.94,32.92,476.0,535.74,0.0
synth,3,63,decode,8,8,30.800001695752144,470.2900187112391,532.98,33.02,473.73,534.1,0.0
synth,3,64,decode,7,7,106.08998127281666,472.3399761132896,611.47,108.36,475.82,611.45,0.0
synth,3,65,decode,7,7,30.939991120249033,475.0300431624055,541.52,33.8,478.53,541.22,0.0
synth,3,66,decode,6,6,93.99000555276871,468.29000348225236,594.84,96.27,471.67,594.77,0.0
synth,3,67,decode,6,6,28.130016289651394,470.9400236606598,531.75,30.33,474.44,531.66,0.0
synth,3,68,decode,5,5,90.0399754755199,469.01003224775195,592.72,92.27,472.5,592.58,0.0
synth,3,69,decode,5,5,26.80998295545578,472.9300271719694,532.5,29.1,476.6,532.41,0.0
synth,3,70,decode,4,4,89.749984908849,469.6999676525593,592.91,91.99,473.26,592.9,0.0
synth,3,71,decode,4,4,25.450019165873528,486.5300143137574,545.51,27.56,489.96,545.46,0.0
synth,3,72,decode,3,3,75.67001739516854,472.14003279805183,581.08,77.93,475.57,581.0,0.0
synth,3,73,decode,3,3,23.17002508789301,474.92003068327904,529.76,25.3,478.35,529.52,0.0
synth,3,74,decode,2,2,73.54997796937823,472.4200116470456,578.81,75.78,476.09,578.85,0.0
synth,3,75,decode,2,2,21.549989469349384,488.68003068491817,543.02,23.75,492.34,543.08,0.0
synth,3,76,decode,1,1,74.08997043967247,492.4999666400254,601.68,76.34,496.36,601.52,0.0
synth,3,77,decode,1,1,21.659943740814924,503.08997742831707,559.29,23.87,506.56,559.03,0.0
synth,3,78,drain,0,0,74.36,0.0,77.67,73.72,0.0,77.1,0.0
synth,4,0,prefill,1,2048,318.7700058333576,846.7700099572539,1250.47,316.64,852.15,1239.15,0.0
synth,4,1,prefill,1,2048,47.79000300914049,644.1400037147105,734.42,50.65,648.76,733.83,0.0
synth,4,2,prefill,2,2048,248.60003031790257,666.2000087089837,967.94,251.88,670.54,965.85,0.0
synth,4,3,mixed,2,2048,46.36996891349554,645.6300034187734,732.75,48.81,639.51,721.79,0.0
synth,4,4,mixed,3,2048,248.22005070745945,655.4800202138722,955.98,251.5,660.2,953.65,0.0
synth,4,5,mixed,3,2048,48.27004158869386,615.9299518913031,705.99,51.21,620.78,705.33,0.0
synth,4,6,mixed,4,2048,247.99001403152943,635.4399956762791,935.1,251.22,640.02,932.45,0.0
synth,4,7,mixed,4,2048,51.43997259438038,606.2500178813934,696.61,53.88,610.74,696.26,0.0
synth,4,8,mixed,5,2048,253.13999503850937,635.8500104397535,939.49,256.4,640.31,936.85,0.0
synth,4,9,mixed,5,2048,51.40999564900994,602.780026383698,693.09,54.42,607.59,692.86,0.0
synth,4,10,mixed,6,2048,246.5900033712387,638.1500279530883,934.68,249.8,632.13,925.89,0.0
synth,4,11,mixed,6,2048,51.480019465088844,579.1400326415896,667.22,54.13,583.38,667.22,0.0
synth,4,12,mixed,7,2048,245.45000633224845,607.9999729990959,900.37,248.56,612.26,898.67,0.0
synth,4,13,mixed,7,2048,53.16996248438954,581.9000070914626,672.28,55.29,586.04,671.99,0.0
synth,4,14,mixed,8,2048,244.48998738080263,611.7100128903985,920.67,247.95,616.13,903.58,0.0
synth,4,15,mixed,8,2048,54.60000829771161,579.7800258733332,670.76,57.08,584.09,670.5,0.0
synth,4,16,mixed,8,72,53.660012781620026,509.70999291166663,598.21,56.1,513.36,597.84,0.0
synth,4,17,decode,8,8,33.279997296631336,486.40003660693765,554.71,35.72,489.87,554.71,0.0
synth,4,18,decode,8,8,32.450014259666204,486.5800146944821,553.48,34.63,490.33,553.43,0.0
synth,4,19,decode,8,8,31.610019505023956,504.2700213380158,570.93,33.79,494.05,556.72,0.0
synth,4,20,decode,8,8,31.259958632290363,479.7800211235881,544.98,33.48,483.59,544.85,0.0
synth,4,21,decode,8,8,32.39995567128062,480.289978440851,546.32,34.48,484.24,546.07,0.0
synth,4,22,decode,8,8,30.9899915009737,482.7899974770844,548.02,33.16,486.23,547.82,0.0
synth,4,23,decode,8,8,31.710020266473293,478.5500350408256,543.55,33.97,481.99,543.19,0.0
synth,4,24,decode,8,8,31.229981686919928,471.480016130954,536.19,33.32,475.0,536.11,0.0
synth,4,25,decode,8,8,31.489995308220387,487.839977722615,552.16,33.66,481.75,542.55,0.0
synth,4,26,decode,8,8,31.549949198961258,473.74999849125743,538.19,33.8,477.09,538.13,0.0
synth,4,27,decode,8,8,31.260016839951277,471.6099938377738,535.9,33.53,475.02,535.78,0.0
synth,4,28,decode,8,8,30.79004818573594,469.7899566963315,533.21,32.9,473.13,532.95,0.0
synth,4,29,decode,8,8,31.260016839951277,468.8199842348695,532.55,33.59,472.4,532.44,0.0
synth,4,30,decode,8,8,30.970026273280382,469.5800016634166,533.52,33.24,473.01,533.35,0.0
synth,4,31,decode,8,8,30.960014555603266,480.12001207098365,543.8,33.13,478.12,538.39,0.0
synth,4,32,decode,8,8,31.4200296998024,476.32999485358596,542.11,33.83,479.88,542.01,0.0
synth,4,33,decode,8,8,31.270028557628393,472.8699568659067,537.2,33.73,476.54,537.19,0.0
synth,4,34,decode,8,8,30.65000055357814,473.2199595309794,537.07,32.97,476.73,537.0,0.0
synth,4,35,decode,8,8,31.270028557628393,478.3199983648956,542.77,33.48,482.05,542.45,0.0
synth,4,36,decode,8,8,31.170027796179056,479.54003093764186,543.97,33.37,483.34,543.87,0.0
synth,4,37,decode,8,8,31.120027415454388,484.50002213940024,550.27,33.49,481.77,544.07,0.0
synth,4,38,decode,8,8,31.189993023872375,479.2099935002625,544.52,33.4,482.69,544.36,0.0
synth,4,39,decode,8,8,31.899951864033937,475.45001143589616,540.56,34.01,478.97,540.26,0.0
synth,4,40,decode,8,8,31.010014936327934,475.96998047083616,539.23,33.12,479.36,539.02,0.0
synth,4,41,decode,8,8,31.350005883723497,477.0300001837313,541.38,33.45,480.29,541.28,0.0
synth,4,42,decode,8,8,31.68999683111906,479.08996930345893,544.06,33.94,482.44,544.04,0.0
synth,4,43,decode,8,8,31.589996069669724,470.47005500644445,534.5,33.7,473.64,534.55,0.0
synth,4,44,decode,8,8,31.820032745599747,472.4899772554636,537.66,34.02,476.06,537.58,0.0
synth,4,45,decode,8,8,30.910014174878597,469.9900164268911,532.63,33.04,473.2,532.41,0.0
synth,4,46,decode,8,8,30.70995444431901,469.66003719717264,532.6,32.91,473.11,532.38,0.0
synth,4,47,decode,8,8,31.010014936327934,469.02999747544527,532.51,33.23,472.56,532.46,0.0
synth,4,48,decode,8,8,30.279974453151226,469.2799993790686,531.92,32.5,472.67,531.72,0.0
synth,4,49,decode,8,8,30.939991120249033,465.0300252251327,527.31,33.07,468.22,527.34,0.0
synth,4,50,decode,8,8,31.769974157214165,481.7700246348977,545.94,33.91,479.21,539.67,0.0
synth,4,51,decode,8,8,31.139992643147707,470.48000851646066,534.78,33.27,473.8,534.51,0.0
synth,4,52,decode,8,8,31.47998359054327,479.0599923580885,543.92,33.56,482.58,543.94,0.0
synth,4,53,decode,8,8,30.909955967217684,474.2500022985041,538.7,33.09,477.86,538.48,0.0
synth,4,54,decode,8,8,31.119969207793474,475.7900023832917,539.75,33.37,479.25,539.63,0.0
synth,4,55,decode,8,8,31.37002931907773,472.3200108855963,537.11,33.6,476.11,536.96,0.0
synth,4,56,decode,8,8,30.729977879673243,488.29999286681414,552.82,33.0,485.89,546.71,0.0
synth,4,57,decode,8,8,31.119969207793474,476.25001752749085,541.7,33.6,480.1,541.44,0.0
synth,4,58,decode,8,8,30.939991120249033,473.6700211651623,537.29,33.15,477.4,537.29,0.0
synth,4,59,decode,8,8,31.4200296998024,472.44998859241605,536.25,33.53,475.74,536.21,0.0
synth,4,60,decode,8,8,30.839990358799696,470.69997526705265,534.69,33.0,474.21,534.58,0.0
synth,4,61,decode,8,8,30.21996235474944,469.24996422603726,531.83,32.37,472.7,531.78,0.0
synth,4,62,decode,8,8,31.079980544745922,488.68003068491817,552.84,33.35,483.28,543.59,0.0
synth,4,63,decode,8,8,31.310017220675945,473.6499977298081,537.87,33.37,477.12,537.72,0.0
synth,4,64,decode,7,7,104.8700069077313,470.8999767899513,609.38,106.98,474.16,609.26,0.0
synth,4,65,decode,7,7,30.32002132385969,472.46000031009316,541.89,32.59,475.93,541.72,0.0
synth,4,66,decode,6,6,94.00997078046203,471.8900308944285,599.65,96.44,475.49,599.65,0.0
synth,4,67,decode,6,6,28.24998227879405,472.15999802574515,533.26,30.47,475.66,532.98,0.0
synth,4,68,decode,5,5,92.11001452058554,485.0500263273716,610.9,94.4,479.24,603.11,0.0
synth,4,69,decode,5,5,27.80999056994915,473.56000868603587,534.62,30.05,477.2,534.37,0.0
synth,4,70,decode,4,4,90.87001672014594,474.4799807667732,598.99,93.15,478.21,598.91,0.0
synth,4,71,decode,4,4,25.129993446171284,475.0499501824379,532.87,27.43,478.47,532.8,0.0
synth,4,72,decode,3,3,76.92002691328526,480.6800279766321,593.0,79.17,484.57,592.84,0.0
synth,4,73,decode,3,3,24.309963919222355,496.92997708916664,556.31,26.61,500.68,556.05,0.0
synth,4,74,decode,2,2,78.94996087998152,515.8699932508171,630.85,81.05,507.36,617.98,0.0
synth,4,75,decode,2,2,23.78999488428235,493.0800059810281,552.07,26.03,496.79,552.0,0.0
synth,4,76,decode,1,1,75.46000415459275,491.51998246088624,602.82,77.71,495.31,602.79,0.0
synth,4,77,decode,1,1,21.03002043440938,487.9100015386939,544.04,23.41,491.28,543.88,0.0
synth,4,78,drain,0,0,73.8,0.0,77.18,72.96,0.0,76.74,0.0
