step,phase,update_states_us,prepare_inputs_us,deferred_fixup_us,total_us,num_reqs,total_scheduled_tokens,logits_indices_len,has_spec_decode,triton_cpu_us,triton_launches
0,{"n_running": 16, "n_prefill": 0, "n_decode": 16, "total_scheduled": 16},56.26003257930279,579.1099974885583,0.12997770681977272,635.5000077746809,16,16,16,False,108.58004679903388,1
1,{"n_running": 16, "n_prefill": 0, "n_decode": 16, "total_scheduled": 16},52.12001269683242,547.480012755841,0.12997770681977272,599.7300031594932,16,16,16,False,101.8799957819283,1
2,{"n_running": 16, "n_prefill": 0, "n_decode": 16, "total_scheduled": 16},48.57999738305807,522.8199879638851,0.1200241968035698,571.5200095437467,16,16,16,False,96.30998829379678,1
3,{"n_running": 16, "n_prefill": 0, "n_decode": 16, "total_scheduled": 16},47.61002492159605,520.3699693083763,0.1100124791264534,568.0900067090988,16,16,16,False,97.18997171148658,1
4,{"n_running": 16, "n_prefill": 0, "n_decode": 16, "total_scheduled": 16},46.17002559825778,514.0400025993586,0.1100124791264534,560.3200406767428,16,16,16,False,96.00998600944877,1
5,{"n_running": 16, "n_prefill": 0, "n_decode": 16, "total_scheduled": 16},46.020024456083775,582.3899991810322,0.10995427146553993,628.5199779085815,16,16,16,False,111.16999667137861,1
6,{"n_running": 16, "n_prefill": 0, "n_decode": 16, "total_scheduled": 16},48.099958803504705,517.8000428713858,0.100000761449337,566.0000024363399,16,16,16,False,94.84001202508807,1
7,{"n_running": 16, "n_prefill": 0, "n_decode": 16, "total_scheduled": 16},46.13003693521023,506.7799938842654,0.100000761449337,553.010031580925,16,16,16,False,94.2799961194396,1
8,{"n_running": 16, "n_prefill": 0, "n_decode": 16, "total_scheduled": 16},47.12003283202648,517.9200088605285,0.11996598914265633,565.1600076816976,16,16,16,False,96.3299535214901,1
9,{"n_running": 16, "n_prefill": 0, "n_decode": 16, "total_scheduled": 16},46.600005589425564,505.5200308561325,0.1500011421740055,552.2700375877321,16,16,16,False,94.03994772583246,1
10,{"n_running": 16, "n_prefill": 0, "n_decode": 16, "total_scheduled": 16},46.31001502275467,505.48999570310116,0.100000761449337,551.9000114873052,16,16,16,False,93.23999984189868,1
11,{"n_running": 16, "n_prefill": 0, "n_decode": 16, "total_scheduled": 16},46.31001502275467,551.370030734688,0.100000761449337,597.780046518892,16,16,16,False,139.60001524537802,1
12,{"n_running": 16, "n_prefill": 0, "n_decode": 16, "total_scheduled": 16},46.88999615609646,542.5199633464217,0.1300359144806862,589.5399954169989,16,16,16,False,95.33995762467384,1
13,{"n_running": 16, "n_prefill": 0, "n_decode": 16, "total_scheduled": 16},47.720037400722504,502.5299615226686,0.1100124791264534,550.3600114025176,16,16,16,False,93.4700365178287,1
14,{"n_running": 16, "n_prefill": 0, "n_decode": 16, "total_scheduled": 16},46.36001540347934,503.87001829221845,0.10995427146553993,550.3399879671633,16,16,16,False,93.36002403870225,1
15,{"n_running": 16, "n_prefill": 0, "n_decode": 16, "total_scheduled": 16},45.249995309859514,506.4799915999174,0.1100124791264534,551.8399993889034,16,16,16,False,93.34000060334802,1
16,{"n_running": 16, "n_prefill": 0, "n_decode": 16, "total_scheduled": 16},46.80000711232424,505.6599620729685,0.100000761449337,552.5599699467421,16,16,16,False,94.77999992668629,1
17,{"n_running": 16, "n_prefill": 0, "n_decode": 16, "total_scheduled": 16},46.079978346824646,503.7100054323673,0.1200241968035698,549.9100079759955,16,16,16,False,93.02003309130669,1
18,{"n_running": 16, "n_prefill": 0, "n_decode": 16, "total_scheduled": 16},45.3800312243402,860.9599899500608,0.08998904377222061,906.4300102181733,16,16,16,False,372.25999403744936,1
19,{"n_running": 16, "n_prefill": 0, "n_decode": 16, "total_scheduled": 16},48.02999319508672,540.3500399552286,0.12997770681977272,588.5100108571351,16,16,16,False,99.33998808264732,1
20,{"n_running": 16, "n_prefill": 0, "n_decode": 16, "total_scheduled": 16},47.039997298270464,508.05998034775257,0.100000761449337,555.1999784074724,16,16,16,False,94.10997154191136,1
21,{"n_running": 16, "n_prefill": 0, "n_decode": 16, "total_scheduled": 16},45.83998816087842,506.4900033175945,0.100000761449337,552.4299922399223,16,16,16,False,94.72999954596162,1
22,{"n_running": 16, "n_prefill": 0, "n_decode": 16, "total_scheduled": 16},46.58999387174845,508.5800075903535,0.100000761449337,555.2700022235513,16,16,16,False,93.6199794523418,1
23,{"n_running": 16, "n_prefill": 0, "n_decode": 16, "total_scheduled": 16},47.5000124424696,523.9800084382296,0.1200241968035698,571.6000450775027,16,16,16,False,95.35002755001187,1
24,{"n_running": 16, "n_prefill": 0, "n_decode": 16, "total_scheduled": 16},46.83004226535559,596.9799822196364,0.07997732609510422,643.8900018110871,16,16,16,False,97.44003182277083,1
25,{"n_running": 16, "n_prefill": 0, "n_decode": 16, "total_scheduled": 16},47.9400041513145,503.8399831391871,0.1100124791264534,551.889999769628,16,16,16,False,92.82998507842422,1
26,{"n_running": 16, "n_prefill": 0, "n_decode": 16, "total_scheduled": 16},47.00000863522291,496.3100072927773,0.100000761449337,543.4100166894495,16,16,16,False,91.8699661269784,1
27,{"n_running": 16, "n_prefill": 0, "n_decode": 16, "total_scheduled": 16},45.44999683275819,498.08999756351113,0.11996598914265633,543.659960385412,16,16,16,False,91.4299744181335,1
28,{"n_running": 16, "n_prefill": 0, "n_decode": 16, "total_scheduled": 16},46.73004150390625,497.7899952791631,0.10995427146553993,544.6299910545349,16,16,16,False,92.17998012900352,1
29,{"n_running": 16, "n_prefill": 0, "n_decode": 16, "total_scheduled": 16},46.779983676970005,508.0800037831068,0.1100124791264534,554.9699999392033,16,16,16,False,93.15001079812646,1
30,{"n_running": 16, "n_prefill": 0, "n_decode": 16, "total_scheduled": 16},47.46997728943825,1038.1400352343917,0.1100124791264534,1085.7200250029564,16,16,16,False,123.47998563200235,1
31,{"n_running": 16, "n_prefill": 0, "n_decode": 16, "total_scheduled": 16},52.239978685975075,548.8800234161317,0.1100124791264534,601.2300145812333,16,16,16,False,111.04001896455884,1
32,{"n_running": 16, "n_prefill": 0, "n_decode": 16, "total_scheduled": 16},47.52998938784003,520.0000014156103,0.1500011421740055,567.6799919456244,16,16,16,False,95.99997429177165,1
33,{"n_running": 16, "n_prefill": 0, "n_decode": 16, "total_scheduled": 16},46.569970436394215,517.959997523576,0.100000761449337,564.6299687214196,16,16,16,False,95.56999430060387,1
34,{"n_running": 16, "n_prefill": 0, "n_decode": 16, "total_scheduled": 16},46.869972720742226,507.269985973835,0.1100124791264534,554.2499711737037,16,16,16,False,94.67004565522075,1
35,{"n_running": 16, "n_prefill": 0, "n_decode": 16, "total_scheduled": 16},46.08003655448556,518.1299638934433,0.1200241968035698,564.3300246447325,16,16,16,False,97.15004125609994,1
36,{"n_running": 16, "n_prefill": 0, "n_decode": 16, "total_scheduled": 16},46.219967771321535,547.8800158016384,0.1200241968035698,594.2200077697635,16,16,16,False,99.92998093366623,1
37,{"n_running": 16, "n_prefill": 0, "n_decode": 16, "total_scheduled": 16},46.91001959145069,509.2599894851446,0.08003553375601768,556.2500446103513,16,16,16,False,95.35998106002808,1
38,{"n_running": 16, "n_prefill": 0, "n_decode": 16, "total_scheduled": 16},46.71997157856822,513.3799859322608,0.1100124791264534,560.2099699899554,16,16,16,False,94.14000669494271,1
39,{"n_running": 16, "n_prefill": 0, "n_decode": 16, "total_scheduled": 16},46.339991968125105,507.16998521238565,0.1100124791264534,553.6199896596372,16,16,16,False,91.54999861493707,1
40,{"n_running": 16, "n_prefill": 0, "n_decode": 16, "total_scheduled": 16},46.75000673159957,498.55001270771027,0.1200241968035698,545.4200436361134,16,16,16,False,91.96001337841153,1
41,{"n_running": 16, "n_prefill": 0, "n_decode": 16, "total_scheduled": 16},46.87003092840314,499.85002260655165,0.08998904377222061,546.810042578727,16,16,16,False,92.05000242218375,1
42,{"n_running": 16, "n_prefill": 0, "n_decode": 16, "total_scheduled": 16},46.410015784204006,552.5699816644192,0.1200241968035698,599.1000216454268,16,16,16,False,120.48997450619936,1
43,{"n_running": 16, "n_prefill": 0, "n_decode": 16, "total_scheduled": 16},48.149959184229374,516.2699962966144,0.1300359144806862,564.5499913953245,16,16,16,False,94.17999535799026,1
44,{"n_running": 16, "n_prefill": 0, "n_decode": 16, "total_scheduled": 16},47.0600207336247,499.0000161342323,0.08998904377222061,546.1500259116292,16,16,16,False,92.1600149013102,1
45,{"n_running": 16, "n_prefill": 0, "n_decode": 16, "total_scheduled": 16},46.87998443841934,498.3500111848116,0.12997770681977272,545.3599733300507,16,16,16,False,91.24999633058906,1
46,{"n_running": 16, "n_prefill": 0, "n_decode": 16, "total_scheduled": 16},45.78998778015375,495.4900359734893,0.100000761449337,541.3800245150924,16,16,16,False,90.43002501130104,1
47,{"n_running": 16, "n_prefill": 0, "n_decode": 16, "total_scheduled": 16},46.48003960028291,500.0400124117732,0.10995427146553993,546.6300062835217,16,16,16,False,92.53999451175332,1
48,{"n_running": 16, "n_prefill": 0, "n_decode": 16, "total_scheduled": 16},46.05995491147041,510.30999748036265,0.14004763215780258,556.5100000239909,16,16,16,False,93.92999345436692,1
49,{"n_running": 16, "n_prefill": 0, "n_decode": 16, "total_scheduled": 16},46.75000673159957,564.4400371238589,0.11996598914265633,611.3100098446012,16,16,16,False,98.10004848986864,1
50,{"n_running": 16, "n_prefill": 0, "n_decode": 16, "total_scheduled": 16},47.720037400722504,509.37000196427107,0.10995427146553993,557.1999936364591,16,16,16,False,95.3000271692872,1
51,{"n_running": 16, "n_prefill": 0, "n_decode": 16, "total_scheduled": 16},45.7499991171062,504.5500001870096,0.08998904377222061,550.389988347888,16,16,16,False,93.00000965595245,1
52,{"n_running": 16, "n_prefill": 0, "n_decode": 16, "total_scheduled": 16},45.28003046289086,504.16996236890554,0.09004725143313408,549.5400400832295,16,16,16,False,92.62998355552554,1
53,{"n_running": 16, "n_prefill": 0, "n_decode": 16, "total_scheduled": 16},46.75000673159957,510.3399744257331,0.1200241968035698,557.2100053541362,16,16,16,False,94.00997078046203,1
54,{"n_running": 16, "n_prefill": 0, "n_decode": 16, "total_scheduled": 16},46.92003130912781,521.0599629208446,0.1500011421740055,568.1299953721464,16,16,16,False,95.6699950620532,1
55,{"n_running": 16, "n_prefill": 0, "n_decode": 16, "total_scheduled": 16},46.930043026804924,554.2300059460104,0.100000761449337,601.2600497342646,16,16,16,False,124.50001668184996,1
56,{"n_running": 16, "n_prefill": 0, "n_decode": 16, "total_scheduled": 16},47.61997843161225,514.9299977347255,0.1300359144806862,562.6800120808184,16,16,16,False,93.08999869972467,1
57,{"n_running": 16, "n_prefill": 0, "n_decode": 16, "total_scheduled": 16},46.48999311029911,503.0200118198991,0.100000761449337,549.6100056916475,16,16,16,False,91.4299744181335,1
58,{"n_running": 16, "n_prefill": 0, "n_decode": 16, "total_scheduled": 16},46.52998177334666,509.05003445222974,0.1100124791264534,555.6900287047029,16,16,16,False,94.04000593349338,1
59,{"n_running": 16, "n_prefill": 0, "n_decode": 16, "total_scheduled": 16},46.61001730710268,501.5599890612066,0.12997770681977272,548.299984075129,16,16,16,False,92.63999527320266,1
60,{"n_running": 16, "n_prefill": 0, "n_decode": 16, "total_scheduled": 16},46.5599587187171,499.12004033103585,0.08998904377222061,545.7699880935252,16,16,16,False,91.39004396274686,1
61,{"n_running": 16, "n_prefill": 0, "n_decode": 16, "total_scheduled": 16},46.86001921072602,510.74998918920755,0.100000761449337,557.7100091613829,16,16,16,False,93.74000364914536,1
62,{"n_running": 16, "n_prefill": 0, "n_decode": 16, "total_scheduled": 16},46.250002924352884,551.1300405487418,0.100000761449337,597.480044234544,16,16,16,False,104.17000157758594,1
63,{"n_running": 16, "n_prefill": 0, "n_decode": 16, "total_scheduled": 16},47.779991291463375,510.9100020490587,0.07997732609510422,558.7699706666172,16,16,16,False,93.38004747405648,1
64,{"n_running": 16, "n_prefill": 0, "n_decode": 16, "total_scheduled": 16},46.689994633197784,505.5199726484716,0.1100124791264534,552.3199797607958,16,16,16,False,93.35001232102513,1
65,{"n_running": 16, "n_prefill": 0, "n_decode": 16, "total_scheduled": 16},46.45000444725156,505.20995864644647,0.100000761449337,551.7599638551474,16,16,16,False,94.02004070580006,1
66,{"n_running": 16, "n_prefill": 0, "n_decode": 16, "total_scheduled": 16},46.06001311913133,507.07999616861343,0.08998904377222061,553.229998331517,16,16,16,False,94.94996629655361,1
67,{"n_running": 16, "n_prefill": 0, "n_decode": 16, "total_scheduled": 16},45.57002102956176,516.0199943929911,0.100000761449337,561.6900161840022,16,16,16,False,95.82994971424341,1
68,{"n_running": 16, "n_prefill": 0, "n_decode": 16, "total_scheduled": 16},45.39004294201732,569.5699946954846,0.07997732609510422,615.0400149635971,16,16,16,False,102.0999625325203,1
69,{"n_running": 16, "n_prefill": 0, "n_decode": 16, "total_scheduled": 16},46.72998329624534,515.4300015419722,0.100000761449337,562.2599855996668,16,16,16,False,95.36003926768899,1
70,{"n_running": 16, "n_prefill": 0, "n_decode": 16, "total_scheduled": 16},46.339991968125105,507.6599773019552,0.100000761449337,554.0999700315297,16,16,16,False,93.82999269291759,1
71,{"n_running": 16, "n_prefill": 0, "n_decode": 16, "total_scheduled": 16},47.45996557176113,504.53003495931625,0.11996598914265633,552.10996652022,16,16,16,False,93.62999117001891,1
72,{"n_running": 16, "n_prefill": 0, "n_decode": 16, "total_scheduled": 16},45.53998587653041,504.31001000106335,0.11996598914265633,549.9699618667364,16,16,16,False,93.16002251580358,1
73,{"n_running": 16, "n_prefill": 0, "n_decode": 16, "total_scheduled": 16},47.020032070577145,513.6599647812545,0.100000761449337,560.779997613281,16,16,16,False,94.80002336204052,1
74,{"n_running": 16, "n_prefill": 0, "n_decode": 16, "total_scheduled": 16},54.53004268929362,510.1299611851573,0.1100124791264534,564.7700163535774,16,16,16,False,92.31996955350041,1
75,{"n_running": 16, "n_prefill": 0, "n_decode": 16, "total_scheduled": 16},55.27999019250274,527.6100127957761,0.10995427146553993,582.9999572597444,16,16,16,False,97.80004620552063,1
76,{"n_running": 16, "n_prefill": 0, "n_decode": 16, "total_scheduled": 16},46.639994252473116,509.8400288261473,0.12997770681977272,556.6100007854402,16,16,16,False,95.17004946246743,1
77,{"n_running": 16, "n_prefill": 0, "n_decode": 16, "total_scheduled": 16},46.85996100306511,507.1299965493381,0.1200241968035698,554.1099817492068,16,16,16,False,93.6199794523418,1
78,{"n_running": 16, "n_prefill": 0, "n_decode": 16, "total_scheduled": 16},46.930043026804924,509.6899694763124,0.08998904377222061,556.7100015468895,16,16,16,False,95.10997915640473,1
79,{"n_running": 16, "n_prefill": 0, "n_decode": 16, "total_scheduled": 16},46.73999501392245,505.9099639765918,0.100000761449337,552.7499597519636,16,16,16,False,95.56004079058766,1
