attr_audit_empty,dim,error,has_spec_decode,logits_len_p50,max_model_len,max_num_blocks_per_req,meta_block_size,n_decode_steps,n_prefill_steps,pi_net_mean_us,pi_net_p50_decode_us,pi_net_p50_prefill_us,pi_net_p50_us,pi_net_p90_us,pi_raw_mean_us,pi_raw_p50_us,pi_raw_p90_us,readonly_attrs_skipped,repeat,reqs_per_step_p50,scope_net_p50_us,scope_raw_p50_us,steps_run,sub::_build_attn_state,sub::_compute_prev_positions,sub::_get_cumsum_and_arange,sub::_make_sampling_metadata,sub::_may_reorder_batch,sub::_prepare_input_ids,sub::_prepare_inputs,sub::_update_states,sub::add_request,sub::add_row,sub::append_row,sub::commit_block_table,sub::compute_slot_mapping,sub::condense,sub::refresh_metadata,sub::update_req_spec_token_ids,tokens_per_step_decode_p50,tokens_per_step_p50,tokens_per_step_prefill_p50,triton_launches_set,triton_mean_us,triton_p50_us,triton_p90_us,us_mean_us,us_p50_us,value,wall_s,warmup
True,isl,,False,16.0,262144,2048,128,79,1,423.6598724673968,403.7900362163782,1228.9300211705267,403.8150073029101,418.25202642939985,518.7371265492402,495.4350006300956,510.8620214741677,0,0,16.0,448.63499351777136,540.0649970397353,80,0.28650028980337083,0.025249755708500743,0.20187508198432624,0.0,0.00550062395632267,0.18749997252598405,6.092874536989257,0.5241250619292259,0.0,0.0,0.0,0.33000032999552786,1.4237499271985143,0.01949956640601158,0.02687520463950932,0.09462455636821687,16.0,16.0,2048.0,1,95.07725408184342,91.43000352196395,95.20300664007664,51.369372522458434,43.9999857917428,128,37.6,0
True,isl,,False,16.0,262144,2048,128,79,1,414.88412316539325,410.6799606233835,715.7299551181495,410.7499844394624,422.585045453161,511.0438745759893,500.3749975003302,515.8330197446048,0,0,16.0,456.1649984680116,546.0900138132274,80,,,,,,,,,,,,,,,,,16.0,16.0,8192.0,1,96.15975141059607,89.9250153452158,93.53801724500954,56.17812421405688,45.39996734820306,512,0.1,0
True,isl,,False,16.0,262144,2048,128,79,1,417.94562712311745,410.9599394723773,766.5999582968652,411.0399750061333,425.8800589013845,518.7692506297026,501.110014738515,521.3090335018933,0,0,16.0,456.3000111375004,546.5699941851199,80,,,,,,,,,,,,,,,,,16.0,16.0,16384.0,1,100.82362350658514,90.26998304761946,93.67698221467435,58.15912227262743,45.92500044964254,1024,0.1,0
True,isl,,False,16.0,262144,2048,128,79,1,423.55675395810977,415.29000736773014,740.730029065162,415.39999074302614,429.05798763968056,527.9111268464476,506.20498950593174,525.7829674519598,0,0,16.0,461.834977613762,552.5349697563797,80,,,,,,,,,,,,,,,,,16.0,16.0,16384.0,1,104.35437288833782,90.6999921426177,94.62001617066562,64.75962218246423,45.94997153617442,2048,0.1,0
True,isl,,False,16.0,262144,2048,128,79,1,435.49324400373735,418.339972384274,918.0000051856041,418.49497938528657,436.8559748400003,555.1168724196032,511.8850094731897,534.7099737264216,0,0,16.0,465.2649804484099,558.5349863395095,80,,,,,,,,,,,,,,,,,16.0,16.0,16384.0,1,119.62362841586582,93.27000589109957,99.3499881587923,80.22212205105461,46.369998017326,4096,0.1,0
True,isl,,False,16.0,262144,2048,128,79,1,455.40862702182494,424.41999539732933,914.2700582742691,424.44499558769166,504.63599036447874,602.0001259457786,518.1149754207581,1173.2360057067128,0,0,16.0,472.03502617776394,565.5149871017784,80,,,,,,,,,,,,,,,,,16.0,16.0,16384.0,1,146.59149892395362,93.47996092401445,488.04699908941984,109.24387170234695,47.49500658363104,8192,0.3,0
,chunk_size,TypeError: RunnerConfig.__init__() got an unexpected keyword argument 'chunk_size',,,,,,,,,,,,,,,,,0,,,,,,,,,,,,,,,,,,,,,,,,,,,,,,128,,0
,chunk_size,TypeError: RunnerConfig.__init__() got an unexpected keyword argument 'chunk_size',,,,,,,,,,,,,,,,,0,,,,,,,,,,,,,,,,,,,,,,,,,,,,,,256,,0
,chunk_size,TypeError: RunnerConfig.__init__() got an unexpected keyword argument 'chunk_size',,,,,,,,,,,,,,,,,0,,,,,,,,,,,,,,,,,,,,,,,,,,,,,,512,,0
,chunk_size,TypeError: RunnerConfig.__init__() got an unexpected keyword argument 'chunk_size',,,,,,,,,,,,,,,,,0,,,,,,,,,,,,,,,,,,,,,,,,,,,,,,1024,,0
,chunk_size,TypeError: RunnerConfig.__init__() got an unexpected keyword argument 'chunk_size',,,,,,,,,,,,,,,,,0,,,,,,,,,,,,,,,,,,,,,,,,,,,,,,2048,,0
,chunk_size,TypeError: RunnerConfig.__init__() got an unexpected keyword argument 'chunk_size',,,,,,,,,,,,,,,,,0,,,,,,,,,,,,,,,,,,,,,,,,,,,,,,8192,,0
