attr_audit_empty,dim,error,has_spec_decode,logits_len_p50,max_model_len,max_num_blocks_per_req,meta_block_size,n_decode_steps,n_prefill_steps,pi_net_mean_us,pi_net_p50_decode_us,pi_net_p50_prefill_us,pi_net_p50_us,pi_net_p90_us,pi_raw_mean_us,pi_raw_p50_us,pi_raw_p90_us,readonly_attrs_skipped,repeat,reqs_per_step_p50,scope_net_p50_us,scope_raw_p50_us,steps_run,sub::_build_attn_state,sub::_compute_prev_positions,sub::_get_cumsum_and_arange,sub::_may_reorder_batch,sub::_prepare_input_ids,sub::_prepare_inputs,sub::_update_states,sub::commit_block_table,sub::compute_slot_mapping,sub::condense,sub::refresh_metadata,sub::update_req_spec_token_ids,tokens_per_step_decode_p50,tokens_per_step_p50,tokens_per_step_prefill_p50,triton_launches_set,triton_mean_us,triton_p50_us,triton_p90_us,us_mean_us,us_p50_us,value,wall_s,warmup
True,isl,,False,16.0,262144,2048,128,80,0,398.90136977192014,397.6349835284054,nan,397.6349835284054,410.7970104087144,490.62137404689565,487.89498396217823,506.333977682516,0,0,16.0,443.1449924595654,533.1349966581911,80,0.27849964681081474,0.024875043891370296,0.2037500962615013,0.00525033101439476,0.18512437236495316,5.686124495696276,0.5101246642880142,0.3088745870627463,1.2165000953245908,0.019875005818903446,0.024875043891370296,0.09412688086740673,16.0,16.0,nan,1,91.72000427497551,89.99000419862568,93.01902027800679,45.52974642137997,45.160006266087294,128,37.3,3
True,isl,,False,16.0,262144,2048,128,80,0,401.18737379089,401.84997487813234,nan,401.84997487813234,413.3679729420692,491.455369774485,491.84999079443514,505.01300720497966,0,0,16.0,448.9300190471113,538.0750226322562,80,,,,,,,,,,,,,16.0,16.0,nan,1,90.26799598359503,89.14500358514488,93.05900894105434,45.879752724431455,45.56000931188464,512,0.1,3
True,isl,,False,16.0,262144,2048,128,80,0,412.3001199332066,411.2299648113549,nan,411.2299648113549,420.67498434334993,507.80324745574035,502.2099649067968,516.6439979802817,0,0,16.0,457.8949883580208,549.1949850693345,80,,,,,,,,,,,,,16.0,16.0,nan,1,95.50312752253376,91.29999671131372,94.18504778295755,47.44212274090387,47.17998672276735,1024,0.1,3
True,isl,,False,16.0,262144,2048,128,80,0,418.0041294603143,416.5949940215796,nan,416.5949940215796,431.080989073962,516.5320028027054,509.8049878142774,530.4990103468299,0,0,16.0,464.7200112231076,557.9350108746439,80,,,,,,,,,,,,,16.0,16.0,nan,1,98.5278733423911,93.21499965153635,96.85797267593445,47.81675088452175,47.56497219204903,2048,0.1,3
True,isl,,False,16.0,262144,2048,128,80,0,434.6632515080273,431.8749706726521,nan,431.8749706726521,449.8990543652326,545.1687509776093,531.1299755703658,550.7890251465142,0,0,16.0,482.82998614013195,580.619991524145,80,,,,,,,,,,,,,16.0,16.0,nan,1,110.50549946958199,97.79000538401306,103.06996991857888,58.55237468495034,49.130001571029425,4096,0.1,3
True,isl,,False,16.0,262144,2048,128,80,0,435.2817537437659,418.57000906020403,nan,418.57000906020403,452.75004813447606,566.8040001182817,512.9899946041405,560.9480198472738,0,0,16.0,467.2949726227671,561.3300018012524,80,,,,,,,,,,,,,16.0,16.0,nan,1,131.52224637451582,94.03502917848527,105.8459922205657,85.53737643524073,47.92999243363738,8192,0.3,3
True,batch,,False,1.0,262144,2048,128,80,0,396.0872483730782,396.2550254072994,nan,396.2550254072994,411.2989525310695,487.75024915812537,487.69000568427145,505.0969950389117,0,0,1.0,418.75996976159513,509.8799883853644,80,,,,,,,,,,,,,1.0,1.0,nan,1,91.66300078504719,91.12001862376928,94.77398707531393,21.72150125261396,21.669984562322497,1,0.1,3
True,batch,,False,2.0,262144,2048,128,80,0,402.75987703353167,398.13999319449067,nan,398.13999319449067,412.67802589572966,495.2161260007415,489.83501619659364,506.42004352994263,0,0,2.0,422.75499436073005,513.8400010764599,80,,,,,,,,,,,,,2.0,2.0,nan,1,92.45624896720983,91.08500671572983,94.55301915295422,48.67449897574261,23.989967303350568,2,0.1,3
True,batch,,False,4.0,262144,2048,128,80,0,402.8611227113288,401.9449988845736,nan,401.9449988845736,413.2479603867978,500.15537563012913,494.2399973515421,509.11800935864454,0,0,4.0,430.4449539631605,522.7449873927981,80,,,,,,,,,,,,,4.0,4.0,nan,1,97.29425291880034,92.30003342963755,94.1470090765506,27.933371166000143,27.93999738059938,4,0.1,3
True,batch,,False,8.0,262144,2048,128,80,0,407.8525002114475,407.59501280263066,nan,407.59501280263066,419.42897951230407,502.43374789715745,499.77999879047275,514.8539552465081,0,0,8.0,442.1550256665796,534.9600105546415,80,,,,,,,,,,,,,8.0,8.0,nan,1,94.58124768570997,92.80498488806188,95.74800496920945,34.68312133918516,34.289987524971366,8,0.1,3
True,batch,,False,16.0,262144,2048,128,80,0,417.8813745966181,417.5249778199941,nan,417.5249778199941,429.33698859997094,517.8540013730526,511.41498261131346,526.2209917418659,0,0,16.0,465.78003093600273,559.8950374405831,80,,,,,,,,,,,,,16.0,16.0,nan,1,99.97262677643448,94.11500650458038,96.83800744824111,48.382877866970375,47.699984861537814,16,0.1,3
True,batch,,False,32.0,262144,2048,128,80,0,433.704124588985,433.54000081308186,nan,433.54000081308186,443.89895047061145,544.6380018838681,528.384989593178,541.1609774455428,0,0,32.0,510.82498976029456,605.4499826859683,80,,,,,,,,,,,,,32.0,32.0,nan,1,110.93387729488313,94.62499292567372,98.06201560422778,78.31150142010301,77.05998723395169,32,0.1,3
True,batch,,False,64.0,262144,2048,128,80,0,469.4017508882098,464.4850268959999,nan,464.4850268959999,476.5080113429576,571.9528744521085,562.3599863611162,575.9140127338469,0,0,64.0,594.7299941908568,692.3250039108098,80,,,,,,,,,,,,,64.0,64.0,nan,1,102.55112356389873,97.59500971995294,100.0960182864219,144.83849954558536,131.03001401759684,64,0.2,3
,chunk_size,TypeError: RunnerConfig.__init__() got an unexpected keyword argument 'chunk_size',,,,,,,,,,,,,,,,,0,,,,,,,,,,,,,,,,,,,,,,,,,,128,,3
,chunk_size,TypeError: RunnerConfig.__init__() got an unexpected keyword argument 'chunk_size',,,,,,,,,,,,,,,,,0,,,,,,,,,,,,,,,,,,,,,,,,,,256,,3
,chunk_size,TypeError: RunnerConfig.__init__() got an unexpected keyword argument 'chunk_size',,,,,,,,,,,,,,,,,0,,,,,,,,,,,,,,,,,,,,,,,,,,512,,3
,chunk_size,TypeError: RunnerConfig.__init__() got an unexpected keyword argument 'chunk_size',,,,,,,,,,,,,,,,,0,,,,,,,,,,,,,,,,,,,,,,,,,,1024,,3
,chunk_size,TypeError: RunnerConfig.__init__() got an unexpected keyword argument 'chunk_size',,,,,,,,,,,,,,,,,0,,,,,,,,,,,,,,,,,,,,,,,,,,2048,,3
,chunk_size,TypeError: RunnerConfig.__init__() got an unexpected keyword argument 'chunk_size',,,,,,,,,,,,,,,,,0,,,,,,,,,,,,,,,,,,,,,,,,,,8192,,3
