batch,block_size,chunk_size,isl,max_num_batched_tokens,max_num_reqs,model,osl,pi_mean_us,pi_p50_us,pi_p90_us,pi_p99_us,prefix_hit_ratio,repeat,scope_p50_us,spec_k,steps_run,sweep,triton_launch_us,us_p50_us,value
1,128,16384,1024,16384,64,"qwen35-0.8b",128,756.1817466921639,736.7499929387122,811.328983400017,1198.2903850730502,0.0,0,765.5349909327924,0,80,"batch",0.0,30.055001843720675,"1"
1,128,16384,1024,16384,64,"qwen35-0.8b",128,737.8952548606321,726.7449982464314,788.498017936945,879.5072481734674,0.0,1,758.6199790239334,0,80,"batch",0.0,31.25000512227416,"1"
1,128,16384,1024,16384,64,"qwen35-0.8b",128,706.7789993016049,717.2499899752438,739.9700116366148,770.4993296647444,0.0,2,749.2050062865019,0,80,"batch",0.0,31.605013646185398,"1"
2,128,16384,1024,16384,64,"qwen35-0.8b",128,752.1170009567868,737.5200220849365,803.980027558282,1062.6293055247513,0.0,0,775.8249703329057,0,80,"batch",0.0,36.209996324032545,"2"
2,128,16384,1024,16384,64,"qwen35-0.8b",128,766.7023754038382,753.6350167356431,814.3040118739009,843.0332998977974,0.0,1,789.5150047261268,0,80,"batch",0.0,36.01997741498053,"2"
2,128,16384,1024,16384,64,"qwen35-0.8b",128,739.1221217403654,731.0000073630363,799.3510051164777,906.9112769793702,0.0,2,766.8549951631576,0,80,"batch",0.0,35.7049866579473,"2"
4,128,16384,1024,16384,64,"qwen35-0.8b",128,746.7086274118628,745.3449943568558,795.679964357987,823.0596291832626,0.0,0,786.7500244174153,0,80,"batch",0.0,40.59000639244914,"4"
4,128,16384,1024,16384,64,"qwen35-0.8b",128,743.2067490299232,728.134997189045,790.3760182671249,890.9110847162061,0.0,1,769.4450032431632,0,80,"batch",0.0,40.5950122512877,"4"
4,128,16384,1024,16384,64,"qwen35-0.8b",128,744.3962487741373,749.6949983760715,782.0880215149374,830.5296034086495,0.0,2,790.1250210124999,0,80,"batch",0.0,40.799990529194474,"4"
8,128,16384,1024,16384,64,"qwen35-0.8b",128,753.8781283074059,748.6400136258453,801.7239975742996,932.5775987235797,0.0,0,798.835011664778,0,80,"batch",0.0,51.32998921908438,"8"
8,128,16384,1024,16384,64,"qwen35-0.8b",128,763.5776222741697,766.1000126972795,806.8759983871132,825.4653943004084,0.0,1,820.4700134228915,0,80,"batch",0.0,52.5499926880002,"8"
8,128,16384,1024,16384,64,"qwen35-0.8b",128,757.6647520181723,752.9800059273839,816.1720295902343,955.8357420610236,0.0,2,804.5750437304378,0,80,"batch",0.0,51.06499884277582,"8"
16,128,16384,1024,16384,64,"qwen35-0.8b",128,793.292373418808,795.9500071592629,850.7250226102769,969.8507393477472,0.0,0,872.8400280233473,0,80,"batch",0.0,75.54498733952641,"16"
16,128,16384,1024,16384,64,"qwen35-0.8b",128,771.7431246419437,762.9699830431491,823.1429907027632,913.2009005406851,0.0,1,835.9999919775873,0,80,"batch",0.0,71.99498941190541,"16"
16,128,16384,1024,16384,64,"qwen35-0.8b",128,752.3976237280294,750.3399974666536,812.9699854180218,935.5611074715829,0.0,2,822.6399950217456,0,80,"batch",0.0,71.09501166269183,"16"
32,128,16384,1024,16384,64,"qwen35-0.8b",128,794.6671299578156,782.9400128684938,844.3189901299775,2072.751622181379,0.0,0,904.1799930855632,0,80,"batch",0.0,116.10999354161322,"32"
32,128,16384,1024,16384,64,"qwen35-0.8b",128,549.2682452313602,542.0249653980136,569.909019395709,668.4280798071975,0.0,1,614.9199907667935,0,80,"batch",0.0,73.63499025814235,"32"
32,128,16384,1024,16384,64,"qwen35-0.8b",128,548.4338718815707,543.7299842014909,561.7490329314023,673.9554903469955,0.0,2,619.3699955474585,0,80,"batch",0.0,74.88502888008952,"32"
64,128,16384,1024,16384,64,"qwen35-0.8b",128,592.3731223447248,582.1450031362474,609.2599651310593,848.8041290547661,0.0,0,708.0299837980419,0,80,"batch",0.0,126.97497732006013,"64"
64,128,16384,1024,16384,64,"qwen35-0.8b",128,597.703499806812,594.0800183452666,617.2999972477555,817.2971644671595,0.0,1,723.7649988383055,0,80,"batch",0.0,128.7400082219392,"64"
64,128,16384,1024,16384,64,"qwen35-0.8b",128,586.1458761501126,582.450011279434,608.481012750417,792.5981894368269,0.0,2,708.4599928930402,0,80,"batch",0.0,126.13998842425644,"64"
