dim,value,repeat,step,phase,num_reqs,total_scheduled_tokens,n_prefill,n_decode,logits_indices_len,has_spec_decode,update_states_us,prepare_inputs_us,triton_cpu_us,triton_launches,pi_net_us,scope_total_us,block_size,max_model_batched_tokens,warmup
isl,128,0,0,decode,16,16,0,16,16,0,46.060,521.900,102.180,1,419.720,568.070,128,16384,3
isl,128,0,1,decode,16,16,0,16,16,0,47.300,510.560,94.620,1,415.940,557.980,128,16384,3
isl,128,0,2,decode,16,16,0,16,16,0,45.430,492.520,91.050,1,401.470,538.060,128,16384,3
isl,128,0,3,decode,16,16,0,16,16,0,44.470,490.680,91.320,1,399.360,535.260,128,16384,3
isl,128,0,4,decode,16,16,0,16,16,0,44.560,490.460,90.640,1,399.820,535.130,128,16384,3
isl,128,0,5,decode,16,16,0,16,16,0,45.090,494.400,91.240,1,403.160,539.590,128,16384,3
isl,128,0,6,decode,16,16,0,16,16,0,44.220,501.400,90.670,1,410.730,545.740,128,16384,3
isl,128,0,7,decode,16,16,0,16,16,0,44.080,488.520,91.110,1,397.410,532.700,128,16384,3
isl,128,0,8,decode,16,16,0,16,16,0,45.210,492.780,91.840,1,400.940,538.100,128,16384,3
isl,128,0,9,decode,16,16,0,16,16,0,44.180,485.960,90.350,1,395.610,530.250,128,16384,3
isl,128,0,10,decode,16,16,0,16,16,0,44.320,485.530,91.560,1,393.970,529.940,128,16384,3
isl,128,0,11,decode,16,16,0,16,16,0,44.230,582.950,185.720,1,397.230,627.280,128,16384,3
isl,128,0,12,decode,16,16,0,16,16,0,44.020,504.180,92.760,1,411.420,548.430,128,16384,3
isl,128,0,13,decode,16,16,0,16,16,0,45.290,550.040,92.780,1,457.260,595.440,128,16384,3
isl,128,0,14,decode,16,16,0,16,16,0,45.070,493.760,90.410,1,403.350,538.990,128,16384,3
isl,128,0,15,decode,16,16,0,16,16,0,44.720,489.210,90.010,1,399.200,534.020,128,16384,3
isl,128,0,16,decode,16,16,0,16,16,0,45.670,492.270,91.530,1,400.740,538.090,128,16384,3
isl,128,0,17,decode,16,16,0,16,16,0,44.990,483.280,90.330,1,392.950,528.410,128,16384,3
isl,128,0,18,decode,16,16,0,16,16,0,45.080,479.590,88.510,1,391.080,524.780,128,16384,3
isl,128,0,19,decode,16,16,0,16,16,0,44.520,484.110,89.050,1,395.060,528.770,128,16384,3
isl,128,0,20,decode,16,16,0,16,16,0,56.960,488.710,91.100,1,397.610,545.790,128,16384,3
isl,128,0,21,decode,16,16,0,16,16,0,44.770,481.450,88.560,1,392.890,526.370,128,16384,3
isl,128,0,22,decode,16,16,0,16,16,0,44.410,483.390,90.370,1,393.020,527.920,128,16384,3
isl,128,0,23,decode,16,16,0,16,16,0,46.440,496.210,97.670,1,398.540,542.760,128,16384,3
isl,128,0,24,decode,16,16,0,16,16,0,46.270,503.230,101.980,1,401.250,549.640,128,16384,3
isl,128,0,25,decode,16,16,0,16,16,0,45.590,491.380,90.260,1,401.120,537.130,128,16384,3
isl,128,0,26,decode,16,16,0,16,16,0,44.770,509.160,108.470,1,400.690,554.070,128,16384,3
isl,128,0,27,decode,16,16,0,16,16,0,45.190,491.980,90.440,1,401.540,537.280,128,16384,3
isl,128,0,28,decode,16,16,0,16,16,0,44.710,487.740,90.490,1,397.250,532.600,128,16384,3
isl,128,0,29,decode,16,16,0,16,16,0,45.220,486.530,88.390,1,398.140,531.850,128,16384,3
isl,128,0,30,decode,16,16,0,16,16,0,44.890,480.490,89.060,1,391.430,525.540,128,16384,3
isl,128,0,31,decode,16,16,0,16,16,0,44.990,479.150,88.700,1,390.450,524.240,128,16384,3
isl,128,0,32,decode,16,16,0,16,16,0,45.040,480.920,89.750,1,391.170,526.120,128,16384,3
isl,128,0,33,decode,16,16,0,16,16,0,43.510,499.690,92.260,1,407.430,543.320,128,16384,3
isl,128,0,34,decode,16,16,0,16,16,0,44.390,481.720,88.990,1,392.730,526.230,128,16384,3
isl,128,0,35,decode,16,16,0,16,16,0,44.520,487.930,90.590,1,397.340,532.620,128,16384,3
isl,128,0,36,decode,16,16,0,16,16,0,45.370,491.920,90.370,1,401.550,537.400,128,16384,3
isl,128,0,37,decode,16,16,0,16,16,0,46.220,487.780,89.780,1,398.000,534.140,128,16384,3
isl,128,0,38,decode,16,16,0,16,16,0,44.780,487.190,88.120,1,399.070,532.070,128,16384,3
isl,128,0,39,decode,16,16,0,16,16,0,45.040,488.430,89.820,1,398.610,533.570,128,16384,3
isl,128,0,40,decode,16,16,0,16,16,0,45.150,524.370,92.540,1,431.830,569.600,128,16384,3
isl,128,0,41,decode,16,16,0,16,16,0,46.260,480.010,88.560,1,391.450,526.380,128,16384,3
isl,128,0,42,decode,16,16,0,16,16,0,45.100,491.830,88.780,1,403.050,537.080,128,16384,3
isl,128,0,43,decode,16,16,0,16,16,0,45.460,485.390,89.970,1,395.420,530.930,128,16384,3
isl,128,0,44,decode,16,16,0,16,16,0,45.750,476.600,87.000,1,389.600,522.450,128,16384,3
isl,128,0,45,decode,16,16,0,16,16,0,45.740,482.150,89.160,1,392.990,528.030,128,16384,3
isl,128,0,46,decode,16,16,0,16,16,0,45.200,477.500,89.410,1,388.090,522.800,128,16384,3
isl,128,0,47,decode,16,16,0,16,16,0,50.170,520.050,93.550,1,426.500,570.360,128,16384,3
isl,128,0,48,decode,16,16,0,16,16,0,46.960,490.560,89.970,1,400.590,537.660,128,16384,3
isl,128,0,49,decode,16,16,0,16,16,0,46.080,490.010,89.420,1,400.590,536.220,128,16384,3
isl,128,0,50,decode,16,16,0,16,16,0,45.840,489.290,90.010,1,399.280,535.320,128,16384,3
isl,128,0,51,decode,16,16,0,16,16,0,45.170,481.210,89.720,1,391.490,526.530,128,16384,3
isl,128,0,52,decode,16,16,0,16,16,0,45.860,483.720,90.410,1,393.310,529.740,128,16384,3
isl,128,0,53,decode,16,16,0,16,16,0,57.820,488.580,89.690,1,398.890,546.540,128,16384,3
isl,128,0,54,decode,16,16,0,16,16,0,46.390,494.330,91.780,1,402.550,540.900,128,16384,3
isl,128,0,55,decode,16,16,0,16,16,0,46.200,485.210,89.860,1,395.350,531.510,128,16384,3
isl,128,0,56,decode,16,16,0,16,16,0,44.930,481.380,88.580,1,392.800,526.430,128,16384,3
isl,128,0,57,decode,16,16,0,16,16,0,46.460,492.070,91.820,1,400.250,538.670,128,16384,3
isl,128,0,58,decode,16,16,0,16,16,0,46.560,499.150,90.330,1,408.820,545.840,128,16384,3
isl,128,0,59,decode,16,16,0,16,16,0,45.460,506.020,94.620,1,411.400,551.650,128,16384,3
isl,128,0,60,decode,16,16,0,16,16,0,46.210,487.980,89.800,1,398.180,534.320,128,16384,3
isl,128,0,61,decode,16,16,0,16,16,0,45.490,485.760,89.190,1,396.570,531.360,128,16384,3
isl,128,0,62,decode,16,16,0,16,16,0,45.430,494.620,90.970,1,403.650,540.210,128,16384,3
isl,128,0,63,decode,16,16,0,16,16,0,47.040,483.250,89.130,1,394.120,530.390,128,16384,3
isl,128,0,64,decode,16,16,0,16,16,0,44.880,480.530,88.130,1,392.400,525.530,128,16384,3
isl,128,0,65,decode,16,16,0,16,16,0,44.920,478.690,89.530,1,389.160,523.750,128,16384,3
isl,128,0,66,decode,16,16,0,16,16,0,44.770,491.770,89.840,1,401.930,536.680,128,16384,3
isl,128,0,67,decode,16,16,0,16,16,0,45.960,487.860,90.200,1,397.660,533.920,128,16384,3
isl,128,0,68,decode,16,16,0,16,16,0,45.070,481.100,88.310,1,392.790,526.260,128,16384,3
isl,128,0,69,decode,16,16,0,16,16,0,44.720,484.350,89.610,1,394.740,529.230,128,16384,3
isl,128,0,70,decode,16,16,0,16,16,0,45.880,485.720,89.240,1,396.480,531.730,128,16384,3
isl,128,0,71,decode,16,16,0,16,16,0,45.750,482.630,88.400,1,394.230,528.520,128,16384,3
isl,128,0,72,decode,16,16,0,16,16,0,46.080,486.300,89.370,1,396.930,532.490,128,16384,3
isl,128,0,73,decode,16,16,0,16,16,0,44.820,517.500,92.960,1,424.540,562.500,128,16384,3
isl,128,0,74,decode,16,16,0,16,16,0,48.790,482.500,87.360,1,395.140,531.380,128,16384,3
isl,128,0,75,decode,16,16,0,16,16,0,42.660,468.950,85.480,1,383.470,511.710,128,16384,3
isl,128,0,76,decode,16,16,0,16,16,0,43.290,460.590,85.620,1,374.970,503.980,128,16384,3
isl,128,0,77,decode,16,16,0,16,16,0,41.750,464.340,85.100,1,379.240,506.200,128,16384,3
isl,128,0,78,decode,16,16,0,16,16,0,42.900,465.000,84.590,1,380.410,508.000,128,16384,3
isl,128,0,79,decode,16,16,0,16,16,0,41.820,461.740,86.740,1,375.000,503.670,128,16384,3
isl,512,0,0,decode,16,16,0,16,16,0,48.400,498.650,90.580,1,408.070,547.170,128,16384,3
isl,512,0,1,decode,16,16,0,16,16,0,46.750,509.410,93.140,1,416.270,556.290,128,16384,3
isl,512,0,2,decode,16,16,0,16,16,0,47.210,499.640,90.530,1,409.110,546.980,128,16384,3
isl,512,0,3,decode,16,16,0,16,16,0,46.090,494.820,89.650,1,405.170,541.100,128,16384,3
isl,512,0,4,decode,16,16,0,16,16,0,56.480,499.470,90.780,1,408.690,556.120,128,16384,3
isl,512,0,5,decode,16,16,0,16,16,0,46.810,501.910,90.470,1,411.440,549.060,128,16384,3
isl,512,0,6,decode,16,16,0,16,16,0,45.460,495.540,90.280,1,405.260,541.160,128,16384,3
isl,512,0,7,decode,16,16,0,16,16,0,45.960,485.290,88.570,1,396.720,531.350,128,16384,3
isl,512,0,8,decode,16,16,0,16,16,0,45.900,488.600,88.860,1,399.740,534.640,128,16384,3
isl,512,0,9,decode,16,16,0,16,16,0,56.840,503.970,90.650,1,413.320,560.900,128,16384,3
isl,512,0,10,decode,16,16,0,16,16,0,45.880,511.210,93.050,1,418.160,557.240,128,16384,3
isl,512,0,11,decode,16,16,0,16,16,0,45.400,491.820,88.510,1,403.310,537.390,128,16384,3
isl,512,0,12,decode,16,16,0,16,16,0,45.900,494.810,89.830,1,404.980,540.820,128,16384,3
isl,512,0,13,decode,16,16,0,16,16,0,47.250,496.860,88.410,1,408.450,544.270,128,16384,3
isl,512,0,14,decode,16,16,0,16,16,0,45.270,487.950,87.710,1,400.240,533.330,128,16384,3
isl,512,0,15,decode,16,16,0,16,16,0,45.910,494.830,89.200,1,405.630,540.900,128,16384,3
isl,512,0,16,decode,16,16,0,16,16,0,45.140,493.240,90.030,1,403.210,538.490,128,16384,3
isl,512,0,17,decode,16,16,0,16,16,0,45.940,509.010,90.460,1,418.550,555.100,128,16384,3
isl,512,0,18,decode,16,16,0,16,16,0,45.300,490.840,88.400,1,402.440,536.310,128,16384,3
isl,512,0,19,decode,16,16,0,16,16,0,45.940,486.640,87.790,1,398.850,532.670,128,16384,3
isl,512,0,20,decode,16,16,0,16,16,0,46.020,489.590,89.290,1,400.300,535.760,128,16384,3
isl,512,0,21,decode,16,16,0,16,16,0,44.860,484.910,88.190,1,396.720,529.940,128,16384,3
isl,512,0,22,decode,16,16,0,16,16,0,45.190,486.570,88.480,1,398.090,531.870,128,16384,3
isl,512,0,23,decode,16,16,0,16,16,0,45.450,484.230,88.180,1,396.050,529.810,128,16384,3
isl,512,0,24,decode,16,16,0,16,16,0,45.890,512.020,95.230,1,416.790,558.060,128,16384,3
isl,512,0,25,decode,16,16,0,16,16,0,46.320,505.130,90.120,1,415.010,551.590,128,16384,3
isl,512,0,26,decode,16,16,0,16,16,0,45.350,495.640,88.920,1,406.720,541.150,128,16384,3
isl,512,0,27,decode,16,16,0,16,16,0,46.180,491.880,89.090,1,402.790,538.180,128,16384,3
isl,512,0,28,decode,16,16,0,16,16,0,45.290,492.570,89.170,1,403.400,538.010,128,16384,3
isl,512,0,29,decode,16,16,0,16,16,0,45.710,492.460,88.710,1,403.750,538.340,128,16384,3
isl,512,0,30,decode,16,16,0,16,16,0,45.300,510.020,105.480,1,404.540,555.400,128,16384,3
isl,512,0,31,decode,16,16,0,16,16,0,46.470,489.870,89.380,1,400.490,536.500,128,16384,3
isl,512,0,32,decode,16,16,0,16,16,0,45.730,484.900,88.520,1,396.380,530.780,128,16384,3
isl,512,0,33,decode,16,16,0,16,16,0,44.870,486.360,87.350,1,399.010,531.320,128,16384,3
isl,512,0,34,decode,16,16,0,16,16,0,46.790,493.490,90.870,1,402.620,540.460,128,16384,3
isl,512,0,35,decode,16,16,0,16,16,0,45.420,491.180,89.380,1,401.800,536.710,128,16384,3
isl,512,0,36,decode,16,16,0,16,16,0,44.860,497.000,90.510,1,406.490,542.020,128,16384,3
isl,512,0,37,decode,16,16,0,16,16,0,46.340,512.610,90.790,1,421.820,559.040,128,16384,3
isl,512,0,38,decode,16,16,0,16,16,0,45.840,492.900,89.120,1,403.780,538.890,128,16384,3
isl,512,0,39,decode,16,16,0,16,16,0,46.100,489.750,87.760,1,401.990,535.950,128,16384,3
isl,512,0,40,decode,16,16,0,16,16,0,44.870,493.870,88.690,1,405.180,538.890,128,16384,3
isl,512,0,41,decode,16,16,0,16,16,0,46.120,504.510,91.460,1,413.050,550.720,128,16384,3
isl,512,0,42,decode,16,16,0,16,16,0,46.460,502.820,92.730,1,410.090,549.410,128,16384,3
isl,512,0,43,decode,16,16,0,16,16,0,47.270,492.710,88.640,1,404.070,540.130,128,16384,3
isl,512,0,44,decode,16,16,0,16,16,0,46.600,510.940,90.050,1,420.890,557.700,128,16384,3
isl,512,0,45,decode,16,16,0,16,16,0,46.340,491.630,89.730,1,401.900,538.140,128,16384,3
isl,512,0,46,decode,16,16,0,16,16,0,46.160,492.380,88.360,1,404.020,538.700,128,16384,3
isl,512,0,47,decode,16,16,0,16,16,0,45.930,487.360,88.310,1,399.050,533.440,128,16384,3
isl,512,0,48,decode,16,16,0,16,16,0,46.650,495.000,89.050,1,405.950,541.800,128,16384,3
isl,512,0,49,decode,16,16,0,16,16,0,46.810,492.070,88.820,1,403.250,538.990,128,16384,3
isl,512,0,50,decode,16,16,0,16,16,0,45.340,495.030,99.460,1,395.570,540.470,128,16384,3
isl,512,0,51,decode,16,16,0,16,16,0,44.890,484.780,88.250,1,396.530,529.840,128,16384,3
isl,512,0,52,decode,16,16,0,16,16,0,45.050,482.390,88.920,1,393.470,527.550,128,16384,3
isl,512,0,53,decode,16,16,0,16,16,0,44.070,478.310,88.560,1,389.750,522.540,128,16384,3
isl,512,0,54,decode,16,16,0,16,16,0,45.100,477.150,87.490,1,389.660,522.350,128,16384,3
isl,512,0,55,decode,16,16,0,16,16,0,45.070,482.340,89.070,1,393.270,527.510,128,16384,3
isl,512,0,56,decode,16,16,0,16,16,0,44.090,474.210,87.350,1,386.860,518.400,128,16384,3
isl,512,0,57,decode,16,16,0,16,16,0,44.970,504.950,105.240,1,399.710,550.030,128,16384,3
isl,512,0,58,decode,16,16,0,16,16,0,44.960,484.670,89.510,1,395.160,529.790,128,16384,3
isl,512,0,59,decode,16,16,0,16,16,0,43.890,478.480,90.220,1,388.260,522.470,128,16384,3
isl,512,0,60,decode,16,16,0,16,16,0,45.340,479.660,87.400,1,392.260,525.110,128,16384,3
isl,512,0,61,decode,16,16,0,16,16,0,44.710,476.290,87.130,1,389.160,521.140,128,16384,3
isl,512,0,62,decode,16,16,0,16,16,0,44.720,483.250,88.240,1,395.010,528.150,128,16384,3
isl,512,0,63,decode,16,16,0,16,16,0,44.680,477.670,88.020,1,389.650,522.460,128,16384,3
isl,512,0,64,decode,16,16,0,16,16,0,44.740,505.000,91.200,1,413.800,549.840,128,16384,3
isl,512,0,65,decode,16,16,0,16,16,0,45.900,484.270,90.310,1,393.960,530.350,128,16384,3
isl,512,0,66,decode,16,16,0,16,16,0,45.700,479.120,88.370,1,390.750,524.990,128,16384,3
isl,512,0,67,decode,16,16,0,16,16,0,44.340,487.340,90.440,1,396.900,531.770,128,16384,3
isl,512,0,68,decode,16,16,0,16,16,0,44.750,474.410,87.960,1,386.450,519.260,128,16384,3
isl,512,0,69,decode,16,16,0,16,16,0,44.330,476.060,87.750,1,388.310,520.550,128,16384,3
isl,512,0,70,decode,16,16,0,16,16,0,44.730,473.800,87.310,1,386.490,518.700,128,16384,3
isl,512,0,71,decode,16,16,0,16,16,0,44.400,498.940,95.270,1,403.670,543.500,128,16384,3
isl,512,0,72,decode,16,16,0,16,16,0,45.020,500.380,105.910,1,394.470,545.540,128,16384,3
isl,512,0,73,decode,16,16,0,16,16,0,45.660,481.890,89.500,1,392.390,527.660,128,16384,3
isl,512,0,74,decode,16,16,0,16,16,0,45.170,480.030,88.610,1,391.420,525.310,128,16384,3
isl,512,0,75,decode,16,16,0,16,16,0,44.990,481.390,88.590,1,392.800,526.530,128,16384,3
isl,512,0,76,decode,16,16,0,16,16,0,45.190,494.370,100.020,1,394.350,539.710,128,16384,3
isl,512,0,77,decode,16,16,0,16,16,0,45.900,486.160,89.320,1,396.840,532.250,128,16384,3
isl,512,0,78,decode,16,16,0,16,16,0,45.460,498.930,90.150,1,408.780,544.490,128,16384,3
isl,512,0,79,decode,16,16,0,16,16,0,46.200,474.280,88.590,1,385.690,520.650,128,16384,3
isl,1024,0,0,decode,16,16,0,16,16,0,50.250,514.560,93.480,1,421.080,564.920,128,16384,3
isl,1024,0,1,decode,16,16,0,16,16,0,48.270,507.480,90.940,1,416.540,555.870,128,16384,3
isl,1024,0,2,decode,16,16,0,16,16,0,47.250,509.380,92.770,1,416.610,556.750,128,16384,3
isl,1024,0,3,decode,16,16,0,16,16,0,48.060,520.270,93.250,1,427.020,568.470,128,16384,3
isl,1024,0,4,decode,16,16,0,16,16,0,47.380,505.980,91.810,1,414.170,553.460,128,16384,3
isl,1024,0,5,decode,16,16,0,16,16,0,46.460,502.330,90.880,1,411.450,548.950,128,16384,3
isl,1024,0,6,decode,16,16,0,16,16,0,46.420,502.650,91.390,1,411.260,549.190,128,16384,3
isl,1024,0,7,decode,16,16,0,16,16,0,46.810,496.390,90.950,1,405.440,543.310,128,16384,3
isl,1024,0,8,decode,16,16,0,16,16,0,46.290,495.740,89.990,1,405.750,542.190,128,16384,3
isl,1024,0,9,decode,16,16,0,16,16,0,45.460,511.640,94.230,1,417.410,557.270,128,16384,3
isl,1024,0,10,decode,16,16,0,16,16,0,60.700,511.170,92.100,1,419.070,571.960,128,16384,3
isl,1024,0,11,decode,16,16,0,16,16,0,47.000,503.240,90.920,1,412.320,550.400,128,16384,3
isl,1024,0,12,decode,16,16,0,16,16,0,46.840,501.980,90.240,1,411.740,548.950,128,16384,3
isl,1024,0,13,decode,16,16,0,16,16,0,44.640,503.100,91.660,1,411.440,547.860,128,16384,3
isl,1024,0,14,decode,16,16,0,16,16,0,45.800,503.660,92.000,1,411.660,549.570,128,16384,3
isl,1024,0,15,decode,16,16,0,16,16,0,46.470,498.070,91.270,1,406.800,544.650,128,16384,3
isl,1024,0,16,decode,16,16,0,16,16,0,45.000,643.970,97.820,1,546.150,689.140,128,16384,3
isl,1024,0,17,decode,16,16,0,16,16,0,46.640,504.530,91.210,1,413.320,551.250,128,16384,3
isl,1024,0,18,decode,16,16,0,16,16,0,44.830,499.780,90.610,1,409.170,544.710,128,16384,3
isl,1024,0,19,decode,16,16,0,16,16,0,45.680,506.660,92.200,1,414.460,552.450,128,16384,3
isl,1024,0,20,decode,16,16,0,16,16,0,47.070,506.230,94.100,1,412.130,553.390,128,16384,3
isl,1024,0,21,decode,16,16,0,16,16,0,47.000,522.750,104.830,1,417.920,569.900,128,16384,3
isl,1024,0,22,decode,16,16,0,16,16,0,48.520,509.400,90.790,1,418.610,558.090,128,16384,3
isl,1024,0,23,decode,16,16,0,16,16,0,48.070,516.420,92.580,1,423.840,564.640,128,16384,3
isl,1024,0,24,decode,16,16,0,16,16,0,46.590,510.690,92.160,1,418.530,557.380,128,16384,3
isl,1024,0,25,decode,16,16,0,16,16,0,47.340,509.370,92.630,1,416.740,556.810,128,16384,3
isl,1024,0,26,decode,16,16,0,16,16,0,46.980,504.590,91.560,1,413.030,551.680,128,16384,3
isl,1024,0,27,decode,16,16,0,16,16,0,46.050,497.280,90.430,1,406.850,543.500,128,16384,3
isl,1024,0,28,decode,16,16,0,16,16,0,46.790,499.830,91.130,1,408.700,546.720,128,16384,3
isl,1024,0,29,decode,16,16,0,16,16,0,46.070,518.660,93.790,1,424.870,564.870,128,16384,3
isl,1024,0,30,decode,16,16,0,16,16,0,47.370,501.730,90.530,1,411.200,549.200,128,16384,3
isl,1024,0,31,decode,16,16,0,16,16,0,46.330,498.670,89.840,1,408.830,545.100,128,16384,3
isl,1024,0,32,decode,16,16,0,16,16,0,47.410,508.540,91.790,1,416.750,556.060,128,16384,3
isl,1024,0,33,decode,16,16,0,16,16,0,46.100,500.330,90.170,1,410.160,546.530,128,16384,3
isl,1024,0,34,decode,16,16,0,16,16,0,45.620,500.280,90.390,1,409.890,545.990,128,16384,3
isl,1024,0,35,decode,16,16,0,16,16,0,47.260,500.720,89.610,1,411.110,548.080,128,16384,3
isl,1024,0,36,decode,16,16,0,16,16,0,57.750,513.280,92.650,1,420.630,571.140,128,16384,3
isl,1024,0,37,decode,16,16,0,16,16,0,46.240,499.260,89.870,1,409.390,545.600,128,16384,3
isl,1024,0,38,decode,16,16,0,16,16,0,46.870,499.360,90.030,1,409.330,546.350,128,16384,3
isl,1024,0,39,decode,16,16,0,16,16,0,46.230,495.720,90.580,1,405.140,542.100,128,16384,3
isl,1024,0,40,decode,16,16,0,16,16,0,47.370,498.570,91.100,1,407.470,546.050,128,16384,3
isl,1024,0,41,decode,16,16,0,16,16,0,47.240,501.820,91.410,1,410.410,549.200,128,16384,3
isl,1024,0,42,decode,16,16,0,16,16,0,46.870,521.180,93.910,1,427.270,568.150,128,16384,3
isl,1024,0,43,decode,16,16,0,16,16,0,47.290,510.380,93.980,1,416.400,557.840,128,16384,3
isl,1024,0,44,decode,16,16,0,16,16,0,48.120,503.250,89.860,1,413.390,551.470,128,16384,3
isl,1024,0,45,decode,16,16,0,16,16,0,46.040,509.850,91.300,1,418.550,556.030,128,16384,3
isl,1024,0,46,decode,16,16,0,16,16,0,47.830,504.470,90.840,1,413.630,552.370,128,16384,3
isl,1024,0,47,decode,16,16,0,16,16,0,47.240,501.220,89.310,1,411.910,548.630,128,16384,3
isl,1024,0,48,decode,16,16,0,16,16,0,46.580,507.910,90.630,1,417.280,554.600,128,16384,3
isl,1024,0,49,decode,16,16,0,16,16,0,47.310,515.660,91.550,1,424.110,563.070,128,16384,3
isl,1024,0,50,decode,16,16,0,16,16,0,45.530,499.970,91.090,1,408.880,545.660,128,16384,3
isl,1024,0,51,decode,16,16,0,16,16,0,47.280,490.190,89.980,1,400.210,537.580,128,16384,3
isl,1024,0,52,decode,16,16,0,16,16,0,46.230,486.300,90.510,1,395.790,532.720,128,16384,3
isl,1024,0,53,decode,16,16,0,16,16,0,46.510,489.400,90.330,1,399.070,536.060,128,16384,3
isl,1024,0,54,decode,16,16,0,16,16,0,47.210,502.090,101.620,1,400.470,549.460,128,16384,3
isl,1024,0,55,decode,16,16,0,16,16,0,50.080,531.090,110.910,1,420.180,581.330,128,16384,3
isl,1024,0,56,decode,16,16,0,16,16,0,48.850,497.950,91.850,1,406.100,547.090,128,16384,3
isl,1024,0,57,decode,16,16,0,16,16,0,47.250,493.440,90.410,1,403.030,540.870,128,16384,3
isl,1024,0,58,decode,16,16,0,16,16,0,47.400,492.920,90.400,1,402.520,540.410,128,16384,3
isl,1024,0,59,decode,16,16,0,16,16,0,48.170,490.980,91.030,1,399.950,539.250,128,16384,3
isl,1024,0,60,decode,16,16,0,16,16,0,47.470,762.480,356.870,1,405.610,810.120,128,16384,3
isl,1024,0,61,decode,16,16,0,16,16,0,49.650,512.330,95.760,1,416.570,562.130,128,16384,3
isl,1024,0,62,decode,16,16,0,16,16,0,48.070,503.000,93.540,1,409.460,551.160,128,16384,3
isl,1024,0,63,decode,16,16,0,16,16,0,46.670,492.140,91.580,1,400.560,538.950,128,16384,3
isl,1024,0,64,decode,16,16,0,16,16,0,46.800,487.090,91.040,1,396.050,534.000,128,16384,3
isl,1024,0,65,decode,16,16,0,16,16,0,47.270,489.550,91.060,1,398.490,536.920,128,16384,3
isl,1024,0,66,decode,16,16,0,16,16,0,47.670,520.850,94.180,1,426.670,568.750,128,16384,3
isl,1024,0,67,decode,16,16,0,16,16,0,48.690,493.150,91.280,1,401.870,542.030,128,16384,3
isl,1024,0,68,decode,16,16,0,16,16,0,47.640,510.220,94.080,1,416.140,557.960,128,16384,3
isl,1024,0,69,decode,16,16,0,16,16,0,48.240,496.570,91.790,1,404.780,544.900,128,16384,3
isl,1024,0,70,decode,16,16,0,16,16,0,47.460,491.980,91.300,1,400.680,539.600,128,16384,3
isl,1024,0,71,decode,16,16,0,16,16,0,47.550,500.240,93.630,1,406.610,547.910,128,16384,3
isl,1024,0,72,decode,16,16,0,16,16,0,47.050,488.120,90.130,1,397.990,535.330,128,16384,3
isl,1024,0,73,decode,16,16,0,16,16,0,46.590,490.130,91.020,1,399.110,536.960,128,16384,3
isl,1024,0,74,decode,16,16,0,16,16,0,47.150,489.070,91.990,1,397.080,536.410,128,16384,3
isl,1024,0,75,decode,16,16,0,16,16,0,47.310,508.660,90.740,1,417.920,556.080,128,16384,3
isl,1024,0,76,decode,16,16,0,16,16,0,46.430,491.110,91.830,1,399.280,537.640,128,16384,3
isl,1024,0,77,decode,16,16,0,16,16,0,46.340,490.500,91.680,1,398.820,536.950,128,16384,3
isl,1024,0,78,decode,16,16,0,16,16,0,53.170,508.090,95.120,1,412.970,561.370,128,16384,3
isl,1024,0,79,decode,16,16,0,16,16,0,47.840,494.650,90.430,1,404.220,542.650,128,16384,3
isl,2048,0,0,decode,16,16,0,16,16,0,53.380,562.570,110.110,1,452.460,616.150,128,16384,3
isl,2048,0,1,decode,16,16,0,16,16,0,53.680,527.480,96.300,1,431.180,581.300,128,16384,3
isl,2048,0,2,decode,16,16,0,16,16,0,48.960,521.730,94.930,1,426.800,570.830,128,16384,3
isl,2048,0,3,decode,16,16,0,16,16,0,48.020,516.780,94.080,1,422.700,564.900,128,16384,3
isl,2048,0,4,decode,16,16,0,16,16,0,48.300,516.060,93.850,1,422.210,564.540,128,16384,3
isl,2048,0,5,decode,16,16,0,16,16,0,48.300,553.750,116.030,1,437.720,602.190,128,16384,3
isl,2048,0,6,decode,16,16,0,16,16,0,49.090,514.840,93.620,1,421.220,564.110,128,16384,3
isl,2048,0,7,decode,16,16,0,16,16,0,48.600,507.570,92.220,1,415.350,556.260,128,16384,3
isl,2048,0,8,decode,16,16,0,16,16,0,48.360,509.340,93.940,1,415.400,557.820,128,16384,3
isl,2048,0,9,decode,16,16,0,16,16,0,47.690,507.300,92.560,1,414.740,555.100,128,16384,3
isl,2048,0,10,decode,16,16,0,16,16,0,47.910,509.990,92.010,1,417.980,558.040,128,16384,3
isl,2048,0,11,decode,16,16,0,16,16,0,48.340,515.560,98.820,1,416.740,564.050,128,16384,3
isl,2048,0,12,decode,16,16,0,16,16,0,48.630,537.430,93.840,1,443.590,586.230,128,16384,3
isl,2048,0,13,decode,16,16,0,16,16,0,47.860,508.220,91.290,1,416.930,556.210,128,16384,3
isl,2048,0,14,decode,16,16,0,16,16,0,46.610,512.710,93.330,1,419.380,559.480,128,16384,3
isl,2048,0,15,decode,16,16,0,16,16,0,48.910,510.170,92.250,1,417.920,559.170,128,16384,3
isl,2048,0,16,decode,16,16,0,16,16,0,47.900,512.210,93.800,1,418.410,560.210,128,16384,3
isl,2048,0,17,decode,16,16,0,16,16,0,48.310,508.480,93.140,1,415.340,556.930,128,16384,3
isl,2048,0,18,decode,16,16,0,16,16,0,47.130,524.500,94.010,1,430.490,571.770,128,16384,3
isl,2048,0,19,decode,16,16,0,16,16,0,47.220,506.390,92.230,1,414.160,553.770,128,16384,3
isl,2048,0,20,decode,16,16,0,16,16,0,47.370,503.460,92.530,1,410.930,550.930,128,16384,3
isl,2048,0,21,decode,16,16,0,16,16,0,47.600,503.830,91.650,1,412.180,551.610,128,16384,3
isl,2048,0,22,decode,16,16,0,16,16,0,46.880,505.660,92.550,1,413.110,552.700,128,16384,3
isl,2048,0,23,decode,16,16,0,16,16,0,50.480,532.830,93.360,1,439.470,583.480,128,16384,3
isl,2048,0,24,decode,16,16,0,16,16,0,47.590,508.540,92.260,1,416.280,556.240,128,16384,3
isl,2048,0,25,decode,16,16,0,16,16,0,56.230,517.510,93.290,1,424.220,573.910,128,16384,3
isl,2048,0,26,decode,16,16,0,16,16,0,47.870,522.200,94.490,1,427.710,570.240,128,16384,3
isl,2048,0,27,decode,16,16,0,16,16,0,47.450,512.710,92.330,1,420.380,560.280,128,16384,3
isl,2048,0,28,decode,16,16,0,16,16,0,46.250,509.620,92.130,1,417.490,556.010,128,16384,3
isl,2048,0,29,decode,16,16,0,16,16,0,47.550,506.860,91.530,1,415.330,554.570,128,16384,3
isl,2048,0,30,decode,16,16,0,16,16,0,46.860,503.640,94.040,1,409.600,550.580,128,16384,3
isl,2048,0,31,decode,16,16,0,16,16,0,46.730,520.490,93.340,1,427.150,567.350,128,16384,3
isl,2048,0,32,decode,16,16,0,16,16,0,47.980,511.000,93.480,1,417.520,559.080,128,16384,3
isl,2048,0,33,decode,16,16,0,16,16,0,46.480,502.180,91.150,1,411.030,548.760,128,16384,3
isl,2048,0,34,decode,16,16,0,16,16,0,47.020,529.510,102.260,1,427.250,576.690,128,16384,3
isl,2048,0,35,decode,16,16,0,16,16,0,49.180,510.100,91.480,1,418.620,559.400,128,16384,3
isl,2048,0,36,decode,16,16,0,16,16,0,47.230,507.610,91.570,1,416.040,554.980,128,16384,3
isl,2048,0,37,decode,16,16,0,16,16,0,47.080,525.270,94.200,1,431.070,572.490,128,16384,3
isl,2048,0,38,decode,16,16,0,16,16,0,50.140,535.430,95.300,1,440.130,585.730,128,16384,3
isl,2048,0,39,decode,16,16,0,16,16,0,48.080,509.610,93.100,1,416.510,557.830,128,16384,3
isl,2048,0,40,decode,16,16,0,16,16,0,47.570,505.650,92.620,1,413.030,553.380,128,16384,3
isl,2048,0,41,decode,16,16,0,16,16,0,48.220,508.530,92.180,1,416.350,556.910,128,16384,3
isl,2048,0,42,decode,16,16,0,16,16,0,48.210,509.120,93.110,1,416.010,557.470,128,16384,3
isl,2048,0,43,decode,16,16,0,16,16,0,46.890,503.590,91.020,1,412.570,550.590,128,16384,3
isl,2048,0,44,decode,16,16,0,16,16,0,47.300,534.190,95.230,1,438.960,581.670,128,16384,3
isl,2048,0,45,decode,16,16,0,16,16,0,48.120,510.740,94.550,1,416.190,559.020,128,16384,3
isl,2048,0,46,decode,16,16,0,16,16,0,47.930,517.560,93.050,1,424.510,565.580,128,16384,3
isl,2048,0,47,decode,16,16,0,16,16,0,48.230,509.290,92.200,1,417.090,557.680,128,16384,3
isl,2048,0,48,decode,16,16,0,16,16,0,47.490,508.010,91.360,1,416.650,555.650,128,16384,3
isl,2048,0,49,decode,16,16,0,16,16,0,47.610,506.330,91.730,1,414.600,554.030,128,16384,3
isl,2048,0,50,decode,16,16,0,16,16,0,47.740,519.260,109.740,1,409.520,567.110,128,16384,3
isl,2048,0,51,decode,16,16,0,16,16,0,46.610,507.770,93.860,1,413.910,554.500,128,16384,3
isl,2048,0,52,decode,16,16,0,16,16,0,46.450,495.130,92.950,1,402.180,541.760,128,16384,3
isl,2048,0,53,decode,16,16,0,16,16,0,46.300,495.380,91.480,1,403.900,541.900,128,16384,3
isl,2048,0,54,decode,16,16,0,16,16,0,46.450,493.490,91.620,1,401.870,540.030,128,16384,3
isl,2048,0,55,decode,16,16,0,16,16,0,47.060,494.940,92.620,1,402.320,542.100,128,16384,3
isl,2048,0,56,decode,16,16,0,16,16,0,46.650,492.630,92.510,1,400.120,539.390,128,16384,3
isl,2048,0,57,decode,16,16,0,16,16,0,46.500,530.240,95.620,1,434.620,576.900,128,16384,3
isl,2048,0,58,decode,16,16,0,16,16,0,47.600,499.710,92.800,1,406.910,547.460,128,16384,3
isl,2048,0,59,decode,16,16,0,16,16,0,46.800,497.350,91.670,1,405.680,544.260,128,16384,3
isl,2048,0,60,decode,16,16,0,16,16,0,45.580,494.750,91.510,1,403.240,540.440,128,16384,3
isl,2048,0,61,decode,16,16,0,16,16,0,46.710,831.980,420.300,1,411.680,878.870,128,16384,3
isl,2048,0,62,decode,16,16,0,16,16,0,50.260,521.660,96.640,1,425.020,572.060,128,16384,3
isl,2048,0,63,decode,16,16,0,16,16,0,47.070,520.650,95.820,1,424.830,567.880,128,16384,3
isl,2048,0,64,decode,16,16,0,16,16,0,47.110,497.030,92.520,1,404.510,544.310,128,16384,3
isl,2048,0,65,decode,16,16,0,16,16,0,47.380,505.100,92.920,1,412.180,552.640,128,16384,3
isl,2048,0,66,decode,16,16,0,16,16,0,47.020,501.430,93.100,1,408.330,548.590,128,16384,3
isl,2048,0,67,decode,16,16,0,16,16,0,46.440,500.060,91.540,1,408.520,546.650,128,16384,3
isl,2048,0,68,decode,16,16,0,16,16,0,48.390,514.320,96.020,1,418.300,562.880,128,16384,3
isl,2048,0,69,decode,16,16,0,16,16,0,47.090,545.670,114.820,1,430.850,592.940,128,16384,3
isl,2048,0,70,decode,16,16,0,16,16,0,48.310,515.360,93.710,1,421.650,563.790,128,16384,3
isl,2048,0,71,decode,16,16,0,16,16,0,46.850,511.240,92.040,1,419.200,558.190,128,16384,3
isl,2048,0,72,decode,16,16,0,16,16,0,47.190,512.420,95.170,1,417.250,559.730,128,16384,3
isl,2048,0,73,decode,16,16,0,16,16,0,46.780,506.000,94.630,1,411.370,552.940,128,16384,3
isl,2048,0,74,decode,16,16,0,16,16,0,47.560,500.070,92.170,1,407.900,547.740,128,16384,3
isl,2048,0,75,decode,16,16,0,16,16,0,47.020,512.250,95.710,1,416.540,559.400,128,16384,3
isl,2048,0,76,decode,16,16,0,16,16,0,47.710,510.650,93.570,1,417.080,558.470,128,16384,3
isl,2048,0,77,decode,16,16,0,16,16,0,45.700,512.240,95.100,1,417.140,558.110,128,16384,3
isl,2048,0,78,decode,16,16,0,16,16,0,47.700,500.760,94.220,1,406.540,548.630,128,16384,3
isl,2048,0,79,decode,16,16,0,16,16,0,46.490,508.870,100.400,1,408.470,555.480,128,16384,3
isl,4096,0,0,prefill,16,16384,5,11,16,0,707.440,1142.570,472.390,1,670.180,1850.190,128,16384,3
isl,4096,0,1,prefill,16,37,1,15,16,0,137.720,632.580,112.270,1,520.310,770.420,128,16384,3
isl,4096,0,2,decode,16,16,0,16,16,0,55.570,563.260,104.150,1,459.110,618.960,128,16384,3
isl,4096,0,3,decode,16,16,0,16,16,0,51.220,556.270,101.230,1,455.040,607.640,128,16384,3
isl,4096,0,4,decode,16,16,0,16,16,0,49.950,530.100,100.330,1,429.770,580.220,128,16384,3
isl,4096,0,5,decode,16,16,0,16,16,0,49.220,531.890,100.240,1,431.650,581.260,128,16384,3
isl,4096,0,6,decode,16,16,0,16,16,0,50.130,549.550,98.850,1,450.700,599.850,128,16384,3
isl,4096,0,7,decode,16,16,0,16,16,0,50.680,536.890,97.760,1,439.130,587.730,128,16384,3
isl,4096,0,8,decode,16,16,0,16,16,0,49.640,517.730,96.550,1,421.180,567.540,128,16384,3
isl,4096,0,9,decode,16,16,0,16,16,0,49.900,531.650,99.400,1,432.250,581.670,128,16384,3
isl,4096,0,10,decode,16,16,0,16,16,0,51.140,535.950,102.140,1,433.810,587.200,128,16384,3
isl,4096,0,11,decode,16,16,0,16,16,0,51.730,550.180,100.370,1,449.810,602.100,128,16384,3
isl,4096,0,12,decode,16,16,0,16,16,0,50.830,542.600,98.400,1,444.200,593.610,128,16384,3
isl,4096,0,13,decode,16,16,0,16,16,0,50.280,541.510,98.570,1,442.940,591.900,128,16384,3
isl,4096,0,14,decode,16,16,0,16,16,0,49.860,535.300,97.420,1,437.880,585.270,128,16384,3
isl,4096,0,15,decode,16,16,0,16,16,0,49.600,524.050,96.030,1,428.020,573.760,128,16384,3
isl,4096,0,16,decode,16,16,0,16,16,0,48.200,508.520,95.660,1,412.860,556.830,128,16384,3
isl,4096,0,17,decode,16,16,0,16,16,0,49.780,512.340,94.090,1,418.250,562.270,128,16384,3
isl,4096,0,18,decode,16,16,0,16,16,0,48.560,519.150,96.160,1,422.990,567.800,128,16384,3
isl,4096,0,19,decode,16,16,0,16,16,0,50.300,533.490,98.400,1,435.090,583.930,128,16384,3
isl,4096,0,20,decode,16,16,0,16,16,0,49.560,521.690,95.930,1,425.760,571.370,128,16384,3
isl,4096,0,21,decode,16,16,0,16,16,0,50.520,524.790,97.770,1,427.020,575.410,128,16384,3
isl,4096,0,22,decode,16,16,0,16,16,0,50.810,541.920,97.720,1,444.200,592.890,128,16384,3
isl,4096,0,23,decode,16,16,0,16,16,0,49.040,543.740,102.280,1,441.460,592.940,128,16384,3
isl,4096,0,24,decode,16,16,0,16,16,0,49.630,533.450,97.190,1,436.260,583.230,128,16384,3
isl,4096,0,25,decode,16,16,0,16,16,0,49.280,580.490,109.370,1,471.120,629.930,128,16384,3
isl,4096,0,26,decode,16,16,0,16,16,0,50.850,539.500,100.330,1,439.170,590.470,128,16384,3
isl,4096,0,27,decode,16,16,0,16,16,0,48.900,531.710,98.270,1,433.440,580.720,128,16384,3
isl,4096,0,28,decode,16,16,0,16,16,0,48.180,518.120,93.910,1,424.210,566.470,128,16384,3
isl,4096,0,29,decode,16,16,0,16,16,0,48.070,522.830,96.620,1,426.210,571.060,128,16384,3
isl,4096,0,30,decode,16,16,0,16,16,0,48.760,510.600,95.630,1,414.970,559.460,128,16384,3
isl,4096,0,31,decode,16,16,0,16,16,0,49.090,538.990,112.720,1,426.270,588.230,128,16384,3
isl,4096,0,32,decode,16,16,0,16,16,0,49.550,534.450,100.610,1,433.840,584.140,128,16384,3
isl,4096,0,33,decode,16,16,0,16,16,0,53.560,536.880,97.230,1,439.650,590.550,128,16384,3
isl,4096,0,34,decode,16,16,0,16,16,0,50.190,528.120,97.810,1,430.310,578.470,128,16384,3
isl,4096,0,35,decode,16,16,0,16,16,0,48.760,535.080,99.080,1,436.000,584.030,128,16384,3
isl,4096,0,36,decode,16,16,0,16,16,0,47.780,540.520,101.420,1,439.100,588.390,128,16384,3
isl,4096,0,37,decode,16,16,0,16,16,0,48.050,529.200,95.570,1,433.630,577.350,128,16384,3
isl,4096,0,38,decode,16,16,0,16,16,0,48.770,533.180,99.020,1,434.160,582.070,128,16384,3
isl,4096,0,39,decode,16,16,0,16,16,0,48.240,519.240,95.750,1,423.490,567.550,128,16384,3
isl,4096,0,40,decode,16,16,0,16,16,0,48.460,515.870,94.510,1,421.360,564.490,128,16384,3
isl,4096,0,41,decode,16,16,0,16,16,0,48.070,529.330,98.860,1,430.470,577.560,128,16384,3
isl,4096,0,42,decode,16,16,0,16,16,0,49.100,536.250,102.950,1,433.300,585.510,128,16384,3
isl,4096,0,43,decode,16,16,0,16,16,0,48.960,531.400,97.240,1,434.160,580.520,128,16384,3
isl,4096,0,44,decode,16,16,0,16,16,0,50.500,565.640,100.570,1,465.070,616.290,128,16384,3
isl,4096,0,45,decode,16,16,0,16,16,0,50.580,543.850,99.320,1,444.530,594.580,128,16384,3
isl,4096,0,46,decode,16,16,0,16,16,0,50.220,533.850,97.510,1,436.340,584.160,128,16384,3
isl,4096,0,47,decode,16,16,0,16,16,0,48.580,530.860,97.000,1,433.860,579.600,128,16384,3
isl,4096,0,48,decode,16,16,0,16,16,0,49.200,527.100,95.000,1,432.100,576.400,128,16384,3
isl,4096,0,49,decode,16,16,0,16,16,0,51.450,529.870,94.080,1,435.790,581.480,128,16384,3
isl,4096,0,50,decode,16,16,0,16,16,0,49.130,532.530,98.110,1,434.420,581.790,128,16384,3
isl,4096,0,51,decode,16,16,0,16,16,0,47.860,522.960,99.590,1,423.370,570.930,128,16384,3
isl,4096,0,52,decode,16,16,0,16,16,0,50.150,511.010,93.880,1,417.130,561.330,128,16384,3
isl,4096,0,53,decode,16,16,0,16,16,0,48.530,512.510,97.600,1,414.910,561.210,128,16384,3
isl,4096,0,54,decode,16,16,0,16,16,0,47.510,511.880,94.670,1,417.210,559.500,128,16384,3
isl,4096,0,55,decode,16,16,0,16,16,0,47.510,533.140,98.660,1,434.480,580.740,128,16384,3
isl,4096,0,56,decode,16,16,0,16,16,0,47.650,542.140,114.050,1,428.090,589.970,128,16384,3
isl,4096,0,57,decode,16,16,0,16,16,0,49.740,541.520,99.570,1,441.950,591.390,128,16384,3
isl,4096,0,58,decode,16,16,0,16,16,0,47.750,526.320,97.920,1,428.400,574.240,128,16384,3
isl,4096,0,59,decode,16,16,0,16,16,0,47.840,517.810,94.970,1,422.840,565.760,128,16384,3
isl,4096,0,60,decode,16,16,0,16,16,0,49.350,510.820,97.050,1,413.770,560.320,128,16384,3
isl,4096,0,61,decode,16,16,0,16,16,0,48.300,506.800,95.390,1,411.410,555.220,128,16384,3
isl,4096,0,62,decode,16,16,0,16,16,0,48.420,1100.250,679.020,1,421.230,1148.810,128,16384,3
isl,4096,0,63,decode,16,16,0,16,16,0,51.340,534.210,99.100,1,435.110,585.680,128,16384,3
isl,4096,0,64,decode,16,16,0,16,16,0,49.980,524.130,96.940,1,427.190,574.270,128,16384,3
isl,4096,0,65,decode,16,16,0,16,16,0,49.130,517.360,99.470,1,417.890,566.650,128,16384,3
isl,4096,0,66,decode,16,16,0,16,16,0,49.200,545.140,98.790,1,446.350,594.520,128,16384,3
isl,4096,0,67,decode,16,16,0,16,16,0,49.460,541.090,100.720,1,440.370,590.680,128,16384,3
isl,4096,0,68,decode,16,16,0,16,16,0,47.280,556.820,101.020,1,455.800,604.240,128,16384,3
isl,4096,0,69,decode,16,16,0,16,16,0,47.710,524.400,96.940,1,427.460,572.260,128,16384,3
isl,4096,0,70,decode,16,16,0,16,16,0,48.530,523.580,96.890,1,426.690,572.200,128,16384,3
isl,4096,0,71,decode,16,16,0,16,16,0,48.780,516.720,95.100,1,421.620,565.610,128,16384,3
isl,4096,0,72,decode,16,16,0,16,16,0,48.510,504.250,96.920,1,407.330,552.910,128,16384,3
isl,4096,0,73,decode,16,16,0,16,16,0,47.100,505.660,94.130,1,411.530,552.920,128,16384,3
isl,4096,0,74,decode,16,16,0,16,16,0,45.990,520.800,107.020,1,413.780,566.970,128,16384,3
isl,4096,0,75,decode,16,16,0,16,16,0,47.200,503.860,97.180,1,406.680,551.190,128,16384,3
isl,4096,0,76,decode,16,16,0,16,16,0,46.040,501.650,93.830,1,407.820,547.830,128,16384,3
isl,4096,0,77,decode,16,16,0,16,16,0,47.510,509.850,95.180,1,414.670,557.480,128,16384,3
isl,4096,0,78,decode,16,16,0,16,16,0,48.730,505.000,95.310,1,409.690,553.890,128,16384,3
isl,4096,0,79,decode,16,16,0,16,16,0,47.500,505.190,93.740,1,411.450,552.830,128,16384,3
isl,8192,0,0,prefill,8,16384,11,5,8,0,641.880,1134.280,477.880,1,656.400,1776.340,128,16384,3
isl,8192,0,1,prefill,10,16384,9,7,10,0,647.060,1149.270,497.800,1,651.470,1796.480,128,16384,3
isl,8192,0,2,prefill,12,16384,7,9,12,0,638.690,1134.740,482.240,1,652.500,1773.530,128,16384,3
isl,8192,0,3,prefill,14,16384,5,11,14,0,637.340,1108.660,475.980,1,632.680,1746.170,128,16384,3
isl,8192,0,4,prefill,16,16384,3,13,16,0,637.170,1145.690,497.870,1,647.820,1783.050,128,16384,3
isl,8192,0,5,prefill,16,65,1,15,16,0,93.770,573.770,103.100,1,470.670,667.720,128,16384,3
isl,8192,0,6,decode,16,16,0,16,16,0,49.620,527.530,96.770,1,430.760,577.280,128,16384,3
isl,8192,0,7,decode,16,16,0,16,16,0,49.060,523.570,95.510,1,428.060,572.790,128,16384,3
isl,8192,0,8,decode,16,16,0,16,16,0,48.760,513.420,94.660,1,418.760,562.340,128,16384,3
isl,8192,0,9,decode,16,16,0,16,16,0,48.090,509.730,92.630,1,417.100,558.000,128,16384,3
isl,8192,0,10,decode,16,16,0,16,16,0,48.060,525.160,105.550,1,419.610,573.350,128,16384,3
isl,8192,0,11,decode,16,16,0,16,16,0,48.720,508.070,92.540,1,415.530,556.920,128,16384,3
isl,8192,0,12,decode,16,16,0,16,16,0,47.600,509.180,94.070,1,415.110,556.880,128,16384,3
isl,8192,0,13,decode,16,16,0,16,16,0,47.690,508.800,94.430,1,414.370,556.660,128,16384,3
isl,8192,0,14,decode,16,16,0,16,16,0,48.810,518.000,92.860,1,425.140,567.010,128,16384,3
isl,8192,0,15,decode,16,16,0,16,16,0,48.200,517.830,93.790,1,424.040,566.190,128,16384,3
isl,8192,0,16,decode,16,16,0,16,16,0,48.040,509.500,91.800,1,417.700,557.630,128,16384,3
isl,8192,0,17,decode,16,16,0,16,16,0,47.470,561.380,99.540,1,461.840,609.000,128,16384,3
isl,8192,0,18,decode,16,16,0,16,16,0,48.090,550.300,99.640,1,450.660,598.630,128,16384,3
isl,8192,0,19,decode,16,16,0,16,16,0,49.360,552.900,101.160,1,451.740,602.390,128,16384,3
isl,8192,0,20,decode,16,16,0,16,16,0,50.590,553.530,104.740,1,448.790,604.310,128,16384,3
isl,8192,0,21,decode,16,16,0,16,16,0,49.750,560.900,98.750,1,462.150,610.820,128,16384,3
isl,8192,0,22,decode,16,16,0,16,16,0,48.840,515.310,94.320,1,420.990,564.300,128,16384,3
isl,8192,0,23,decode,16,16,0,16,16,0,46.960,541.880,96.800,1,445.080,589.020,128,16384,3
isl,8192,0,24,decode,16,16,0,16,16,0,49.820,527.160,95.810,1,431.350,577.140,128,16384,3
isl,8192,0,25,decode,16,16,0,16,16,0,48.690,539.340,97.170,1,442.170,588.200,128,16384,3
isl,8192,0,26,decode,16,16,0,16,16,0,48.120,521.720,94.020,1,427.700,570.000,128,16384,3
isl,8192,0,27,decode,16,16,0,16,16,0,48.130,531.430,98.980,1,432.450,579.720,128,16384,3
isl,8192,0,28,decode,16,16,0,16,16,0,47.520,520.800,94.770,1,426.030,568.500,128,16384,3
isl,8192,0,29,decode,16,16,0,16,16,0,48.120,530.950,94.880,1,436.070,579.170,128,16384,3
isl,8192,0,30,decode,16,16,0,16,16,0,48.920,512.200,92.710,1,419.490,561.280,128,16384,3
isl,8192,0,31,decode,16,16,0,16,16,0,47.960,509.890,94.170,1,415.720,558.020,128,16384,3
isl,8192,0,32,decode,16,16,0,16,16,0,47.540,507.160,93.130,1,414.030,554.850,128,16384,3
isl,8192,0,33,decode,16,16,0,16,16,0,47.680,512.560,94.180,1,418.380,560.420,128,16384,3
isl,8192,0,34,decode,16,16,0,16,16,0,46.820,505.270,92.940,1,412.330,552.260,128,16384,3
isl,8192,0,35,decode,16,16,0,16,16,0,47.550,523.970,92.010,1,431.960,571.630,128,16384,3
isl,8192,0,36,decode,16,16,0,16,16,0,48.240,541.850,96.480,1,445.370,590.230,128,16384,3
isl,8192,0,37,decode,16,16,0,16,16,0,47.850,512.030,92.750,1,419.280,560.040,128,16384,3
isl,8192,0,38,decode,16,16,0,16,16,0,47.460,513.700,94.220,1,419.480,561.380,128,16384,3
isl,8192,0,39,decode,16,16,0,16,16,0,47.310,512.380,93.200,1,419.180,559.870,128,16384,3
isl,8192,0,40,decode,16,16,0,16,16,0,47.500,511.080,91.510,1,419.570,558.740,128,16384,3
isl,8192,0,41,decode,16,16,0,16,16,0,48.560,506.370,92.230,1,414.140,555.110,128,16384,3
isl,8192,0,42,decode,16,16,0,16,16,0,48.560,524.940,93.930,1,431.010,573.620,128,16384,3
isl,8192,0,43,decode,16,16,0,16,16,0,48.360,505.540,92.800,1,412.740,554.020,128,16384,3
isl,8192,0,44,decode,16,16,0,16,16,0,46.050,500.990,92.440,1,408.550,547.200,128,16384,3
isl,8192,0,45,decode,16,16,0,16,16,0,47.020,501.240,91.020,1,410.220,548.430,128,16384,3
isl,8192,0,46,decode,16,16,0,16,16,0,47.520,507.530,92.950,1,414.580,555.210,128,16384,3
isl,8192,0,47,decode,16,16,0,16,16,0,46.470,515.490,99.080,1,416.410,562.140,128,16384,3
isl,8192,0,48,decode,16,16,0,16,16,0,47.560,533.260,113.370,1,419.890,580.960,128,16384,3
isl,8192,0,49,decode,16,16,0,16,16,0,48.840,513.890,92.200,1,421.690,562.890,128,16384,3
isl,8192,0,50,decode,16,16,0,16,16,0,47.510,517.520,104.940,1,412.580,565.200,128,16384,3
isl,8192,0,51,decode,16,16,0,16,16,0,48.360,513.430,95.380,1,418.050,561.940,128,16384,3
isl,8192,0,52,decode,16,16,0,16,16,0,47.040,503.990,93.740,1,410.250,551.210,128,16384,3
isl,8192,0,53,decode,16,16,0,16,16,0,47.300,500.960,93.390,1,407.570,548.360,128,16384,3
isl,8192,0,54,decode,16,16,0,16,16,0,47.550,496.480,91.770,1,404.710,544.160,128,16384,3
isl,8192,0,55,decode,16,16,0,16,16,0,46.430,521.580,94.250,1,427.330,568.130,128,16384,3
isl,8192,0,56,decode,16,16,0,16,16,0,46.400,499.870,94.050,1,405.820,546.470,128,16384,3
isl,8192,0,57,decode,16,16,0,16,16,0,46.960,497.150,92.560,1,404.590,544.300,128,16384,3
isl,8192,0,58,decode,16,16,0,16,16,0,48.340,500.760,93.830,1,406.930,549.210,128,16384,3
isl,8192,0,59,decode,16,16,0,16,16,0,47.480,508.900,92.520,1,416.380,556.530,128,16384,3
isl,8192,0,60,decode,16,16,0,16,16,0,46.950,499.360,92.100,1,407.260,546.410,128,16384,3
isl,8192,0,61,decode,16,16,0,16,16,0,47.110,519.290,108.510,1,410.780,566.550,128,16384,3
isl,8192,0,62,decode,16,16,0,16,16,0,47.150,504.610,92.740,1,411.870,551.880,128,16384,3
isl,8192,0,63,decode,16,16,0,16,16,0,47.180,1465.320,1044.860,1,420.460,1512.640,128,16384,3
isl,8192,0,64,decode,16,16,0,16,16,0,51.050,533.040,98.770,1,434.270,584.290,128,16384,3
isl,8192,0,65,decode,16,16,0,16,16,0,48.250,508.390,94.950,1,413.440,556.780,128,16384,3
isl,8192,0,66,decode,16,16,0,16,16,0,47.640,525.010,96.160,1,428.850,572.800,128,16384,3
isl,8192,0,67,decode,16,16,0,16,16,0,48.390,503.190,93.620,1,409.570,551.750,128,16384,3
isl,8192,0,68,decode,16,16,0,16,16,0,47.390,497.280,93.940,1,403.340,544.840,128,16384,3
isl,8192,0,69,decode,16,16,0,16,16,0,47.840,505.090,91.850,1,413.240,553.020,128,16384,3
isl,8192,0,70,decode,16,16,0,16,16,0,47.900,503.250,92.300,1,410.950,551.310,128,16384,3
isl,8192,0,71,decode,16,16,0,16,16,0,47.500,501.890,93.500,1,408.390,549.550,128,16384,3
isl,8192,0,72,decode,16,16,0,16,16,0,47.270,502.750,92.450,1,410.300,550.140,128,16384,3
isl,8192,0,73,decode,16,16,0,16,16,0,47.130,519.640,93.760,1,425.880,566.920,128,16384,3
isl,8192,0,74,decode,16,16,0,16,16,0,48.830,498.240,92.910,1,405.330,547.170,128,16384,3
isl,8192,0,75,decode,16,16,0,16,16,0,47.340,498.900,92.610,1,406.290,546.350,128,16384,3
isl,8192,0,76,decode,16,16,0,16,16,0,47.960,497.240,92.230,1,405.010,545.390,128,16384,3
isl,8192,0,77,decode,16,16,0,16,16,0,48.130,498.590,92.700,1,405.890,546.860,128,16384,3
isl,8192,0,78,decode,16,16,0,16,16,0,47.720,494.490,92.630,1,401.860,542.370,128,16384,3
isl,8192,0,79,decode,16,16,0,16,16,0,47.100,511.970,95.380,1,416.590,559.270,128,16384,3
batch,1,0,0,decode,1,1,0,1,1,0,23.020,504.180,92.170,1,412.010,527.310,128,16384,3
batch,1,0,1,decode,1,1,0,1,1,0,24.100,505.610,94.810,1,410.800,529.830,128,16384,3
batch,1,0,2,decode,1,1,0,1,1,0,23.090,494.020,93.900,1,400.120,517.230,128,16384,3
batch,1,0,3,decode,1,1,0,1,1,0,22.180,487.700,91.880,1,395.820,510.000,128,16384,3
batch,1,0,4,decode,1,1,0,1,1,0,21.880,487.760,91.110,1,396.650,509.760,128,16384,3
batch,1,0,5,decode,1,1,0,1,1,0,22.250,487.680,91.660,1,396.020,510.070,128,16384,3
batch,1,0,6,decode,1,1,0,1,1,0,21.350,513.300,94.440,1,418.860,534.850,128,16384,3
batch,1,0,7,decode,1,1,0,1,1,0,22.880,488.020,91.830,1,396.190,511.090,128,16384,3
batch,1,0,8,decode,1,1,0,1,1,0,22.190,504.340,102.960,1,401.380,526.660,128,16384,3
batch,1,0,9,decode,1,1,0,1,1,0,23.290,515.870,97.670,1,418.200,539.300,128,16384,3
batch,1,0,10,decode,1,1,0,1,1,0,23.400,502.530,94.500,1,408.030,526.130,128,16384,3
batch,1,0,11,decode,1,1,0,1,1,0,21.980,494.020,90.610,1,403.410,516.150,128,16384,3
batch,1,0,12,decode,1,1,0,1,1,0,22.200,497.690,91.920,1,405.770,520.090,128,16384,3
batch,1,0,13,decode,1,1,0,1,1,0,22.460,516.440,95.190,1,421.250,539.050,128,16384,3
batch,1,0,14,decode,1,1,0,1,1,0,22.670,500.280,93.560,1,406.720,523.110,128,16384,3
batch,1,0,15,decode,1,1,0,1,1,0,22.190,490.470,91.700,1,398.770,512.760,128,16384,3
batch,1,0,16,decode,1,1,0,1,1,0,22.270,491.740,91.430,1,400.310,514.200,128,16384,3
batch,1,0,17,decode,1,1,0,1,1,0,21.880,488.590,90.550,1,398.040,510.650,128,16384,3
batch,1,0,18,decode,1,1,0,1,1,0,21.630,486.320,93.350,1,392.970,508.060,128,16384,3
batch,1,0,19,decode,1,1,0,1,1,0,20.930,482.220,89.380,1,392.840,503.300,128,16384,3
batch,1,0,20,decode,1,1,0,1,1,0,21.350,503.400,92.180,1,411.220,524.870,128,16384,3
batch,1,0,21,decode,1,1,0,1,1,0,21.820,491.220,90.610,1,400.610,513.210,128,16384,3
batch,1,0,22,decode,1,1,0,1,1,0,21.760,501.580,93.130,1,408.450,523.500,128,16384,3
batch,1,0,23,decode,1,1,0,1,1,0,21.800,491.700,89.890,1,401.810,513.660,128,16384,3
batch,1,0,24,decode,1,1,0,1,1,0,21.750,489.680,90.720,1,398.960,511.590,128,16384,3
batch,1,0,25,decode,1,1,0,1,1,0,21.800,491.330,91.400,1,399.930,513.280,128,16384,3
batch,1,0,26,decode,1,1,0,1,1,0,22.360,488.750,91.300,1,397.450,511.220,128,16384,3
batch,1,0,27,decode,1,1,0,1,1,0,22.150,507.200,107.630,1,399.570,529.500,128,16384,3
batch,1,0,28,decode,1,1,0,1,1,0,22.160,490.990,91.250,1,399.740,513.260,128,16384,3
batch,1,0,29,decode,1,1,0,1,1,0,21.580,494.010,93.840,1,400.170,515.710,128,16384,3
batch,1,0,30,decode,1,1,0,1,1,0,20.850,486.630,90.890,1,395.740,507.670,128,16384,3
batch,1,0,31,decode,1,1,0,1,1,0,22.050,485.190,88.870,1,396.320,507.360,128,16384,3
batch,1,0,32,decode,1,1,0,1,1,0,21.660,489.650,91.670,1,397.980,511.480,128,16384,3
batch,1,0,33,decode,1,1,0,1,1,0,21.750,485.710,90.780,1,394.930,507.630,128,16384,3
batch,1,0,34,decode,1,1,0,1,1,0,21.650,491.400,94.810,1,396.590,513.230,128,16384,3
batch,1,0,35,decode,1,1,0,1,1,0,23.650,512.680,91.310,1,421.370,536.440,128,16384,3
batch,1,0,36,decode,1,1,0,1,1,0,22.280,492.120,90.760,1,401.360,514.520,128,16384,3
batch,1,0,37,decode,1,1,0,1,1,0,21.820,489.020,89.520,1,399.500,510.940,128,16384,3
batch,1,0,38,decode,1,1,0,1,1,0,21.600,487.250,89.500,1,397.750,508.990,128,16384,3
batch,1,0,39,decode,1,1,0,1,1,0,21.660,492.140,90.930,1,401.210,513.900,128,16384,3
batch,1,0,40,decode,1,1,0,1,1,0,22.310,484.400,91.100,1,393.300,506.830,128,16384,3
batch,1,0,41,decode,1,1,0,1,1,0,21.810,482.080,89.820,1,392.260,504.000,128,16384,3
batch,1,0,42,decode,1,1,0,1,1,0,21.900,505.040,92.070,1,412.970,527.120,128,16384,3
batch,1,0,43,decode,1,1,0,1,1,0,22.010,482.520,89.550,1,392.970,504.660,128,16384,3
batch,1,0,44,decode,1,1,0,1,1,0,21.950,484.030,89.900,1,394.130,506.150,128,16384,3
batch,1,0,45,decode,1,1,0,1,1,0,29.100,510.280,93.470,1,416.810,539.520,128,16384,3
batch,1,0,46,decode,1,1,0,1,1,0,21.700,484.790,90.350,1,394.440,506.610,128,16384,3
batch,1,0,47,decode,1,1,0,1,1,0,21.610,494.270,95.070,1,399.200,516.030,128,16384,3
batch,1,0,48,decode,1,1,0,1,1,0,22.150,488.080,90.310,1,397.770,510.380,128,16384,3
batch,1,0,49,decode,1,1,0,1,1,0,21.570,515.510,93.910,1,421.600,537.210,128,16384,3
batch,1,0,50,decode,1,1,0,1,1,0,21.600,480.740,90.080,1,390.660,502.460,128,16384,3
batch,1,0,51,decode,1,1,0,1,1,0,21.690,479.540,91.320,1,388.220,501.360,128,16384,3
batch,1,0,52,decode,1,1,0,1,1,0,21.380,482.430,91.650,1,390.780,503.900,128,16384,3
batch,1,0,53,decode,1,1,0,1,1,0,21.100,472.070,90.850,1,381.220,493.360,128,16384,3
batch,1,0,54,decode,1,1,0,1,1,0,20.170,467.410,88.800,1,378.610,487.740,128,16384,3
batch,1,0,55,decode,1,1,0,1,1,0,21.070,468.650,89.160,1,379.490,489.850,128,16384,3
batch,1,0,56,decode,1,1,0,1,1,0,19.730,471.040,89.490,1,381.550,490.890,128,16384,3
batch,1,0,57,decode,1,1,0,1,1,0,21.250,483.330,91.130,1,392.200,504.740,128,16384,3
batch,1,0,58,decode,1,1,0,1,1,0,20.390,468.950,88.130,1,380.820,489.430,128,16384,3
batch,1,0,59,decode,1,1,0,1,1,0,20.600,469.890,89.040,1,380.850,490.630,128,16384,3
batch,1,0,60,decode,1,1,0,1,1,0,20.840,480.210,94.770,1,385.440,501.200,128,16384,3
batch,1,0,61,decode,1,1,0,1,1,0,21.020,475.460,89.580,1,385.880,496.610,128,16384,3
batch,1,0,62,decode,1,1,0,1,1,0,20.440,472.640,90.090,1,382.550,493.170,128,16384,3
batch,1,0,63,decode,1,1,0,1,1,0,20.670,473.130,88.840,1,384.290,493.900,128,16384,3
batch,1,0,64,decode,1,1,0,1,1,0,20.760,497.630,92.980,1,404.650,518.550,128,16384,3
batch,1,0,65,decode,1,1,0,1,1,0,21.470,478.330,91.400,1,386.930,499.890,128,16384,3
batch,1,0,66,decode,1,1,0,1,1,0,21.680,474.750,89.850,1,384.900,496.590,128,16384,3
batch,1,0,67,decode,1,1,0,1,1,0,21.090,468.450,88.590,1,379.860,489.650,128,16384,3
batch,1,0,68,decode,1,1,0,1,1,0,20.940,470.020,88.740,1,381.280,491.050,128,16384,3
batch,1,0,69,decode,1,1,0,1,1,0,20.690,474.410,89.380,1,385.030,495.310,128,16384,3
batch,1,0,70,decode,1,1,0,1,1,0,21.000,475.340,89.890,1,385.450,496.450,128,16384,3
batch,1,0,71,decode,1,1,0,1,1,0,20.720,470.560,89.750,1,380.810,491.450,128,16384,3
batch,1,0,72,decode,1,1,0,1,1,0,20.900,478.130,90.630,1,387.500,499.150,128,16384,3
batch,1,0,73,decode,1,1,0,1,1,0,21.120,482.630,95.300,1,387.330,503.960,128,16384,3
batch,1,0,74,decode,1,1,0,1,1,0,21.610,477.870,91.140,1,386.730,499.600,128,16384,3
batch,1,0,75,decode,1,1,0,1,1,0,20.950,472.620,88.610,1,384.010,493.710,128,16384,3
batch,1,0,76,decode,1,1,0,1,1,0,19.960,474.790,88.690,1,386.100,494.920,128,16384,3
batch,1,0,77,decode,1,1,0,1,1,0,21.190,471.340,88.550,1,382.790,492.640,128,16384,3
batch,1,0,78,decode,1,1,0,1,1,0,20.170,476.830,91.600,1,385.230,497.130,128,16384,3
batch,1,0,79,decode,1,1,0,1,1,0,20.070,499.400,93.850,1,405.550,519.580,128,16384,3
batch,2,0,0,decode,2,2,0,2,2,0,25.470,501.350,94.550,1,406.800,526.930,128,16384,3
batch,2,0,1,decode,2,2,0,2,2,0,26.150,507.050,92.960,1,414.090,533.360,128,16384,3
batch,2,0,2,decode,2,2,0,2,2,0,25.180,493.620,91.880,1,401.740,518.920,128,16384,3
batch,2,0,3,decode,2,2,0,2,2,0,25.550,506.980,93.110,1,413.870,532.640,128,16384,3
batch,2,0,4,decode,2,2,0,2,2,0,23.750,497.640,92.340,1,405.300,521.530,128,16384,3
batch,2,0,5,decode,2,2,0,2,2,0,25.320,507.730,103.740,1,403.990,533.240,128,16384,3
batch,2,0,6,decode,2,2,0,2,2,0,25.310,508.460,94.580,1,413.880,533.930,128,16384,3
batch,2,0,7,decode,2,2,0,2,2,0,24.680,495.600,92.210,1,403.390,520.430,128,16384,3
batch,2,0,8,decode,2,2,0,2,2,0,24.730,487.620,90.580,1,397.040,512.440,128,16384,3
batch,2,0,9,decode,2,2,0,2,2,0,25.090,484.370,89.660,1,394.710,509.560,128,16384,3
batch,2,0,10,decode,2,2,0,2,2,0,43.410,501.850,92.480,1,409.370,545.440,128,16384,3
batch,2,0,11,decode,2,2,0,2,2,0,24.680,492.590,91.750,1,400.840,517.390,128,16384,3
batch,2,0,12,decode,2,2,0,2,2,0,24.220,488.740,90.750,1,397.990,513.060,128,16384,3
batch,2,0,13,decode,2,2,0,2,2,0,23.840,495.220,93.710,1,401.510,519.220,128,16384,3
batch,2,0,14,decode,2,2,0,2,2,0,24.160,491.210,89.880,1,401.330,515.490,128,16384,3
batch,2,0,15,decode,2,2,0,2,2,0,24.610,488.170,89.150,1,399.020,512.920,128,16384,3
batch,2,0,16,decode,2,2,0,2,2,0,24.370,489.480,90.530,1,398.950,513.970,128,16384,3
batch,2,0,17,decode,2,2,0,2,2,0,24.200,511.140,91.880,1,419.260,535.480,128,16384,3
batch,2,0,18,decode,2,2,0,2,2,0,24.680,493.330,91.300,1,402.030,518.180,128,16384,3
batch,2,0,19,decode,2,2,0,2,2,0,24.960,488.080,89.790,1,398.290,513.160,128,16384,3
batch,2,0,20,decode,2,2,0,2,2,0,23.590,483.990,88.420,1,395.570,507.690,128,16384,3
batch,2,0,21,decode,2,2,0,2,2,0,23.440,487.670,89.840,1,397.830,511.210,128,16384,3
batch,2,0,22,decode,2,2,0,2,2,0,24.180,487.710,89.860,1,397.850,511.990,128,16384,3
batch,2,0,23,decode,2,2,0,2,2,0,23.770,486.360,89.300,1,397.060,510.290,128,16384,3
batch,2,0,24,decode,2,2,0,2,2,0,24.410,504.250,91.620,1,412.630,528.760,128,16384,3
batch,2,0,25,decode,2,2,0,2,2,0,24.050,490.120,90.800,1,399.320,514.300,128,16384,3
batch,2,0,26,decode,2,2,0,2,2,0,23.790,505.630,93.000,1,412.630,529.570,128,16384,3
batch,2,0,27,decode,2,2,0,2,2,0,23.900,490.020,91.230,1,398.790,514.050,128,16384,3
batch,2,0,28,decode,2,2,0,2,2,0,24.190,486.180,89.540,1,396.640,510.460,128,16384,3
batch,2,0,29,decode,2,2,0,2,2,0,24.180,490.140,91.130,1,399.010,514.470,128,16384,3
batch,2,0,30,decode,2,2,0,2,2,0,24.140,490.220,90.730,1,399.490,514.530,128,16384,3
batch,2,0,31,decode,2,2,0,2,2,0,23.840,506.780,92.430,1,414.350,530.790,128,16384,3
batch,2,0,32,decode,2,2,0,2,2,0,23.570,489.970,89.980,1,399.990,513.640,128,16384,3
batch,2,0,33,decode,2,2,0,2,2,0,23.450,485.900,90.640,1,395.260,509.460,128,16384,3
batch,2,0,34,decode,2,2,0,2,2,0,24.260,483.610,90.630,1,392.980,508.020,128,16384,3
batch,2,0,35,decode,2,2,0,2,2,0,24.110,484.820,89.260,1,395.560,509.040,128,16384,3
batch,2,0,36,decode,2,2,0,2,2,0,23.870,486.930,90.510,1,396.420,510.930,128,16384,3
batch,2,0,37,decode,2,2,0,2,2,0,23.570,486.540,89.550,1,396.990,510.270,128,16384,3
batch,2,0,38,decode,2,2,0,2,2,0,23.750,506.380,109.120,1,397.260,530.220,128,16384,3
batch,2,0,39,decode,2,2,0,2,2,0,27.770,500.860,92.890,1,407.970,528.730,128,16384,3
batch,2,0,40,decode,2,2,0,2,2,0,24.260,490.770,90.840,1,399.930,515.120,128,16384,3
batch,2,0,41,decode,2,2,0,2,2,0,23.960,503.290,102.080,1,401.210,527.420,128,16384,3
batch,2,0,42,decode,2,2,0,2,2,0,23.230,499.660,90.750,1,408.910,523.060,128,16384,3
batch,2,0,43,decode,2,2,0,2,2,0,23.680,496.090,91.380,1,404.710,519.920,128,16384,3
batch,2,0,44,decode,2,2,0,2,2,0,23.790,486.540,91.300,1,395.240,510.430,128,16384,3
batch,2,0,45,decode,2,2,0,2,2,0,24.180,532.260,90.820,1,441.440,556.610,128,16384,3
batch,2,0,46,decode,2,2,0,2,2,0,25.470,497.380,93.340,1,404.040,523.030,128,16384,3
batch,2,0,47,decode,2,2,0,2,2,0,23.720,489.880,89.490,1,400.390,513.710,128,16384,3
batch,2,0,48,decode,2,2,0,2,2,0,23.710,489.570,92.230,1,397.340,513.430,128,16384,3
batch,2,0,49,decode,2,2,0,2,2,0,24.440,485.060,90.630,1,394.430,509.630,128,16384,3
batch,2,0,50,decode,2,2,0,2,2,0,23.350,477.690,90.400,1,387.290,501.200,128,16384,3
batch,2,0,51,decode,2,2,0,2,2,0,22.610,495.570,100.270,1,395.300,518.290,128,16384,3
batch,2,0,52,decode,2,2,0,2,2,0,23.580,479.710,90.150,1,389.560,503.460,128,16384,3
batch,2,0,53,decode,2,2,0,2,2,0,1964.230,780.140,124.460,1,655.680,2744.530,128,16384,3
batch,2,0,54,decode,2,2,0,2,2,0,30.660,496.540,95.040,1,401.500,527.290,128,16384,3
batch,2,0,55,decode,2,2,0,2,2,0,24.140,488.100,91.730,1,396.370,512.340,128,16384,3
batch,2,0,56,decode,2,2,0,2,2,0,23.080,504.820,93.390,1,411.430,528.030,128,16384,3
batch,2,0,57,decode,2,2,0,2,2,0,24.350,481.790,92.060,1,389.730,506.270,128,16384,3
batch,2,0,58,decode,2,2,0,2,2,0,23.220,477.910,90.540,1,387.370,501.240,128,16384,3
batch,2,0,59,decode,2,2,0,2,2,0,23.410,480.590,90.880,1,389.710,504.130,128,16384,3
batch,2,0,60,decode,2,2,0,2,2,0,23.280,492.110,93.530,1,398.580,515.490,128,16384,3
batch,2,0,61,decode,2,2,0,2,2,0,24.360,481.540,90.410,1,391.130,506.040,128,16384,3
batch,2,0,62,decode,2,2,0,2,2,0,23.760,487.450,90.620,1,396.830,511.310,128,16384,3
batch,2,0,63,decode,2,2,0,2,2,0,23.750,505.930,92.820,1,413.110,529.780,128,16384,3
batch,2,0,64,decode,2,2,0,2,2,0,23.930,484.970,91.050,1,393.920,509.050,128,16384,3
batch,2,0,65,decode,2,2,0,2,2,0,23.780,485.960,90.810,1,395.150,509.850,128,16384,3
batch,2,0,66,decode,2,2,0,2,2,0,23.540,479.820,90.590,1,389.230,503.470,128,16384,3
batch,2,0,67,decode,2,2,0,2,2,0,23.100,476.950,90.170,1,386.780,500.140,128,16384,3
batch,2,0,68,decode,2,2,0,2,2,0,23.670,481.790,93.140,1,388.650,505.600,128,16384,3
batch,2,0,69,decode,2,2,0,2,2,0,22.970,472.600,89.390,1,383.210,495.670,128,16384,3
batch,2,0,70,decode,2,2,0,2,2,0,23.580,493.850,106.090,1,387.760,517.590,128,16384,3
batch,2,0,71,decode,2,2,0,2,2,0,23.670,481.590,91.120,1,390.470,505.370,128,16384,3
batch,2,0,72,decode,2,2,0,2,2,0,23.690,477.720,89.350,1,388.370,501.500,128,16384,3
batch,2,0,73,decode,2,2,0,2,2,0,22.860,502.990,91.890,1,411.100,526.000,128,16384,3
batch,2,0,74,decode,2,2,0,2,2,0,24.370,489.790,91.970,1,397.820,514.260,128,16384,3
batch,2,0,75,decode,2,2,0,2,2,0,24.100,479.870,89.760,1,390.110,504.070,128,16384,3
batch,2,0,76,decode,2,2,0,2,2,0,23.970,482.560,91.240,1,391.320,506.630,128,16384,3
batch,2,0,77,decode,2,2,0,2,2,0,23.870,481.040,90.800,1,390.240,505.070,128,16384,3
batch,2,0,78,decode,2,2,0,2,2,0,24.440,497.620,92.900,1,404.720,522.180,128,16384,3
batch,2,0,79,decode,2,2,0,2,2,0,24.010,483.470,89.760,1,393.710,507.650,128,16384,3
batch,4,0,0,decode,4,4,0,4,4,0,30.680,515.080,93.690,1,421.390,545.910,128,16384,3
batch,4,0,1,decode,4,4,0,4,4,0,30.440,499.760,92.460,1,407.300,530.320,128,16384,3
batch,4,0,2,decode,4,4,0,4,4,0,30.800,518.640,95.840,1,422.800,549.600,128,16384,3
batch,4,0,3,decode,4,4,0,4,4,0,30.550,500.830,92.990,1,407.840,531.530,128,16384,3
batch,4,0,4,decode,4,4,0,4,4,0,28.930,501.500,91.660,1,409.840,530.570,128,16384,3
batch,4,0,5,decode,4,4,0,4,4,0,30.290,496.640,93.320,1,403.320,527.110,128,16384,3
batch,4,0,6,decode,4,4,0,4,4,0,28.710,493.330,91.520,1,401.810,522.210,128,16384,3
batch,4,0,7,decode,4,4,0,4,4,0,28.580,496.930,92.530,1,404.400,525.660,128,16384,3
batch,4,0,8,decode,4,4,0,4,4,0,28.680,512.230,93.440,1,418.790,541.070,128,16384,3
batch,4,0,9,decode,4,4,0,4,4,0,29.450,496.490,92.520,1,403.970,526.100,128,16384,3
batch,4,0,10,decode,4,4,0,4,4,0,28.720,493.190,91.390,1,401.800,522.000,128,16384,3
batch,4,0,11,decode,4,4,0,4,4,0,28.010,496.190,92.730,1,403.460,524.340,128,16384,3
batch,4,0,12,decode,4,4,0,4,4,0,27.970,505.270,92.210,1,413.060,533.410,128,16384,3
batch,4,0,13,decode,4,4,0,4,4,0,28.110,493.900,91.450,1,402.450,522.090,128,16384,3
batch,4,0,14,decode,4,4,0,4,4,0,28.400,494.230,91.650,1,402.580,522.780,128,16384,3
batch,4,0,15,decode,4,4,0,4,4,0,28.110,512.930,91.690,1,421.240,541.140,128,16384,3
batch,4,0,16,decode,4,4,0,4,4,0,28.430,504.150,92.820,1,411.330,532.730,128,16384,3
batch,4,0,17,decode,4,4,0,4,4,0,28.120,492.360,92.350,1,400.010,520.570,128,16384,3
batch,4,0,18,decode,4,4,0,4,4,0,27.720,489.970,91.890,1,398.080,517.840,128,16384,3
batch,4,0,19,decode,4,4,0,4,4,0,27.920,491.620,91.290,1,400.330,519.740,128,16384,3
batch,4,0,20,decode,4,4,0,4,4,0,28.000,490.930,90.600,1,400.330,519.070,128,16384,3
batch,4,0,21,decode,4,4,0,4,4,0,28.580,492.750,91.620,1,401.130,521.450,128,16384,3
batch,4,0,22,decode,4,4,0,4,4,0,27.750,487.270,90.940,1,396.330,515.190,128,16384,3
batch,4,0,23,decode,4,4,0,4,4,0,28.190,494.540,91.210,1,403.330,522.840,128,16384,3
batch,4,0,24,decode,4,4,0,4,4,0,27.460,496.830,92.330,1,404.500,524.410,128,16384,3
batch,4,0,25,decode,4,4,0,4,4,0,27.620,495.200,91.130,1,404.070,523.000,128,16384,3
batch,4,0,26,decode,4,4,0,4,4,0,28.020,494.110,90.600,1,403.510,522.290,128,16384,3
batch,4,0,27,decode,4,4,0,4,4,0,27.600,496.730,91.060,1,405.670,524.480,128,16384,3
batch,4,0,28,decode,4,4,0,4,4,0,27.770,492.770,91.170,1,401.600,520.640,128,16384,3
batch,4,0,29,decode,4,4,0,4,4,0,27.570,498.700,92.880,1,405.820,526.430,128,16384,3
batch,4,0,30,decode,4,4,0,4,4,0,29.530,501.140,92.430,1,408.710,530.830,128,16384,3
batch,4,0,31,decode,4,4,0,4,4,0,27.870,494.700,92.620,1,402.080,522.740,128,16384,3
batch,4,0,32,decode,4,4,0,4,4,0,28.490,490.560,92.330,1,398.230,519.190,128,16384,3
batch,4,0,33,decode,4,4,0,4,4,0,27.790,508.780,93.840,1,414.940,536.720,128,16384,3
batch,4,0,34,decode,4,4,0,4,4,0,29.230,494.450,91.650,1,402.800,523.780,128,16384,3
batch,4,0,35,decode,4,4,0,4,4,0,28.130,491.720,91.720,1,400.000,520.010,128,16384,3
batch,4,0,36,decode,4,4,0,4,4,0,28.150,870.340,458.410,1,411.930,898.660,128,16384,3
batch,4,0,37,decode,4,4,0,4,4,0,32.990,533.410,97.050,1,436.360,566.580,128,16384,3
batch,4,0,38,decode,4,4,0,4,4,0,30.050,507.540,94.660,1,412.880,537.730,128,16384,3
batch,4,0,39,decode,4,4,0,4,4,0,29.150,508.130,98.700,1,409.430,537.450,128,16384,3
batch,4,0,40,decode,4,4,0,4,4,0,28.240,505.180,94.090,1,411.090,533.580,128,16384,3
batch,4,0,41,decode,4,4,0,4,4,0,29.230,494.250,92.740,1,401.510,523.630,128,16384,3
batch,4,0,42,decode,4,4,0,4,4,0,28.010,494.570,94.000,1,400.570,522.750,128,16384,3
batch,4,0,43,decode,4,4,0,4,4,0,28.450,512.160,92.950,1,419.210,540.790,128,16384,3
batch,4,0,44,decode,4,4,0,4,4,0,28.430,499.310,92.870,1,406.440,527.890,128,16384,3
batch,4,0,45,decode,4,4,0,4,4,0,28.770,491.340,92.420,1,398.920,520.270,128,16384,3
batch,4,0,46,decode,4,4,0,4,4,0,28.290,490.180,91.540,1,398.640,518.630,128,16384,3
batch,4,0,47,decode,4,4,0,4,4,0,27.990,495.580,91.960,1,403.620,523.680,128,16384,3
batch,4,0,48,decode,4,4,0,4,4,0,27.960,499.040,93.790,1,405.250,527.190,128,16384,3
batch,4,0,49,decode,4,4,0,4,4,0,28.640,494.550,90.890,1,403.660,523.330,128,16384,3
batch,4,0,50,decode,4,4,0,4,4,0,26.700,517.250,99.290,1,417.960,544.110,128,16384,3
batch,4,0,51,decode,4,4,0,4,4,0,27.190,487.460,91.810,1,395.650,514.760,128,16384,3
batch,4,0,52,decode,4,4,0,4,4,0,27.110,488.580,92.720,1,395.860,515.870,128,16384,3
batch,4,0,53,decode,4,4,0,4,4,0,26.060,488.470,92.050,1,396.420,514.700,128,16384,3
batch,4,0,54,decode,4,4,0,4,4,0,26.360,485.360,91.180,1,394.180,511.900,128,16384,3
batch,4,0,55,decode,4,4,0,4,4,0,27.130,485.190,92.360,1,392.830,512.450,128,16384,3
batch,4,0,56,decode,4,4,0,4,4,0,26.260,479.700,91.640,1,388.060,506.060,128,16384,3
batch,4,0,57,decode,4,4,0,4,4,0,26.820,500.790,93.750,1,407.040,527.780,128,16384,3
batch,4,0,58,decode,4,4,0,4,4,0,27.120,487.360,92.580,1,394.780,514.560,128,16384,3
batch,4,0,59,decode,4,4,0,4,4,0,26.550,482.430,91.540,1,390.890,509.070,128,16384,3
batch,4,0,60,decode,4,4,0,4,4,0,26.290,484.740,93.020,1,391.720,511.170,128,16384,3
batch,4,0,61,decode,4,4,0,4,4,0,27.470,486.450,92.180,1,394.270,514.070,128,16384,3
batch,4,0,62,decode,4,4,0,4,4,0,26.660,484.470,91.080,1,393.390,511.250,128,16384,3
batch,4,0,63,decode,4,4,0,4,4,0,26.510,483.310,91.130,1,392.180,509.960,128,16384,3
batch,4,0,64,decode,4,4,0,4,4,0,26.530,503.970,97.320,1,406.650,530.630,128,16384,3
batch,4,0,65,decode,4,4,0,4,4,0,27.200,488.920,92.120,1,396.800,516.280,128,16384,3
batch,4,0,66,decode,4,4,0,4,4,0,27.220,483.540,91.470,1,392.070,510.920,128,16384,3
batch,4,0,67,decode,4,4,0,4,4,0,26.000,477.150,91.620,1,385.530,503.240,128,16384,3
batch,4,0,68,decode,4,4,0,4,4,0,26.050,499.900,92.270,1,407.630,526.090,128,16384,3
batch,4,0,69,decode,4,4,0,4,4,0,27.520,483.700,91.420,1,392.280,511.350,128,16384,3
batch,4,0,70,decode,4,4,0,4,4,0,26.660,487.150,92.980,1,394.170,513.980,128,16384,3
batch,4,0,71,decode,4,4,0,4,4,0,26.660,497.800,106.950,1,390.850,524.590,128,16384,3
batch,4,0,72,decode,4,4,0,4,4,0,27.030,487.920,92.170,1,395.750,515.100,128,16384,3
batch,4,0,73,decode,4,4,0,4,4,0,26.200,492.770,94.070,1,398.700,519.070,128,16384,3
batch,4,0,74,decode,4,4,0,4,4,0,27.300,489.880,91.920,1,397.960,517.340,128,16384,3
batch,4,0,75,decode,4,4,0,4,4,0,26.930,490.050,92.180,1,397.870,517.120,128,16384,3
batch,4,0,76,decode,4,4,0,4,4,0,26.490,487.100,92.420,1,394.680,513.800,128,16384,3
batch,4,0,77,decode,4,4,0,4,4,0,26.140,483.980,90.910,1,393.070,510.250,128,16384,3
batch,4,0,78,decode,4,4,0,4,4,0,26.440,503.190,90.710,1,412.480,529.760,128,16384,3
batch,4,0,79,decode,4,4,0,4,4,0,27.500,491.850,93.040,1,398.810,519.550,128,16384,3
batch,8,0,0,decode,8,8,0,8,8,0,37.390,525.910,96.810,1,429.100,563.460,128,16384,3
batch,8,0,1,decode,8,8,0,8,8,0,37.490,509.530,93.360,1,416.170,547.200,128,16384,3
batch,8,0,2,decode,8,8,0,8,8,0,36.550,508.880,95.340,1,413.540,545.620,128,16384,3
batch,8,0,3,decode,8,8,0,8,8,0,36.370,513.030,93.250,1,419.780,549.600,128,16384,3
batch,8,0,4,decode,8,8,0,8,8,0,35.580,509.200,93.700,1,415.500,544.910,128,16384,3
batch,8,0,5,decode,8,8,0,8,8,0,35.090,503.540,94.340,1,409.200,538.760,128,16384,3
batch,8,0,6,decode,8,8,0,8,8,0,35.240,499.380,92.210,1,407.170,534.760,128,16384,3
batch,8,0,7,decode,8,8,0,8,8,0,34.780,499.290,92.900,1,406.390,534.230,128,16384,3
batch,8,0,8,decode,8,8,0,8,8,0,35.060,497.610,91.570,1,406.040,532.780,128,16384,3
batch,8,0,9,decode,8,8,0,8,8,0,33.980,598.870,189.160,1,409.710,632.960,128,16384,3
batch,8,0,10,decode,8,8,0,8,8,0,35.700,511.640,95.230,1,416.410,547.500,128,16384,3
batch,8,0,11,decode,8,8,0,8,8,0,34.700,497.120,92.760,1,404.360,531.980,128,16384,3
batch,8,0,12,decode,8,8,0,8,8,0,34.730,507.530,92.130,1,415.400,542.360,128,16384,3
batch,8,0,13,decode,8,8,0,8,8,0,35.250,499.790,91.900,1,407.890,535.210,128,16384,3
batch,8,0,14,decode,8,8,0,8,8,0,35.480,499.630,92.050,1,407.580,535.220,128,16384,3
batch,8,0,15,decode,8,8,0,8,8,0,34.840,501.850,92.250,1,409.600,536.800,128,16384,3
batch,8,0,16,decode,8,8,0,8,8,0,35.110,522.170,94.470,1,427.700,557.450,128,16384,3
batch,8,0,17,decode,8,8,0,8,8,0,35.940,501.150,92.840,1,408.310,537.260,128,16384,3
batch,8,0,18,decode,8,8,0,8,8,0,34.800,497.540,91.310,1,406.230,532.490,128,16384,3
batch,8,0,19,decode,8,8,0,8,8,0,34.240,499.890,91.930,1,407.960,534.280,128,16384,3
batch,8,0,20,decode,8,8,0,8,8,0,34.400,496.190,93.030,1,403.160,530.730,128,16384,3
batch,8,0,21,decode,8,8,0,8,8,0,33.740,499.620,91.920,1,407.700,533.520,128,16384,3
batch,8,0,22,decode,8,8,0,8,8,0,35.640,499.600,92.090,1,407.510,535.430,128,16384,3
batch,8,0,23,decode,8,8,0,8,8,0,35.480,512.380,93.310,1,419.070,548.050,128,16384,3
batch,8,0,24,decode,8,8,0,8,8,0,36.530,512.590,93.960,1,418.630,549.250,128,16384,3
batch,8,0,25,decode,8,8,0,8,8,0,34.850,508.020,91.910,1,416.110,543.030,128,16384,3
batch,8,0,26,decode,8,8,0,8,8,0,34.910,532.560,100.430,1,432.130,567.610,128,16384,3
batch,8,0,27,decode,8,8,0,8,8,0,36.270,512.320,93.820,1,418.500,548.760,128,16384,3
batch,8,0,28,decode,8,8,0,8,8,0,35.130,509.960,94.100,1,415.860,545.180,128,16384,3
batch,8,0,29,decode,8,8,0,8,8,0,34.290,513.100,102.000,1,411.100,547.540,128,16384,3
batch,8,0,30,decode,8,8,0,8,8,0,34.000,516.780,96.850,1,419.930,550.880,128,16384,3
batch,8,0,31,decode,8,8,0,8,8,0,36.060,517.900,93.810,1,424.090,554.120,128,16384,3
batch,8,0,32,decode,8,8,0,8,8,0,35.350,503.280,93.710,1,409.570,538.790,128,16384,3
batch,8,0,33,decode,8,8,0,8,8,0,33.910,499.300,92.750,1,406.550,533.350,128,16384,3
batch,8,0,34,decode,8,8,0,8,8,0,33.920,501.990,94.380,1,407.610,536.060,128,16384,3
batch,8,0,35,decode,8,8,0,8,8,0,34.290,511.360,98.670,1,412.690,545.810,128,16384,3
batch,8,0,36,decode,8,8,0,8,8,0,35.380,531.710,95.630,1,436.080,567.260,128,16384,3
batch,8,0,37,decode,8,8,0,8,8,0,34.960,512.180,94.140,1,418.040,547.300,128,16384,3
batch,8,0,38,decode,8,8,0,8,8,0,36.020,506.890,92.970,1,413.920,543.060,128,16384,3
batch,8,0,39,decode,8,8,0,8,8,0,34.590,502.750,92.940,1,409.810,537.460,128,16384,3
batch,8,0,40,decode,8,8,0,8,8,0,34.250,502.940,92.370,1,410.570,537.280,128,16384,3
batch,8,0,41,decode,8,8,0,8,8,0,35.200,499.810,91.420,1,408.390,535.160,128,16384,3
batch,8,0,42,decode,8,8,0,8,8,0,33.600,499.770,91.780,1,407.990,533.530,128,16384,3
batch,8,0,43,decode,8,8,0,8,8,0,33.590,514.640,95.250,1,419.390,548.400,128,16384,3
batch,8,0,44,decode,8,8,0,8,8,0,33.650,497.130,91.690,1,405.440,530.930,128,16384,3
batch,8,0,45,decode,8,8,0,8,8,0,34.550,499.140,92.570,1,406.570,533.800,128,16384,3
batch,8,0,46,decode,8,8,0,8,8,0,34.390,492.110,92.000,1,400.110,526.650,128,16384,3
batch,8,0,47,decode,8,8,0,8,8,0,33.470,507.260,98.160,1,409.100,540.880,128,16384,3
batch,8,0,48,decode,8,8,0,8,8,0,35.250,505.710,94.470,1,411.240,541.140,128,16384,3
batch,8,0,49,decode,8,8,0,8,8,0,34.760,513.410,94.530,1,418.880,548.300,128,16384,3
batch,8,0,50,decode,8,8,0,8,8,0,33.710,518.540,93.690,1,424.850,552.420,128,16384,3
batch,8,0,51,decode,8,8,0,8,8,0,34.150,496.360,92.910,1,403.450,530.670,128,16384,3
batch,8,0,52,decode,8,8,0,8,8,0,33.560,494.060,92.150,1,401.910,527.760,128,16384,3
batch,8,0,53,decode,8,8,0,8,8,0,33.640,491.360,91.430,1,399.930,525.160,128,16384,3
batch,8,0,54,decode,8,8,0,8,8,0,34.010,489.150,92.450,1,396.700,523.350,128,16384,3
batch,8,0,55,decode,8,8,0,8,8,0,33.070,483.460,92.620,1,390.840,516.690,128,16384,3
batch,8,0,56,decode,8,8,0,8,8,0,33.190,484.510,91.740,1,392.770,517.850,128,16384,3
batch,8,0,57,decode,8,8,0,8,8,0,50.630,493.860,91.800,1,402.060,544.620,128,16384,3
batch,8,0,58,decode,8,8,0,8,8,0,33.540,491.560,93.190,1,398.370,525.280,128,16384,3
batch,8,0,59,decode,8,8,0,8,8,0,33.580,489.870,94.650,1,395.220,523.590,128,16384,3
batch,8,0,60,decode,8,8,0,8,8,0,34.230,507.330,102.170,1,405.160,541.700,128,16384,3
batch,8,0,61,decode,8,8,0,8,8,0,33.390,496.710,92.270,1,404.440,530.280,128,16384,3
batch,8,0,62,decode,8,8,0,8,8,0,33.710,497.890,93.280,1,404.610,531.750,128,16384,3
batch,8,0,63,decode,8,8,0,8,8,0,34.110,492.160,92.640,1,399.520,526.430,128,16384,3
batch,8,0,64,decode,8,8,0,8,8,0,34.060,500.260,93.120,1,407.140,534.410,128,16384,3
batch,8,0,65,decode,8,8,0,8,8,0,34.310,488.970,90.870,1,398.100,523.390,128,16384,3
batch,8,0,66,decode,8,8,0,8,8,0,33.590,489.990,92.510,1,397.480,523.720,128,16384,3
batch,8,0,67,decode,8,8,0,8,8,0,33.310,486.630,91.400,1,395.230,520.040,128,16384,3
batch,8,0,68,decode,8,8,0,8,8,0,32.850,480.160,90.870,1,389.290,513.170,128,16384,3
batch,8,0,69,decode,8,8,0,8,8,0,32.580,483.470,91.710,1,391.760,516.150,128,16384,3
batch,8,0,70,decode,8,8,0,8,8,0,33.060,487.070,92.770,1,394.300,520.300,128,16384,3
batch,8,0,71,decode,8,8,0,8,8,0,33.660,490.850,93.260,1,397.590,524.660,128,16384,3
batch,8,0,72,decode,8,8,0,8,8,0,32.960,494.190,92.480,1,401.710,527.250,128,16384,3
batch,8,0,73,decode,8,8,0,8,8,0,33.220,487.450,91.390,1,396.060,520.810,128,16384,3
batch,8,0,74,decode,8,8,0,8,8,0,34.180,486.250,91.410,1,394.840,520.610,128,16384,3
batch,8,0,75,decode,8,8,0,8,8,0,33.510,489.980,92.170,1,397.810,523.600,128,16384,3
batch,8,0,76,decode,8,8,0,8,8,0,32.900,491.050,92.770,1,398.280,524.100,128,16384,3
batch,8,0,77,decode,8,8,0,8,8,0,33.620,500.510,91.470,1,409.040,534.290,128,16384,3
batch,8,0,78,decode,8,8,0,8,8,0,33.630,490.720,93.360,1,397.360,524.510,128,16384,3
batch,8,0,79,decode,8,8,0,8,8,0,33.940,484.380,91.780,1,392.600,518.470,128,16384,3
batch,16,0,0,decode,16,16,0,16,16,0,52.050,517.640,95.190,1,422.450,569.860,128,16384,3
batch,16,0,1,decode,16,16,0,16,16,0,52.020,519.200,96.400,1,422.800,571.430,128,16384,3
batch,16,0,2,decode,16,16,0,16,16,0,47.950,517.630,99.480,1,418.150,565.750,128,16384,3
batch,16,0,3,decode,16,16,0,16,16,0,49.330,519.120,95.490,1,423.630,568.610,128,16384,3
batch,16,0,4,decode,16,16,0,16,16,0,48.370,510.770,93.170,1,417.600,559.280,128,16384,3
batch,16,0,5,decode,16,16,0,16,16,0,48.160,514.660,94.540,1,420.120,562.990,128,16384,3
batch,16,0,6,decode,16,16,0,16,16,0,47.430,511.870,93.540,1,418.330,559.470,128,16384,3
batch,16,0,7,decode,16,16,0,16,16,0,48.670,524.650,96.190,1,428.460,573.510,128,16384,3
batch,16,0,8,decode,16,16,0,16,16,0,49.690,507.720,94.810,1,412.910,557.560,128,16384,3
batch,16,0,9,decode,16,16,0,16,16,0,48.080,506.660,93.560,1,413.100,554.900,128,16384,3
batch,16,0,10,decode,16,16,0,16,16,0,47.080,510.960,93.510,1,417.450,558.200,128,16384,3
batch,16,0,11,decode,16,16,0,16,16,0,56.870,518.800,95.040,1,423.760,575.840,128,16384,3
batch,16,0,12,decode,16,16,0,16,16,0,48.720,511.200,92.850,1,418.350,560.070,128,16384,3
batch,16,0,13,decode,16,16,0,16,16,0,46.240,524.800,108.460,1,416.340,571.200,128,16384,3
batch,16,0,14,decode,16,16,0,16,16,0,48.390,519.840,95.140,1,424.700,568.350,128,16384,3
batch,16,0,15,decode,16,16,0,16,16,0,47.420,512.400,93.830,1,418.570,559.960,128,16384,3
batch,16,0,16,decode,16,16,0,16,16,0,47.950,512.910,92.620,1,420.290,561.020,128,16384,3
batch,16,0,17,decode,16,16,0,16,16,0,48.850,512.230,93.250,1,418.980,561.210,128,16384,3
batch,16,0,18,decode,16,16,0,16,16,0,47.720,521.140,100.520,1,420.620,569.040,128,16384,3
batch,16,0,19,decode,16,16,0,16,16,0,48.040,527.180,93.990,1,433.190,575.410,128,16384,3
batch,16,0,20,decode,16,16,0,16,16,0,49.350,527.780,95.000,1,432.780,577.310,128,16384,3
batch,16,0,21,decode,16,16,0,16,16,0,47.920,506.790,93.000,1,413.790,554.860,128,16384,3
batch,16,0,22,decode,16,16,0,16,16,0,48.300,511.540,94.260,1,417.280,560.020,128,16384,3
batch,16,0,23,decode,16,16,0,16,16,0,48.670,507.950,93.430,1,414.520,556.780,128,16384,3
batch,16,0,24,decode,16,16,0,16,16,0,47.630,506.900,93.900,1,413.000,554.710,128,16384,3
batch,16,0,25,decode,16,16,0,16,16,0,47.740,516.160,93.950,1,422.210,564.060,128,16384,3
batch,16,0,26,decode,16,16,0,16,16,0,47.380,531.060,96.320,1,434.740,578.620,128,16384,3
batch,16,0,27,decode,16,16,0,16,16,0,48.770,512.580,93.220,1,419.360,561.470,128,16384,3
batch,16,0,28,decode,16,16,0,16,16,0,47.410,511.470,93.790,1,417.680,559.010,128,16384,3
batch,16,0,29,decode,16,16,0,16,16,0,47.990,938.090,514.320,1,423.770,986.230,128,16384,3
batch,16,0,30,decode,16,16,0,16,16,0,50.370,535.320,98.140,1,437.180,585.870,128,16384,3
batch,16,0,31,decode,16,16,0,16,16,0,50.070,520.080,95.640,1,424.440,570.260,128,16384,3
batch,16,0,32,decode,16,16,0,16,16,0,47.960,526.410,95.440,1,430.970,574.470,128,16384,3
batch,16,0,33,decode,16,16,0,16,16,0,48.020,516.070,94.130,1,421.940,564.270,128,16384,3
batch,16,0,34,decode,16,16,0,16,16,0,47.840,505.340,94.390,1,410.950,553.360,128,16384,3
batch,16,0,35,decode,16,16,0,16,16,0,47.140,519.010,96.820,1,422.190,566.310,128,16384,3
batch,16,0,36,decode,16,16,0,16,16,0,46.610,520.850,95.010,1,425.840,567.650,128,16384,3
batch,16,0,37,decode,16,16,0,16,16,0,48.850,510.820,92.500,1,418.320,559.830,128,16384,3
batch,16,0,38,decode,16,16,0,16,16,0,47.540,527.320,97.000,1,430.320,575.020,128,16384,3
batch,16,0,39,decode,16,16,0,16,16,0,46.760,517.310,95.980,1,421.330,564.250,128,16384,3
batch,16,0,40,decode,16,16,0,16,16,0,47.680,519.280,94.800,1,424.480,567.140,128,16384,3
batch,16,0,41,decode,16,16,0,16,16,0,47.520,505.430,93.570,1,411.860,553.110,128,16384,3
batch,16,0,42,decode,16,16,0,16,16,0,46.090,526.200,96.800,1,429.400,572.470,128,16384,3
batch,16,0,43,decode,16,16,0,16,16,0,48.240,511.360,94.020,1,417.340,559.750,128,16384,3
batch,16,0,44,decode,16,16,0,16,16,0,47.110,508.400,93.720,1,414.680,555.670,128,16384,3
batch,16,0,45,decode,16,16,0,16,16,0,63.650,523.750,95.160,1,428.590,587.560,128,16384,3
batch,16,0,46,decode,16,16,0,16,16,0,47.740,510.890,94.190,1,416.700,558.830,128,16384,3
batch,16,0,47,decode,16,16,0,16,16,0,48.670,519.380,93.510,1,425.870,568.140,128,16384,3
batch,16,0,48,decode,16,16,0,16,16,0,48.930,511.560,93.100,1,418.460,560.590,128,16384,3
batch,16,0,49,decode,16,16,0,16,16,0,47.230,513.180,93.220,1,419.960,560.510,128,16384,3
batch,16,0,50,decode,16,16,0,16,16,0,47.000,502.430,93.590,1,408.840,549.610,128,16384,3
batch,16,0,51,decode,16,16,0,16,16,0,46.560,523.370,95.290,1,428.080,570.100,128,16384,3
batch,16,0,52,decode,16,16,0,16,16,0,47.880,503.380,93.210,1,410.170,551.430,128,16384,3
batch,16,0,53,decode,16,16,0,16,16,0,45.420,504.790,94.580,1,410.210,550.380,128,16384,3
batch,16,0,54,decode,16,16,0,16,16,0,47.020,497.090,93.720,1,403.370,544.270,128,16384,3
batch,16,0,55,decode,16,16,0,16,16,0,45.760,498.230,93.160,1,405.070,544.150,128,16384,3
batch,16,0,56,decode,16,16,0,16,16,0,46.230,496.630,93.270,1,403.360,543.020,128,16384,3
batch,16,0,57,decode,16,16,0,16,16,0,46.090,496.660,93.290,1,403.370,542.870,128,16384,3
batch,16,0,58,decode,16,16,0,16,16,0,56.980,513.410,95.990,1,417.420,570.560,128,16384,3
batch,16,0,59,decode,16,16,0,16,16,0,48.190,499.180,93.080,1,406.100,547.510,128,16384,3
batch,16,0,60,decode,16,16,0,16,16,0,46.760,500.990,94.300,1,406.690,547.880,128,16384,3
batch,16,0,61,decode,16,16,0,16,16,0,46.970,499.910,94.310,1,405.600,547.050,128,16384,3
batch,16,0,62,decode,16,16,0,16,16,0,46.760,506.580,96.560,1,410.020,553.520,128,16384,3
batch,16,0,63,decode,16,16,0,16,16,0,46.590,497.530,93.940,1,403.590,544.240,128,16384,3
batch,16,0,64,decode,16,16,0,16,16,0,47.180,596.650,97.710,1,498.940,644.020,128,16384,3
batch,16,0,65,decode,16,16,0,16,16,0,47.840,503.050,93.970,1,409.080,551.080,128,16384,3
batch,16,0,66,decode,16,16,0,16,16,0,47.090,496.550,94.270,1,402.280,543.800,128,16384,3
batch,16,0,67,decode,16,16,0,16,16,0,46.080,498.020,92.810,1,405.210,544.260,128,16384,3
batch,16,0,68,decode,16,16,0,16,16,0,46.700,499.810,93.900,1,405.910,546.610,128,16384,3
batch,16,0,69,decode,16,16,0,16,16,0,47.300,502.010,97.040,1,404.970,549.470,128,16384,3
batch,16,0,70,decode,16,16,0,16,16,0,47.070,502.700,93.850,1,408.850,549.950,128,16384,3
batch,16,0,71,decode,16,16,0,16,16,0,69.290,510.660,94.260,1,416.400,580.110,128,16384,3
batch,16,0,72,decode,16,16,0,16,16,0,46.450,501.710,92.630,1,409.080,548.350,128,16384,3
batch,16,0,73,decode,16,16,0,16,16,0,47.330,501.700,93.410,1,408.290,549.190,128,16384,3
batch,16,0,74,decode,16,16,0,16,16,0,46.370,502.780,92.900,1,409.880,549.350,128,16384,3
batch,16,0,75,decode,16,16,0,16,16,0,47.970,510.750,95.610,1,415.140,558.880,128,16384,3
batch,16,0,76,decode,16,16,0,16,16,0,46.720,500.500,94.100,1,406.400,547.390,128,16384,3
batch,16,0,77,decode,16,16,0,16,16,0,46.430,525.760,96.430,1,429.330,572.350,128,16384,3
batch,16,0,78,decode,16,16,0,16,16,0,46.490,499.640,93.070,1,406.570,546.300,128,16384,3
batch,16,0,79,decode,16,16,0,16,16,0,45.900,496.190,93.650,1,402.540,542.250,128,16384,3
batch,32,0,0,decode,32,32,0,32,32,0,81.340,544.320,100.470,1,443.850,625.840,128,16384,3
batch,32,0,1,decode,32,32,0,32,32,0,79.370,532.970,96.680,1,436.290,612.500,128,16384,3
batch,32,0,2,decode,32,32,0,32,32,0,77.810,526.860,94.390,1,432.470,604.820,128,16384,3
batch,32,0,3,decode,32,32,0,32,32,0,76.330,529.410,94.510,1,434.900,605.890,128,16384,3
batch,32,0,4,decode,32,32,0,32,32,0,75.750,542.590,96.000,1,446.590,618.480,128,16384,3
batch,32,0,5,decode,32,32,0,32,32,0,77.440,528.050,94.880,1,433.170,605.640,128,16384,3
batch,32,0,6,decode,32,32,0,32,32,0,77.550,540.460,96.120,1,444.340,618.190,128,16384,3
batch,32,0,7,decode,32,32,0,32,32,0,77.160,528.880,94.340,1,434.540,606.210,128,16384,3
batch,32,0,8,decode,32,32,0,32,32,0,76.250,528.680,93.690,1,434.990,605.080,128,16384,3
batch,32,0,9,decode,32,32,0,32,32,0,76.330,527.920,93.560,1,434.360,604.350,128,16384,3
batch,32,0,10,decode,32,32,0,32,32,0,75.110,538.460,96.510,1,441.950,613.700,128,16384,3
batch,32,0,11,decode,32,32,0,32,32,0,79.690,522.630,92.600,1,430.030,602.420,128,16384,3
batch,32,0,12,decode,32,32,0,32,32,0,77.400,525.210,95.020,1,430.190,602.750,128,16384,3
batch,32,0,13,decode,32,32,0,32,32,0,75.830,520.860,93.420,1,427.440,596.830,128,16384,3
batch,32,0,14,decode,32,32,0,32,32,0,78.370,517.270,93.860,1,423.410,595.740,128,16384,3
batch,32,0,15,decode,32,32,0,32,32,0,77.120,523.730,93.330,1,430.400,600.980,128,16384,3
batch,32,0,16,decode,32,32,0,32,32,0,76.650,566.380,96.370,1,470.010,643.130,128,16384,3
batch,32,0,17,decode,32,32,0,32,32,0,77.580,527.930,92.050,1,435.880,605.630,128,16384,3
batch,32,0,18,decode,32,32,0,32,32,0,74.630,529.640,95.240,1,434.400,604.420,128,16384,3
batch,32,0,19,decode,32,32,0,32,32,0,78.180,528.800,94.180,1,434.620,607.100,128,16384,3
batch,32,0,20,decode,32,32,0,32,32,0,79.380,533.000,94.600,1,438.400,612.470,128,16384,3
batch,32,0,21,decode,32,32,0,32,32,0,76.060,523.610,94.050,1,429.560,599.780,128,16384,3
batch,32,0,22,decode,32,32,0,32,32,0,79.900,531.680,94.650,1,437.030,611.740,128,16384,3
batch,32,0,23,decode,32,32,0,32,32,0,75.360,521.520,94.050,1,427.470,597.020,128,16384,3
batch,32,0,24,decode,32,32,0,32,32,0,76.940,523.190,93.750,1,429.440,600.230,128,16384,3
batch,32,0,25,decode,32,32,0,32,32,0,77.420,535.910,105.230,1,430.680,613.470,128,16384,3
batch,32,0,26,decode,32,32,0,32,32,0,78.220,535.460,95.220,1,440.240,613.800,128,16384,3
batch,32,0,27,decode,32,32,0,32,32,0,75.730,546.130,98.020,1,448.110,621.960,128,16384,3
batch,32,0,28,decode,32,32,0,32,32,0,77.180,531.610,93.580,1,438.030,608.900,128,16384,3
batch,32,0,29,decode,32,32,0,32,32,0,74.810,530.910,93.880,1,437.030,605.890,128,16384,3
batch,32,0,30,decode,32,32,0,32,32,0,75.560,1782.390,1332.880,1,449.510,1858.090,128,16384,3
batch,32,0,31,decode,32,32,0,32,32,0,82.210,588.900,103.710,1,485.190,671.260,128,16384,3
batch,32,0,32,decode,32,32,0,32,32,0,82.870,541.040,96.460,1,444.580,624.060,128,16384,3
batch,32,0,33,decode,32,32,0,32,32,0,77.310,537.460,97.070,1,440.390,614.920,128,16384,3
batch,32,0,34,decode,32,32,0,32,32,0,77.680,538.070,100.150,1,437.920,615.900,128,16384,3
batch,32,0,35,decode,32,32,0,32,32,0,76.260,536.890,95.970,1,440.920,613.290,128,16384,3
batch,32,0,36,decode,32,32,0,32,32,0,76.570,532.440,95.520,1,436.920,609.080,128,16384,3
batch,32,0,37,decode,32,32,0,32,32,0,78.640,552.290,94.590,1,457.700,631.050,128,16384,3
batch,32,0,38,decode,32,32,0,32,32,0,78.500,534.600,93.450,1,441.150,613.270,128,16384,3
batch,32,0,39,decode,32,32,0,32,32,0,76.790,530.420,94.230,1,436.190,607.390,128,16384,3
batch,32,0,40,decode,32,32,0,32,32,0,77.510,527.620,95.320,1,432.300,605.270,128,16384,3
batch,32,0,41,decode,32,32,0,32,32,0,78.280,525.370,94.560,1,430.810,603.810,128,16384,3
batch,32,0,42,decode,32,32,0,32,32,0,77.670,524.790,94.340,1,430.450,602.560,128,16384,3
batch,32,0,43,decode,32,32,0,32,32,0,76.390,534.380,95.010,1,439.370,610.930,128,16384,3
batch,32,0,44,decode,32,32,0,32,32,0,77.040,528.970,97.440,1,431.530,606.130,128,16384,3
batch,32,0,45,decode,32,32,0,32,32,0,77.100,532.060,94.030,1,438.030,609.270,128,16384,3
batch,32,0,46,decode,32,32,0,32,32,0,76.600,529.270,94.040,1,435.230,606.020,128,16384,3
batch,32,0,47,decode,32,32,0,32,32,0,77.060,531.270,95.190,1,436.080,608.500,128,16384,3
batch,32,0,48,decode,32,32,0,32,32,0,77.860,542.250,103.890,1,438.360,620.240,128,16384,3
batch,32,0,49,decode,32,32,0,32,32,0,78.660,531.050,94.280,1,436.770,609.880,128,16384,3
batch,32,0,50,decode,32,32,0,32,32,0,76.590,517.110,94.860,1,422.250,593.850,128,16384,3
batch,32,0,51,decode,32,32,0,32,32,0,75.410,514.390,93.020,1,421.370,589.950,128,16384,3
batch,32,0,52,decode,32,32,0,32,32,0,76.650,527.880,106.100,1,421.780,604.690,128,16384,3
batch,32,0,53,decode,32,32,0,32,32,0,78.510,519.080,94.440,1,424.640,597.700,128,16384,3
batch,32,0,54,decode,32,32,0,32,32,0,74.670,536.560,98.440,1,438.120,611.370,128,16384,3
batch,32,0,55,decode,32,32,0,32,32,0,79.120,525.790,96.350,1,429.440,605.030,128,16384,3
batch,32,0,56,decode,32,32,0,32,32,0,77.060,519.650,93.920,1,425.730,596.860,128,16384,3
batch,32,0,57,decode,32,32,0,32,32,0,75.120,516.160,94.480,1,421.680,591.380,128,16384,3
batch,32,0,58,decode,32,32,0,32,32,0,78.880,518.770,94.820,1,423.950,597.810,128,16384,3
batch,32,0,59,decode,32,32,0,32,32,0,76.080,514.490,94.480,1,420.010,590.740,128,16384,3
batch,32,0,60,decode,32,32,0,32,32,0,76.820,528.890,95.300,1,433.590,605.830,128,16384,3
batch,32,0,61,decode,32,32,0,32,32,0,79.160,519.320,94.300,1,425.020,598.680,128,16384,3
batch,32,0,62,decode,32,32,0,32,32,0,76.150,510.480,93.870,1,416.610,586.790,128,16384,3
batch,32,0,63,decode,32,32,0,32,32,0,76.780,508.950,94.590,1,414.360,585.890,128,16384,3
batch,32,0,64,decode,32,32,0,32,32,0,75.020,512.240,93.430,1,418.810,587.410,128,16384,3
batch,32,0,65,decode,32,32,0,32,32,0,76.860,528.090,94.600,1,433.490,605.100,128,16384,3
batch,32,0,66,decode,32,32,0,32,32,0,78.770,535.020,96.260,1,438.760,613.950,128,16384,3
batch,32,0,67,decode,32,32,0,32,32,0,76.600,526.650,94.570,1,432.080,603.440,128,16384,3
batch,32,0,68,decode,32,32,0,32,32,0,77.680,519.100,93.640,1,425.460,596.890,128,16384,3
batch,32,0,69,decode,32,32,0,32,32,0,76.240,526.330,94.470,1,431.860,602.750,128,16384,3
batch,32,0,70,decode,32,32,0,32,32,0,78.600,518.040,94.830,1,423.210,596.820,128,16384,3
batch,32,0,71,decode,32,32,0,32,32,0,78.500,511.930,93.450,1,418.480,590.540,128,16384,3
batch,32,0,72,decode,32,32,0,32,32,0,76.250,539.040,95.750,1,443.290,615.470,128,16384,3
batch,32,0,73,decode,32,32,0,32,32,0,77.970,516.730,94.860,1,421.870,594.860,128,16384,3
batch,32,0,74,decode,32,32,0,32,32,0,76.590,512.760,95.560,1,417.200,589.520,128,16384,3
batch,32,0,75,decode,32,32,0,32,32,0,76.620,520.210,96.630,1,423.580,596.940,128,16384,3
batch,32,0,76,decode,32,32,0,32,32,0,76.670,524.220,96.280,1,427.940,601.070,128,16384,3
batch,32,0,77,decode,32,32,0,32,32,0,75.690,519.310,92.980,1,426.330,595.160,128,16384,3
batch,32,0,78,decode,32,32,0,32,32,0,159.440,535.210,96.830,1,438.380,694.800,128,16384,3
batch,32,0,79,decode,32,32,0,32,32,0,76.970,523.040,95.220,1,427.820,600.170,128,16384,3
batch,64,0,0,prefill,64,16384,17,47,64,0,1023.130,1136.750,427.030,1,709.720,2160.110,128,16384,3
batch,64,0,1,prefill,64,157,1,63,64,0,314.330,614.080,108.160,1,505.920,928.540,128,16384,3
batch,64,0,2,decode,64,64,0,64,64,0,137.130,603.610,104.910,1,498.700,740.950,128,16384,3
batch,64,0,3,decode,64,64,0,64,64,0,138.860,571.820,99.010,1,472.810,710.820,128,16384,3
batch,64,0,4,decode,64,64,0,64,64,0,130.530,563.320,98.510,1,464.810,694.050,128,16384,3
batch,64,0,5,decode,64,64,0,64,64,0,131.540,560.550,97.380,1,463.170,692.280,128,16384,3
batch,64,0,6,decode,64,64,0,64,64,0,132.420,575.500,99.000,1,476.500,708.080,128,16384,3
batch,64,0,7,decode,64,64,0,64,64,0,132.000,684.930,104.990,1,579.940,817.100,128,16384,3
batch,64,0,8,decode,64,64,0,64,64,0,135.210,573.570,98.830,1,474.740,708.950,128,16384,3
batch,64,0,9,decode,64,64,0,64,64,0,132.890,568.050,97.930,1,470.120,701.090,128,16384,3
batch,64,0,10,decode,64,64,0,64,64,0,128.320,565.940,97.580,1,468.360,694.440,128,16384,3
batch,64,0,11,decode,64,64,0,64,64,0,129.170,562.640,98.020,1,464.620,691.980,128,16384,3
batch,64,0,12,decode,64,64,0,64,64,0,145.650,568.180,97.920,1,470.260,714.020,128,16384,3
batch,64,0,13,decode,64,64,0,64,64,0,131.920,552.960,96.620,1,456.340,685.050,128,16384,3
batch,64,0,14,decode,64,64,0,64,64,0,132.410,570.270,98.560,1,471.710,702.890,128,16384,3
batch,64,0,15,decode,64,64,0,64,64,0,132.720,559.480,97.390,1,462.090,692.370,128,16384,3
batch,64,0,16,decode,64,64,0,64,64,0,131.280,575.370,98.790,1,476.580,706.780,128,16384,3
batch,64,0,17,decode,64,64,0,64,64,0,130.200,569.380,96.580,1,472.800,699.770,128,16384,3
batch,64,0,18,decode,64,64,0,64,64,0,128.850,562.830,97.700,1,465.130,691.820,128,16384,3
batch,64,0,19,decode,64,64,0,64,64,0,129.290,567.290,97.480,1,469.810,696.740,128,16384,3
batch,64,0,20,decode,64,64,0,64,64,0,131.600,562.860,97.470,1,465.390,694.620,128,16384,3
batch,64,0,21,decode,64,64,0,64,64,0,131.180,579.640,116.010,1,463.630,710.970,128,16384,3
batch,64,0,22,decode,64,64,0,64,64,0,127.160,562.490,97.470,1,465.020,689.820,128,16384,3
batch,64,0,23,decode,64,64,0,64,64,0,133.390,554.680,96.640,1,458.040,688.240,128,16384,3
batch,64,0,24,decode,64,64,0,64,64,0,130.470,559.440,98.290,1,461.150,690.100,128,16384,3
batch,64,0,25,decode,64,64,0,64,64,0,130.900,571.820,98.250,1,473.570,702.910,128,16384,3
batch,64,0,26,decode,64,64,0,64,64,0,125.720,588.710,99.840,1,488.870,714.610,128,16384,3
batch,64,0,27,decode,64,64,0,64,64,0,132.470,564.860,97.670,1,467.190,697.500,128,16384,3
batch,64,0,28,decode,64,64,0,64,64,0,132.520,569.500,98.790,1,470.710,702.180,128,16384,3
batch,64,0,29,decode,64,64,0,64,64,0,129.530,558.790,97.090,1,461.700,688.470,128,16384,3
batch,64,0,30,decode,64,64,0,64,64,0,129.640,570.860,98.590,1,472.270,700.690,128,16384,3
batch,64,0,31,decode,64,64,0,64,64,0,129.080,586.970,99.530,1,487.440,716.150,128,16384,3
batch,64,0,32,decode,64,64,0,64,64,0,130.810,561.010,97.390,1,463.620,692.010,128,16384,3
batch,64,0,33,decode,64,64,0,64,64,0,128.100,567.620,99.530,1,468.090,695.870,128,16384,3
batch,64,0,34,decode,64,64,0,64,64,0,127.400,560.880,96.800,1,464.080,688.460,128,16384,3
batch,64,0,35,decode,64,64,0,64,64,0,128.890,561.020,96.660,1,464.360,690.100,128,16384,3
batch,64,0,36,decode,64,64,0,64,64,0,128.350,586.820,97.770,1,489.050,715.310,128,16384,3
batch,64,0,37,decode,64,64,0,64,64,0,133.640,562.110,96.450,1,465.660,695.910,128,16384,3
batch,64,0,38,decode,64,64,0,64,64,0,135.270,557.430,97.410,1,460.020,692.820,128,16384,3
batch,64,0,39,decode,64,64,0,64,64,0,134.930,555.580,97.060,1,458.520,690.680,128,16384,3
batch,64,0,40,decode,64,64,0,64,64,0,129.810,556.050,96.960,1,459.090,686.020,128,16384,3
batch,64,0,41,decode,64,64,0,64,64,0,141.470,569.290,98.020,1,471.270,710.930,128,16384,3
batch,64,0,42,decode,64,64,0,64,64,0,130.140,565.940,96.640,1,469.300,696.220,128,16384,3
batch,64,0,43,decode,64,64,0,64,64,0,129.120,562.230,96.480,1,465.750,691.490,128,16384,3
batch,64,0,44,decode,64,64,0,64,64,0,134.840,560.240,95.660,1,464.580,695.260,128,16384,3
batch,64,0,45,decode,64,64,0,64,64,0,126.230,564.340,97.690,1,466.650,690.750,128,16384,3
batch,64,0,46,decode,64,64,0,64,64,0,132.170,562.510,96.480,1,466.030,694.880,128,16384,3
batch,64,0,47,decode,64,64,0,64,64,0,128.140,554.390,96.900,1,457.490,682.640,128,16384,3
batch,64,0,48,decode,64,64,0,64,64,0,128.990,563.130,97.530,1,465.600,692.270,128,16384,3
batch,64,0,49,decode,64,64,0,64,64,0,127.050,560.080,97.020,1,463.060,687.300,128,16384,3
batch,64,0,50,decode,64,64,0,64,64,0,133.390,571.100,100.060,1,471.040,704.710,128,16384,3
batch,64,0,51,decode,64,64,0,64,64,0,130.610,558.120,96.550,1,461.570,688.860,128,16384,3
batch,64,0,52,decode,64,64,0,64,64,0,135.490,550.640,95.890,1,454.750,686.290,128,16384,3
batch,64,0,53,decode,64,64,0,64,64,0,130.910,552.770,97.050,1,455.720,683.870,128,16384,3
batch,64,0,54,decode,64,64,0,64,64,0,133.520,558.850,100.420,1,458.430,692.510,128,16384,3
batch,64,0,55,decode,64,64,0,64,64,0,131.560,574.070,115.900,1,458.170,705.820,128,16384,3
batch,64,0,56,decode,64,64,0,64,64,0,133.130,555.360,98.580,1,456.780,688.670,128,16384,3
batch,64,0,57,decode,64,64,0,64,64,0,131.660,548.680,97.270,1,451.410,680.520,128,16384,3
batch,64,0,58,decode,64,64,0,64,64,0,134.980,550.800,97.590,1,453.210,685.940,128,16384,3
batch,64,0,59,decode,64,64,0,64,64,0,131.760,565.800,96.510,1,469.290,697.690,128,16384,3
batch,64,0,60,decode,64,64,0,64,64,0,128.570,572.010,99.630,1,472.380,700.770,128,16384,3
batch,64,0,61,decode,64,64,0,64,64,0,129.600,552.270,97.250,1,455.020,682.080,128,16384,3
batch,64,0,62,decode,64,64,0,64,64,0,130.970,559.690,96.780,1,462.910,690.770,128,16384,3
batch,64,0,63,decode,64,64,0,64,64,0,129.630,551.390,96.900,1,454.490,681.150,128,16384,3
batch,64,0,64,decode,64,64,0,64,64,0,131.790,550.580,97.240,1,453.340,682.560,128,16384,3
batch,64,0,65,decode,64,64,0,64,64,0,129.330,558.090,97.990,1,460.100,687.560,128,16384,3
batch,64,0,66,decode,64,64,0,64,64,0,129.540,543.860,96.420,1,447.440,673.550,128,16384,3
batch,64,0,67,decode,64,64,0,64,64,0,131.090,549.810,97.950,1,451.860,681.060,128,16384,3
batch,64,0,68,decode,64,64,0,64,64,0,130.310,555.800,97.600,1,458.200,686.200,128,16384,3
batch,64,0,69,decode,64,64,0,64,64,0,128.850,551.400,96.000,1,455.400,680.440,128,16384,3
batch,64,0,70,decode,64,64,0,64,64,0,134.200,569.820,99.150,1,470.670,704.180,128,16384,3
batch,64,0,71,decode,64,64,0,64,64,0,130.570,557.480,97.110,1,460.370,688.180,128,16384,3
batch,64,0,72,decode,64,64,0,64,64,0,129.410,547.060,95.740,1,451.320,676.640,128,16384,3
batch,64,0,73,decode,64,64,0,64,64,0,134.160,539.440,95.620,1,443.820,673.770,128,16384,3
batch,64,0,74,decode,64,64,0,64,64,0,133.980,545.510,97.390,1,448.120,679.670,128,16384,3
batch,64,0,75,decode,64,64,0,64,64,0,129.840,562.570,98.180,1,464.390,692.600,128,16384,3
batch,64,0,76,decode,64,64,0,64,64,0,130.120,554.670,97.710,1,456.960,684.990,128,16384,3
batch,64,0,77,decode,64,64,0,64,64,0,132.990,554.890,97.650,1,457.240,688.010,128,16384,3
batch,64,0,78,decode,64,64,0,64,64,0,132.150,554.670,97.740,1,456.930,686.920,128,16384,3
batch,64,0,79,decode,64,64,0,64,64,0,126.110,571.220,101.740,1,469.480,697.520,128,16384,3
