preset,dim,value,repeat,step,phase,num_reqs,total_scheduled_tokens,n_prefill,n_decode,logits_indices_len,has_spec_decode,update_states_us,prepare_inputs_us,triton_cpu_us,triton_launches,pi_net_us,scope_total_us,block_size,max_model_len,max_num_reqs,max_num_batched_tokens,slot_mapping_mode,use_async,chunk_size
realmachine,isl,128,0,0,prefill,1,128,1,0,1,0,163.860,1003.160,1.040,1,1002.120,1167.200,128,2048,8,2048,noop,1,2048
realmachine,isl,128,0,1,decode,1,1,0,1,1,0,58.120,438.900,0.710,1,438.190,497.200,128,2048,8,2048,noop,1,2048
realmachine,isl,128,0,2,decode,1,1,0,1,1,0,22.740,387.880,0.520,1,387.360,410.740,128,2048,8,2048,noop,1,2048
realmachine,isl,128,0,3,decode,1,1,0,1,1,0,19.230,376.430,0.610,1,375.820,395.770,128,2048,8,2048,noop,1,2048
realmachine,isl,128,0,4,decode,1,1,0,1,1,0,19.570,375.850,0.530,1,375.320,395.530,128,2048,8,2048,noop,1,2048
realmachine,isl,128,0,5,decode,1,1,0,1,1,0,18.840,393.570,0.660,1,392.910,412.530,128,2048,8,2048,noop,1,2048
realmachine,isl,128,0,6,decode,1,1,0,1,1,0,18.870,378.190,0.550,1,377.640,397.150,128,2048,8,2048,noop,1,2048
realmachine,isl,128,0,7,decode,1,1,0,1,1,0,18.080,370.660,0.480,1,370.180,388.830,128,2048,8,2048,noop,1,2048
realmachine,isl,128,0,8,decode,1,1,0,1,1,0,17.680,367.950,0.540,1,367.410,385.720,128,2048,8,2048,noop,1,2048
realmachine,isl,128,0,9,decode,1,1,0,1,1,0,16.910,363.780,0.570,1,363.210,380.790,128,2048,8,2048,noop,1,2048
realmachine,isl,128,0,10,decode,1,1,0,1,1,0,17.780,365.260,0.490,1,364.770,383.120,128,2048,8,2048,noop,1,2048
realmachine,isl,128,0,11,decode,1,1,0,1,1,0,18.310,372.130,0.560,1,371.570,390.560,128,2048,8,2048,noop,1,2048
realmachine,isl,128,0,12,decode,1,1,0,1,1,0,17.770,365.370,0.570,1,364.800,383.230,128,2048,8,2048,noop,1,2048
realmachine,isl,128,0,13,decode,1,1,0,1,1,0,17.010,367.230,0.530,1,366.700,384.350,128,2048,8,2048,noop,1,2048
realmachine,isl,128,0,14,decode,1,1,0,1,1,0,17.130,364.710,0.530,1,364.180,381.940,128,2048,8,2048,noop,1,2048
realmachine,isl,128,0,15,decode,1,1,0,1,1,0,17.170,378.910,0.480,1,378.430,396.170,128,2048,8,2048,noop,1,2048
realmachine,isl,128,0,16,decode,1,1,0,1,1,0,18.200,366.440,0.560,1,365.880,384.760,128,2048,8,2048,noop,1,2048
realmachine,isl,128,0,17,decode,1,1,0,1,1,0,17.630,367.640,0.520,1,367.120,385.380,128,2048,8,2048,noop,1,2048
realmachine,isl,128,0,18,decode,1,1,0,1,1,0,17.460,363.810,0.510,1,363.300,381.380,128,2048,8,2048,noop,1,2048
realmachine,isl,128,0,19,decode,1,1,0,1,1,0,17.290,367.050,0.480,1,366.570,384.410,128,2048,8,2048,noop,1,2048
realmachine,isl,128,0,20,decode,1,1,0,1,1,0,17.230,366.950,0.520,1,366.430,384.290,128,2048,8,2048,noop,1,2048
realmachine,isl,128,0,21,decode,1,1,0,1,1,0,16.970,363.180,0.540,1,362.640,380.260,128,2048,8,2048,noop,1,2048
realmachine,isl,128,0,22,decode,1,1,0,1,1,0,17.130,362.070,0.540,1,361.530,379.300,128,2048,8,2048,noop,1,2048
realmachine,isl,128,0,23,decode,1,1,0,1,1,0,17.460,362.370,0.550,1,361.820,379.930,128,2048,8,2048,noop,1,2048
realmachine,isl,128,0,24,decode,1,1,0,1,1,0,17.260,372.710,0.540,1,372.170,390.070,128,2048,8,2048,noop,1,2048
realmachine,isl,128,0,25,decode,1,1,0,1,1,0,17.750,365.930,0.510,1,365.420,383.770,128,2048,8,2048,noop,1,2048
realmachine,isl,128,0,26,decode,1,1,0,1,1,0,18.180,372.680,0.480,1,372.200,390.970,128,2048,8,2048,noop,1,2048
realmachine,isl,128,0,27,decode,1,1,0,1,1,0,17.590,367.970,0.480,1,367.490,385.670,128,2048,8,2048,noop,1,2048
realmachine,isl,128,0,28,decode,1,1,0,1,1,0,17.050,367.000,0.580,1,366.420,384.150,128,2048,8,2048,noop,1,2048
realmachine,isl,128,0,29,decode,1,1,0,1,1,0,16.850,366.450,0.540,1,365.910,383.410,128,2048,8,2048,noop,1,2048
realmachine,isl,128,0,30,decode,1,1,0,1,1,0,17.270,367.310,0.570,1,366.740,384.670,128,2048,8,2048,noop,1,2048
realmachine,isl,128,0,31,decode,1,1,0,1,1,0,16.660,365.360,0.500,1,364.860,382.110,128,2048,8,2048,noop,1,2048
realmachine,isl,128,0,32,decode,1,1,0,1,1,0,16.900,364.690,0.510,1,364.180,381.680,128,2048,8,2048,noop,1,2048
realmachine,isl,128,0,33,decode,1,1,0,1,1,0,17.170,363.250,0.510,1,362.740,380.500,128,2048,8,2048,noop,1,2048
realmachine,isl,128,0,34,decode,1,1,0,1,1,0,16.960,372.230,0.530,1,371.700,389.310,128,2048,8,2048,noop,1,2048
realmachine,isl,128,0,35,decode,1,1,0,1,1,0,17.110,364.580,0.550,1,364.030,381.810,128,2048,8,2048,noop,1,2048
realmachine,isl,128,0,36,decode,1,1,0,1,1,0,17.390,363.110,0.480,1,362.630,380.630,128,2048,8,2048,noop,1,2048
realmachine,isl,128,0,37,decode,1,1,0,1,1,0,17.190,363.870,0.430,1,363.440,381.180,128,2048,8,2048,noop,1,2048
realmachine,isl,128,0,38,decode,1,1,0,1,1,0,17.780,362.540,0.500,1,362.040,380.420,128,2048,8,2048,noop,1,2048
realmachine,isl,128,0,39,decode,1,1,0,1,1,0,17.080,363.260,0.600,1,362.660,380.450,128,2048,8,2048,noop,1,2048
realmachine,isl,128,0,40,decode,1,1,0,1,1,0,17.310,361.930,0.590,1,361.340,379.330,128,2048,8,2048,noop,1,2048
realmachine,isl,128,0,41,decode,1,1,0,1,1,0,17.140,363.560,0.570,1,362.990,380.790,128,2048,8,2048,noop,1,2048
realmachine,isl,128,0,42,decode,1,1,0,1,1,0,16.770,365.080,0.540,1,364.540,381.940,128,2048,8,2048,noop,1,2048
realmachine,isl,128,0,43,decode,1,1,0,1,1,0,16.880,371.210,0.570,1,370.640,388.200,128,2048,8,2048,noop,1,2048
realmachine,isl,128,0,44,decode,1,1,0,1,1,0,17.340,368.690,0.560,1,368.130,386.150,128,2048,8,2048,noop,1,2048
realmachine,isl,128,0,45,decode,1,1,0,1,1,0,17.680,364.430,0.540,1,363.890,382.220,128,2048,8,2048,noop,1,2048
realmachine,isl,128,0,46,decode,1,1,0,1,1,0,17.750,365.150,0.560,1,364.590,383.010,128,2048,8,2048,noop,1,2048
realmachine,isl,128,0,47,decode,1,1,0,1,1,0,17.240,362.540,0.600,1,361.940,379.890,128,2048,8,2048,noop,1,2048
realmachine,isl,128,0,48,decode,1,1,0,1,1,0,17.330,361.560,0.590,1,360.970,378.990,128,2048,8,2048,noop,1,2048
realmachine,isl,128,0,49,decode,1,1,0,1,1,0,17.280,364.110,0.530,1,363.580,381.490,128,2048,8,2048,noop,1,2048
realmachine,isl,128,0,50,decode,1,1,0,1,1,0,17.500,362.520,0.510,1,362.010,380.110,128,2048,8,2048,noop,1,2048
realmachine,isl,128,0,51,decode,1,1,0,1,1,0,17.330,363.590,0.600,1,362.990,381.030,128,2048,8,2048,noop,1,2048
realmachine,isl,128,0,52,decode,1,1,0,1,1,0,17.880,367.520,0.520,1,367.000,385.510,128,2048,8,2048,noop,1,2048
realmachine,isl,128,0,53,decode,1,1,0,1,1,0,17.620,380.990,0.540,1,380.450,398.730,128,2048,8,2048,noop,1,2048
realmachine,isl,128,0,54,decode,1,1,0,1,1,0,17.310,367.290,0.580,1,366.710,384.720,128,2048,8,2048,noop,1,2048
realmachine,isl,128,0,55,decode,1,1,0,1,1,0,17.010,364.740,0.500,1,364.240,381.830,128,2048,8,2048,noop,1,2048
realmachine,isl,128,0,56,decode,1,1,0,1,1,0,17.230,363.450,0.570,1,362.880,380.780,128,2048,8,2048,noop,1,2048
realmachine,isl,128,0,57,decode,1,1,0,1,1,0,18.300,374.630,0.600,1,374.030,393.060,128,2048,8,2048,noop,1,2048
realmachine,isl,128,0,58,decode,1,1,0,1,1,0,17.820,366.780,0.500,1,366.280,384.700,128,2048,8,2048,noop,1,2048
realmachine,isl,128,0,59,decode,1,1,0,1,1,0,17.760,365.720,0.590,1,365.130,383.590,128,2048,8,2048,noop,1,2048
realmachine,isl,128,0,60,decode,1,1,0,1,1,0,16.970,365.530,0.570,1,364.960,382.610,128,2048,8,2048,noop,1,2048
realmachine,isl,128,0,61,decode,1,1,0,1,1,0,17.220,365.000,0.580,1,364.420,382.310,128,2048,8,2048,noop,1,2048
realmachine,isl,128,0,62,decode,1,1,0,1,1,0,80.110,705.540,0.950,1,704.590,785.760,128,2048,8,2048,noop,1,2048
realmachine,isl,128,0,63,decode,1,1,0,1,1,0,23.430,413.910,0.620,1,413.290,437.450,128,2048,8,2048,noop,1,2048
realmachine,isl,128,0,64,decode,1,1,0,1,1,0,19.160,379.700,0.540,1,379.160,398.970,128,2048,8,2048,noop,1,2048
realmachine,isl,128,1,0,prefill,1,128,1,0,1,0,106.520,451.920,0.750,1,451.170,558.580,128,2048,8,2048,noop,1,2048
realmachine,isl,128,1,1,decode,1,1,0,1,1,0,43.300,397.100,0.550,1,396.550,440.530,128,2048,8,2048,noop,1,2048
realmachine,isl,128,1,2,decode,1,1,0,1,1,0,20.440,407.200,0.590,1,406.610,427.740,128,2048,8,2048,noop,1,2048
realmachine,isl,128,1,3,decode,1,1,0,1,1,0,20.120,387.540,0.590,1,386.950,407.790,128,2048,8,2048,noop,1,2048
realmachine,isl,128,1,4,decode,1,1,0,1,1,0,18.580,379.390,0.450,1,378.940,398.070,128,2048,8,2048,noop,1,2048
realmachine,isl,128,1,5,decode,1,1,0,1,1,0,18.790,377.490,0.470,1,377.020,396.400,128,2048,8,2048,noop,1,2048
realmachine,isl,128,1,6,decode,1,1,0,1,1,0,18.380,376.240,0.510,1,375.730,394.730,128,2048,8,2048,noop,1,2048
realmachine,isl,128,1,7,decode,1,1,0,1,1,0,18.440,376.310,0.540,1,375.770,394.860,128,2048,8,2048,noop,1,2048
realmachine,isl,128,1,8,decode,1,1,0,1,1,0,18.140,373.540,0.470,1,373.070,391.800,128,2048,8,2048,noop,1,2048
realmachine,isl,128,1,9,decode,1,1,0,1,1,0,18.300,374.980,0.500,1,374.480,393.390,128,2048,8,2048,noop,1,2048
realmachine,isl,128,1,10,decode,1,1,0,1,1,0,18.110,375.250,0.480,1,374.770,393.490,128,2048,8,2048,noop,1,2048
realmachine,isl,128,1,11,decode,1,1,0,1,1,0,17.950,390.810,0.510,1,390.300,408.890,128,2048,8,2048,noop,1,2048
realmachine,isl,128,1,12,decode,1,1,0,1,1,0,18.730,383.390,0.540,1,382.850,402.210,128,2048,8,2048,noop,1,2048
realmachine,isl,128,1,13,decode,1,1,0,1,1,0,18.450,373.720,0.460,1,373.260,392.240,128,2048,8,2048,noop,1,2048
realmachine,isl,128,1,14,decode,1,1,0,1,1,0,18.210,375.000,0.510,1,374.490,393.310,128,2048,8,2048,noop,1,2048
realmachine,isl,128,1,15,decode,1,1,0,1,1,0,17.900,372.980,0.500,1,372.480,390.960,128,2048,8,2048,noop,1,2048
realmachine,isl,128,1,16,decode,1,1,0,1,1,0,17.580,372.510,0.500,1,372.010,390.190,128,2048,8,2048,noop,1,2048
realmachine,isl,128,1,17,decode,1,1,0,1,1,0,17.890,371.990,0.560,1,371.430,389.980,128,2048,8,2048,noop,1,2048
realmachine,isl,128,1,18,decode,1,1,0,1,1,0,18.360,370.570,0.500,1,370.070,389.020,128,2048,8,2048,noop,1,2048
realmachine,isl,128,1,19,decode,1,1,0,1,1,0,18.310,378.070,0.440,1,377.630,396.500,128,2048,8,2048,noop,1,2048
realmachine,isl,128,1,20,decode,1,1,0,1,1,0,18.180,376.110,0.460,1,375.650,394.410,128,2048,8,2048,noop,1,2048
realmachine,isl,128,1,21,decode,1,1,0,1,1,0,18.590,400.040,0.550,1,399.490,418.740,128,2048,8,2048,noop,1,2048
realmachine,isl,128,1,22,decode,1,1,0,1,1,0,18.630,386.350,0.550,1,385.800,405.080,128,2048,8,2048,noop,1,2048
realmachine,isl,128,1,23,decode,1,1,0,1,1,0,18.280,376.880,0.590,1,376.290,395.270,128,2048,8,2048,noop,1,2048
realmachine,isl,128,1,24,decode,1,1,0,1,1,0,18.210,374.990,0.540,1,374.450,393.320,128,2048,8,2048,noop,1,2048
realmachine,isl,128,1,25,decode,1,1,0,1,1,0,18.130,375.010,0.490,1,374.520,393.250,128,2048,8,2048,noop,1,2048
realmachine,isl,128,1,26,decode,1,1,0,1,1,0,18.430,371.490,0.580,1,370.910,390.030,128,2048,8,2048,noop,1,2048
realmachine,isl,128,1,27,decode,1,1,0,1,1,0,17.860,372.710,0.510,1,372.200,390.690,128,2048,8,2048,noop,1,2048
realmachine,isl,128,1,28,decode,1,1,0,1,1,0,18.100,373.820,0.520,1,373.300,392.040,128,2048,8,2048,noop,1,2048
realmachine,isl,128,1,29,decode,1,1,0,1,1,0,17.930,376.700,0.490,1,376.210,394.720,128,2048,8,2048,noop,1,2048
realmachine,isl,128,1,30,decode,1,1,0,1,1,0,17.950,395.070,0.540,1,394.530,413.130,128,2048,8,2048,noop,1,2048
realmachine,isl,128,1,31,decode,1,1,0,1,1,0,19.000,378.800,0.530,1,378.270,397.880,128,2048,8,2048,noop,1,2048
realmachine,isl,128,1,32,decode,1,1,0,1,1,0,18.140,374.960,0.520,1,374.440,393.260,128,2048,8,2048,noop,1,2048
realmachine,isl,128,1,33,decode,1,1,0,1,1,0,18.850,380.220,0.510,1,379.710,399.200,128,2048,8,2048,noop,1,2048
realmachine,isl,128,1,34,decode,1,1,0,1,1,0,18.340,372.750,0.500,1,372.250,391.210,128,2048,8,2048,noop,1,2048
realmachine,isl,128,1,35,decode,1,1,0,1,1,0,18.150,374.990,0.530,1,374.460,393.280,128,2048,8,2048,noop,1,2048
realmachine,isl,128,1,36,decode,1,1,0,1,1,0,18.320,371.680,0.560,1,371.120,390.130,128,2048,8,2048,noop,1,2048
realmachine,isl,128,1,37,decode,1,1,0,1,1,0,18.240,371.560,0.480,1,371.080,389.930,128,2048,8,2048,noop,1,2048
realmachine,isl,128,1,38,decode,1,1,0,1,1,0,18.540,376.980,0.500,1,376.480,395.610,128,2048,8,2048,noop,1,2048
realmachine,isl,128,1,39,decode,1,1,0,1,1,0,18.520,398.550,0.550,1,398.000,417.180,128,2048,8,2048,noop,1,2048
realmachine,isl,128,1,40,decode,1,1,0,1,1,0,19.420,380.470,0.490,1,379.980,400.000,128,2048,8,2048,noop,1,2048
realmachine,isl,128,1,41,decode,1,1,0,1,1,0,18.450,374.510,0.520,1,373.990,393.070,128,2048,8,2048,noop,1,2048
realmachine,isl,128,1,42,decode,1,1,0,1,1,0,18.700,374.060,0.510,1,373.550,392.880,128,2048,8,2048,noop,1,2048
realmachine,isl,128,1,43,decode,1,1,0,1,1,0,18.030,373.470,0.540,1,372.930,391.610,128,2048,8,2048,noop,1,2048
realmachine,isl,128,1,44,decode,1,1,0,1,1,0,18.340,370.710,0.560,1,370.150,389.140,128,2048,8,2048,noop,1,2048
realmachine,isl,128,1,45,decode,1,1,0,1,1,0,18.800,372.030,0.530,1,371.500,390.910,128,2048,8,2048,noop,1,2048
realmachine,isl,128,1,46,decode,1,1,0,1,1,0,18.420,372.250,0.560,1,371.690,390.760,128,2048,8,2048,noop,1,2048
realmachine,isl,128,1,47,decode,1,1,0,1,1,0,18.380,383.560,0.530,1,383.030,402.040,128,2048,8,2048,noop,1,2048
realmachine,isl,128,1,48,decode,1,1,0,1,1,0,18.640,375.160,0.530,1,374.630,393.920,128,2048,8,2048,noop,1,2048
realmachine,isl,128,1,49,decode,1,1,0,1,1,0,17.900,448.170,0.590,1,447.580,466.160,128,2048,8,2048,noop,1,2048
realmachine,isl,128,1,50,decode,1,1,0,1,1,0,19.470,378.210,0.460,1,377.750,397.770,128,2048,8,2048,noop,1,2048
realmachine,isl,128,1,51,decode,1,1,0,1,1,0,18.800,377.000,0.550,1,376.450,395.880,128,2048,8,2048,noop,1,2048
realmachine,isl,128,1,52,decode,1,1,0,1,1,0,18.530,374.870,0.530,1,374.340,393.500,128,2048,8,2048,noop,1,2048
realmachine,isl,128,1,53,decode,1,1,0,1,1,0,17.800,365.520,0.460,1,365.060,383.410,128,2048,8,2048,noop,1,2048
realmachine,isl,128,1,54,decode,1,1,0,1,1,0,18.000,368.510,0.500,1,368.010,386.610,128,2048,8,2048,noop,1,2048
realmachine,isl,128,1,55,decode,1,1,0,1,1,0,18.740,369.510,0.570,1,368.940,388.360,128,2048,8,2048,noop,1,2048
realmachine,isl,128,1,56,decode,1,1,0,1,1,0,17.680,364.120,0.480,1,363.640,381.900,128,2048,8,2048,noop,1,2048
realmachine,isl,128,1,57,decode,1,1,0,1,1,0,17.420,363.120,0.530,1,362.590,380.640,128,2048,8,2048,noop,1,2048
realmachine,isl,128,1,58,decode,1,1,0,1,1,0,16.960,380.080,0.560,1,379.520,397.130,128,2048,8,2048,noop,1,2048
realmachine,isl,128,1,59,decode,1,1,0,1,1,0,18.120,369.940,0.540,1,369.400,388.160,128,2048,8,2048,noop,1,2048
realmachine,isl,128,1,60,decode,1,1,0,1,1,0,17.940,364.530,0.530,1,364.000,382.580,128,2048,8,2048,noop,1,2048
realmachine,isl,128,1,61,decode,1,1,0,1,1,0,17.450,363.990,0.490,1,363.500,381.550,128,2048,8,2048,noop,1,2048
realmachine,isl,128,1,62,decode,1,1,0,1,1,0,17.430,363.600,0.550,1,363.050,381.140,128,2048,8,2048,noop,1,2048
realmachine,isl,128,1,63,decode,1,1,0,1,1,0,17.390,360.650,0.530,1,360.120,378.140,128,2048,8,2048,noop,1,2048
realmachine,isl,128,1,64,decode,1,1,0,1,1,0,17.320,361.310,0.560,1,360.750,378.720,128,2048,8,2048,noop,1,2048
realmachine,isl,128,2,0,prefill,1,128,1,0,1,0,88.630,442.370,0.650,1,441.720,531.120,128,2048,8,2048,noop,1,2048
realmachine,isl,128,2,1,decode,1,1,0,1,1,0,40.110,434.590,0.510,1,434.080,474.820,128,2048,8,2048,noop,1,2048
realmachine,isl,128,2,2,decode,1,1,0,1,1,0,21.830,393.090,0.550,1,392.540,415.030,128,2048,8,2048,noop,1,2048
realmachine,isl,128,2,3,decode,1,1,0,1,1,0,19.060,382.530,0.550,1,381.980,401.680,128,2048,8,2048,noop,1,2048
realmachine,isl,128,2,4,decode,1,1,0,1,1,0,19.130,377.540,0.560,1,376.980,396.780,128,2048,8,2048,noop,1,2048
realmachine,isl,128,2,5,decode,1,1,0,1,1,0,18.590,374.800,0.480,1,374.320,393.480,128,2048,8,2048,noop,1,2048
realmachine,isl,128,2,6,decode,1,1,0,1,1,0,18.040,374.980,0.490,1,374.490,393.120,128,2048,8,2048,noop,1,2048
realmachine,isl,128,2,7,decode,1,1,0,1,1,0,18.450,374.490,0.530,1,373.960,393.050,128,2048,8,2048,noop,1,2048
realmachine,isl,128,2,8,decode,1,1,0,1,1,0,18.280,375.270,0.620,1,374.650,393.650,128,2048,8,2048,noop,1,2048
realmachine,isl,128,2,9,decode,1,1,0,1,1,0,18.120,375.500,0.520,1,374.980,393.740,128,2048,8,2048,noop,1,2048
realmachine,isl,128,2,10,decode,1,1,0,1,1,0,18.500,401.330,0.600,1,400.730,419.940,128,2048,8,2048,noop,1,2048
realmachine,isl,128,2,11,decode,1,1,0,1,1,0,19.380,383.070,0.560,1,382.510,402.570,128,2048,8,2048,noop,1,2048
realmachine,isl,128,2,12,decode,1,1,0,1,1,0,18.790,377.940,0.630,1,377.310,396.830,128,2048,8,2048,noop,1,2048
realmachine,isl,128,2,13,decode,1,1,0,1,1,0,18.440,376.020,0.570,1,375.450,394.550,128,2048,8,2048,noop,1,2048
realmachine,isl,128,2,14,decode,1,1,0,1,1,0,18.210,378.900,0.530,1,378.370,397.220,128,2048,8,2048,noop,1,2048
realmachine,isl,128,2,15,decode,1,1,0,1,1,0,18.100,373.270,0.540,1,372.730,391.500,128,2048,8,2048,noop,1,2048
realmachine,isl,128,2,16,decode,1,1,0,1,1,0,18.180,371.820,0.510,1,371.310,390.100,128,2048,8,2048,noop,1,2048
realmachine,isl,128,2,17,decode,1,1,0,1,1,0,18.080,374.710,0.450,1,374.260,392.890,128,2048,8,2048,noop,1,2048
realmachine,isl,128,2,18,decode,1,1,0,1,1,0,18.010,372.720,0.410,1,372.310,390.840,128,2048,8,2048,noop,1,2048
realmachine,isl,128,2,19,decode,1,1,0,1,1,0,18.990,371.370,0.500,1,370.870,390.470,128,2048,8,2048,noop,1,2048
realmachine,isl,128,2,20,decode,1,1,0,1,1,0,18.470,381.190,0.520,1,380.670,399.750,128,2048,8,2048,noop,1,2048
realmachine,isl,128,2,21,decode,1,1,0,1,1,0,18.270,373.750,0.440,1,373.310,392.120,128,2048,8,2048,noop,1,2048
realmachine,isl,128,2,22,decode,1,1,0,1,1,0,18.210,374.940,0.480,1,374.460,393.240,128,2048,8,2048,noop,1,2048
realmachine,isl,128,2,23,decode,1,1,0,1,1,0,18.070,375.200,0.560,1,374.640,393.360,128,2048,8,2048,noop,1,2048
realmachine,isl,128,2,24,decode,1,1,0,1,1,0,18.100,374.350,0.490,1,373.860,392.550,128,2048,8,2048,noop,1,2048
realmachine,isl,128,2,25,decode,1,1,0,1,1,0,18.250,370.170,0.500,1,369.670,388.510,128,2048,8,2048,noop,1,2048
realmachine,isl,128,2,26,decode,1,1,0,1,1,0,18.440,373.370,0.480,1,372.890,391.890,128,2048,8,2048,noop,1,2048
realmachine,isl,128,2,27,decode,1,1,0,1,1,0,18.330,370.900,0.480,1,370.420,389.340,128,2048,8,2048,noop,1,2048
realmachine,isl,128,2,28,decode,1,1,0,1,1,0,18.540,374.040,0.510,1,373.530,392.690,128,2048,8,2048,noop,1,2048
realmachine,isl,128,2,29,decode,1,1,0,1,1,0,18.580,386.050,0.410,1,385.640,404.720,128,2048,8,2048,noop,1,2048
realmachine,isl,128,2,30,decode,1,1,0,1,1,0,18.470,373.260,0.470,1,372.790,391.830,128,2048,8,2048,noop,1,2048
realmachine,isl,128,2,31,decode,1,1,0,1,1,0,18.810,374.740,0.520,1,374.220,393.660,128,2048,8,2048,noop,1,2048
realmachine,isl,128,2,32,decode,1,1,0,1,1,0,18.280,373.940,0.450,1,373.490,392.320,128,2048,8,2048,noop,1,2048
realmachine,isl,128,2,33,decode,1,1,0,1,1,0,18.420,374.710,0.580,1,374.130,393.220,128,2048,8,2048,noop,1,2048
realmachine,isl,128,2,34,decode,1,1,0,1,1,0,18.290,372.880,0.510,1,372.370,391.260,128,2048,8,2048,noop,1,2048
realmachine,isl,128,2,35,decode,1,1,0,1,1,0,18.490,371.880,0.460,1,371.420,390.460,128,2048,8,2048,noop,1,2048
realmachine,isl,128,2,36,decode,1,1,0,1,1,0,18.850,371.980,0.440,1,371.540,390.920,128,2048,8,2048,noop,1,2048
realmachine,isl,128,2,37,decode,1,1,0,1,1,0,18.160,374.040,0.490,1,373.550,392.290,128,2048,8,2048,noop,1,2048
realmachine,isl,128,2,38,decode,1,1,0,1,1,0,18.430,380.000,0.490,1,379.510,398.540,128,2048,8,2048,noop,1,2048
realmachine,isl,128,2,39,decode,1,1,0,1,1,0,18.710,378.330,0.580,1,377.750,397.140,128,2048,8,2048,noop,1,2048
realmachine,isl,128,2,40,decode,1,1,0,1,1,0,18.600,374.380,0.540,1,373.840,393.070,128,2048,8,2048,noop,1,2048
realmachine,isl,128,2,41,decode,1,1,0,1,1,0,18.910,374.920,0.530,1,374.390,393.920,128,2048,8,2048,noop,1,2048
realmachine,isl,128,2,42,decode,1,1,0,1,1,0,18.820,374.090,0.480,1,373.610,393.030,128,2048,8,2048,noop,1,2048
realmachine,isl,128,2,43,decode,1,1,0,1,1,0,18.540,373.710,0.530,1,373.180,392.340,128,2048,8,2048,noop,1,2048
realmachine,isl,128,2,44,decode,1,1,0,1,1,0,18.520,373.830,0.480,1,373.350,392.440,128,2048,8,2048,noop,1,2048
realmachine,isl,128,2,45,decode,1,1,0,1,1,0,18.280,373.000,0.490,1,372.510,391.380,128,2048,8,2048,noop,1,2048
realmachine,isl,128,2,46,decode,1,1,0,1,1,0,18.520,371.710,0.450,1,371.260,390.330,128,2048,8,2048,noop,1,2048
realmachine,isl,128,2,47,decode,1,1,0,1,1,0,18.520,385.650,0.470,1,385.180,404.250,128,2048,8,2048,noop,1,2048
realmachine,isl,128,2,48,decode,1,1,0,1,1,0,18.520,386.920,0.480,1,386.440,405.520,128,2048,8,2048,noop,1,2048
realmachine,isl,128,2,49,decode,1,1,0,1,1,0,18.840,373.050,0.500,1,372.550,392.000,128,2048,8,2048,noop,1,2048
realmachine,isl,128,2,50,decode,1,1,0,1,1,0,18.440,373.540,0.510,1,373.030,392.050,128,2048,8,2048,noop,1,2048
realmachine,isl,128,2,51,decode,1,1,0,1,1,0,18.560,373.460,0.440,1,373.020,392.120,128,2048,8,2048,noop,1,2048
realmachine,isl,128,2,52,decode,1,1,0,1,1,0,19.060,374.330,0.490,1,373.840,393.500,128,2048,8,2048,noop,1,2048
realmachine,isl,128,2,53,decode,1,1,0,1,1,0,18.260,364.940,0.470,1,364.470,383.300,128,2048,8,2048,noop,1,2048
realmachine,isl,128,2,54,decode,1,1,0,1,1,0,18.290,368.980,0.530,1,368.450,387.380,128,2048,8,2048,noop,1,2048
realmachine,isl,128,2,55,decode,1,1,0,1,1,0,18.060,366.100,0.500,1,365.600,384.290,128,2048,8,2048,noop,1,2048
realmachine,isl,128,2,56,decode,1,1,0,1,1,0,17.740,364.560,0.430,1,364.130,382.420,128,2048,8,2048,noop,1,2048
realmachine,isl,128,2,57,decode,1,1,0,1,1,0,17.740,374.260,0.520,1,373.740,392.090,128,2048,8,2048,noop,1,2048
realmachine,isl,128,2,58,decode,1,1,0,1,1,0,19.370,366.530,0.490,1,366.040,386.000,128,2048,8,2048,noop,1,2048
realmachine,isl,128,2,59,decode,1,1,0,1,1,0,17.780,360.940,0.460,1,360.480,378.820,128,2048,8,2048,noop,1,2048
realmachine,isl,128,2,60,decode,1,1,0,1,1,0,18.100,363.970,0.480,1,363.490,382.210,128,2048,8,2048,noop,1,2048
realmachine,isl,128,2,61,decode,1,1,0,1,1,0,164.490,405.920,0.660,1,405.260,570.510,128,2048,8,2048,noop,1,2048
realmachine,isl,128,2,62,decode,1,1,0,1,1,0,20.180,374.790,0.510,1,374.280,395.070,128,2048,8,2048,noop,1,2048
realmachine,isl,128,2,63,decode,1,1,0,1,1,0,19.020,368.510,0.450,1,368.060,387.620,128,2048,8,2048,noop,1,2048
realmachine,isl,128,2,64,decode,1,1,0,1,1,0,18.230,372.810,0.460,1,372.350,391.130,128,2048,8,2048,noop,1,2048
realmachine,isl,512,0,0,prefill,1,512,1,0,1,0,98.550,468.430,0.690,1,467.740,567.090,128,2048,8,2048,noop,1,2048
realmachine,isl,512,0,1,decode,1,1,0,1,1,0,41.760,399.490,0.590,1,398.900,441.380,128,2048,8,2048,noop,1,2048
realmachine,isl,512,0,2,decode,1,1,0,1,1,0,20.420,385.830,0.540,1,385.290,406.350,128,2048,8,2048,noop,1,2048
realmachine,isl,512,0,3,decode,1,1,0,1,1,0,19.840,383.350,0.490,1,382.860,403.280,128,2048,8,2048,noop,1,2048
realmachine,isl,512,0,4,decode,1,1,0,1,1,0,19.510,379.910,0.510,1,379.400,399.520,128,2048,8,2048,noop,1,2048
realmachine,isl,512,0,5,decode,1,1,0,1,1,0,19.000,380.900,0.450,1,380.450,399.990,128,2048,8,2048,noop,1,2048
realmachine,isl,512,0,6,decode,1,1,0,1,1,0,19.070,376.070,0.430,1,375.640,395.210,128,2048,8,2048,noop,1,2048
realmachine,isl,512,0,7,decode,1,1,0,1,1,0,18.770,378.770,0.560,1,378.210,397.620,128,2048,8,2048,noop,1,2048
realmachine,isl,512,0,8,decode,1,1,0,1,1,0,18.960,375.070,0.510,1,374.560,394.120,128,2048,8,2048,noop,1,2048
realmachine,isl,512,0,9,decode,1,1,0,1,1,0,18.660,396.440,0.520,1,395.920,415.210,128,2048,8,2048,noop,1,2048
realmachine,isl,512,0,10,decode,1,1,0,1,1,0,19.430,380.540,0.420,1,380.120,400.060,128,2048,8,2048,noop,1,2048
realmachine,isl,512,0,11,decode,1,1,0,1,1,0,18.790,375.700,0.500,1,375.200,394.590,128,2048,8,2048,noop,1,2048
realmachine,isl,512,0,12,decode,1,1,0,1,1,0,18.960,374.710,0.470,1,374.240,393.760,128,2048,8,2048,noop,1,2048
realmachine,isl,512,0,13,decode,1,1,0,1,1,0,18.910,377.000,0.510,1,376.490,396.010,128,2048,8,2048,noop,1,2048
realmachine,isl,512,0,14,decode,1,1,0,1,1,0,18.830,376.810,0.440,1,376.370,395.750,128,2048,8,2048,noop,1,2048
realmachine,isl,512,0,15,decode,1,1,0,1,1,0,18.910,375.380,0.490,1,374.890,394.380,128,2048,8,2048,noop,1,2048
realmachine,isl,512,0,16,decode,1,1,0,1,1,0,18.620,376.520,0.570,1,375.950,395.260,128,2048,8,2048,noop,1,2048
realmachine,isl,512,0,17,decode,1,1,0,1,1,0,18.670,376.890,0.490,1,376.400,395.660,128,2048,8,2048,noop,1,2048
realmachine,isl,512,0,18,decode,1,1,0,1,1,0,18.590,394.800,0.580,1,394.220,413.510,128,2048,8,2048,noop,1,2048
realmachine,isl,512,0,19,decode,1,1,0,1,1,0,18.920,384.590,0.550,1,384.040,403.600,128,2048,8,2048,noop,1,2048
realmachine,isl,512,0,20,decode,1,1,0,1,1,0,18.700,377.110,0.470,1,376.640,395.910,128,2048,8,2048,noop,1,2048
realmachine,isl,512,0,21,decode,1,1,0,1,1,0,18.950,375.410,0.490,1,374.920,394.460,128,2048,8,2048,noop,1,2048
realmachine,isl,512,0,22,decode,1,1,0,1,1,0,19.250,376.270,0.520,1,375.750,395.620,128,2048,8,2048,noop,1,2048
realmachine,isl,512,0,23,decode,1,1,0,1,1,0,18.940,375.780,0.530,1,375.250,394.810,128,2048,8,2048,noop,1,2048
realmachine,isl,512,0,24,decode,1,1,0,1,1,0,18.600,374.750,0.470,1,374.280,393.440,128,2048,8,2048,noop,1,2048
realmachine,isl,512,0,25,decode,1,1,0,1,1,0,19.110,374.920,0.450,1,374.470,394.140,128,2048,8,2048,noop,1,2048
realmachine,isl,512,0,26,decode,1,1,0,1,1,0,18.960,376.940,0.510,1,376.430,395.990,128,2048,8,2048,noop,1,2048
realmachine,isl,512,0,27,decode,1,1,0,1,1,0,18.840,378.740,0.580,1,378.160,397.700,128,2048,8,2048,noop,1,2048
realmachine,isl,512,0,28,decode,1,1,0,1,1,0,18.530,393.950,0.590,1,393.360,412.580,128,2048,8,2048,noop,1,2048
realmachine,isl,512,0,29,decode,1,1,0,1,1,0,19.020,376.950,0.460,1,376.490,396.060,128,2048,8,2048,noop,1,2048
realmachine,isl,512,0,30,decode,1,1,0,1,1,0,18.580,376.200,0.530,1,375.670,394.890,128,2048,8,2048,noop,1,2048
realmachine,isl,512,0,31,decode,1,1,0,1,1,0,18.270,376.760,0.530,1,376.230,395.130,128,2048,8,2048,noop,1,2048
realmachine,isl,512,0,32,decode,1,1,0,1,1,0,18.700,374.160,0.420,1,373.740,392.970,128,2048,8,2048,noop,1,2048
realmachine,isl,512,0,33,decode,1,1,0,1,1,0,18.920,375.730,0.530,1,375.200,394.730,128,2048,8,2048,noop,1,2048
realmachine,isl,512,0,34,decode,1,1,0,1,1,0,19.130,374.180,0.490,1,373.690,393.390,128,2048,8,2048,noop,1,2048
realmachine,isl,512,0,35,decode,1,1,0,1,1,0,18.990,373.740,0.460,1,373.280,392.820,128,2048,8,2048,noop,1,2048
realmachine,isl,512,0,36,decode,1,1,0,1,1,0,18.900,374.140,0.480,1,373.660,393.140,128,2048,8,2048,noop,1,2048
realmachine,isl,512,0,37,decode,1,1,0,1,1,0,18.510,388.290,0.500,1,387.790,406.880,128,2048,8,2048,noop,1,2048
realmachine,isl,512,0,38,decode,1,1,0,1,1,0,19.040,378.190,0.560,1,377.630,397.320,128,2048,8,2048,noop,1,2048
realmachine,isl,512,0,39,decode,1,1,0,1,1,0,18.710,376.880,0.520,1,376.360,395.680,128,2048,8,2048,noop,1,2048
realmachine,isl,512,0,40,decode,1,1,0,1,1,0,19.230,375.510,0.440,1,375.070,394.840,128,2048,8,2048,noop,1,2048
realmachine,isl,512,0,41,decode,1,1,0,1,1,0,18.620,374.920,0.490,1,374.430,393.640,128,2048,8,2048,noop,1,2048
realmachine,isl,512,0,42,decode,1,1,0,1,1,0,19.110,373.080,0.490,1,372.590,392.290,128,2048,8,2048,noop,1,2048
realmachine,isl,512,0,43,decode,1,1,0,1,1,0,18.690,377.640,0.500,1,377.140,396.410,128,2048,8,2048,noop,1,2048
realmachine,isl,512,0,44,decode,1,1,0,1,1,0,18.950,373.960,0.570,1,373.390,393.010,128,2048,8,2048,noop,1,2048
realmachine,isl,512,0,45,decode,1,1,0,1,1,0,18.790,373.730,0.440,1,373.290,392.610,128,2048,8,2048,noop,1,2048
realmachine,isl,512,0,46,decode,1,1,0,1,1,0,18.830,381.530,0.470,1,381.060,400.460,128,2048,8,2048,noop,1,2048
realmachine,isl,512,0,47,decode,1,1,0,1,1,0,18.710,380.980,0.570,1,380.410,399.780,128,2048,8,2048,noop,1,2048
realmachine,isl,512,0,48,decode,1,1,0,1,1,0,18.720,373.880,0.540,1,373.340,392.690,128,2048,8,2048,noop,1,2048
realmachine,isl,512,0,49,decode,1,1,0,1,1,0,18.750,376.410,0.530,1,375.880,395.260,128,2048,8,2048,noop,1,2048
realmachine,isl,512,0,50,decode,1,1,0,1,1,0,18.880,377.270,0.510,1,376.760,396.260,128,2048,8,2048,noop,1,2048
realmachine,isl,512,0,51,decode,1,1,0,1,1,0,18.490,373.610,0.520,1,373.090,392.190,128,2048,8,2048,noop,1,2048
realmachine,isl,512,0,52,decode,1,1,0,1,1,0,19.920,381.620,0.460,1,381.160,401.640,128,2048,8,2048,noop,1,2048
realmachine,isl,512,0,53,decode,1,1,0,1,1,0,18.890,365.560,0.510,1,365.050,384.540,128,2048,8,2048,noop,1,2048
realmachine,isl,512,0,54,decode,1,1,0,1,1,0,17.630,364.030,0.430,1,363.600,381.760,128,2048,8,2048,noop,1,2048
realmachine,isl,512,0,55,decode,1,1,0,1,1,0,18.020,365.770,0.500,1,365.270,383.920,128,2048,8,2048,noop,1,2048
realmachine,isl,512,0,56,decode,1,1,0,1,1,0,18.080,477.500,0.650,1,476.850,495.680,128,2048,8,2048,noop,1,2048
realmachine,isl,512,0,57,decode,1,1,0,1,1,0,19.490,371.610,0.500,1,371.110,391.200,128,2048,8,2048,noop,1,2048
realmachine,isl,512,0,58,decode,1,1,0,1,1,0,18.260,363.940,0.530,1,363.410,382.290,128,2048,8,2048,noop,1,2048
realmachine,isl,512,0,59,decode,1,1,0,1,1,0,17.580,365.010,0.500,1,364.510,382.690,128,2048,8,2048,noop,1,2048
realmachine,isl,512,0,60,decode,1,1,0,1,1,0,17.750,364.360,0.480,1,363.880,382.210,128,2048,8,2048,noop,1,2048
realmachine,isl,512,0,61,decode,1,1,0,1,1,0,18.010,363.950,0.500,1,363.450,382.060,128,2048,8,2048,noop,1,2048
realmachine,isl,512,0,62,decode,1,1,0,1,1,0,18.040,364.490,0.560,1,363.930,382.640,128,2048,8,2048,noop,1,2048
realmachine,isl,512,0,63,decode,1,1,0,1,1,0,17.790,366.830,0.510,1,366.320,384.730,128,2048,8,2048,noop,1,2048
realmachine,isl,512,0,64,decode,1,1,0,1,1,0,17.620,365.090,0.470,1,364.620,382.820,128,2048,8,2048,noop,1,2048
realmachine,isl,512,1,0,prefill,1,512,1,0,1,0,103.400,452.630,0.590,1,452.040,556.160,128,2048,8,2048,noop,1,2048
realmachine,isl,512,1,1,decode,1,1,0,1,1,0,40.730,401.660,0.580,1,401.080,442.520,128,2048,8,2048,noop,1,2048
realmachine,isl,512,1,2,decode,1,1,0,1,1,0,20.360,387.310,0.610,1,386.700,407.770,128,2048,8,2048,noop,1,2048
realmachine,isl,512,1,3,decode,1,1,0,1,1,0,19.440,383.880,0.610,1,383.270,403.450,128,2048,8,2048,noop,1,2048
realmachine,isl,512,1,4,decode,1,1,0,1,1,0,19.530,383.270,0.630,1,382.640,402.890,128,2048,8,2048,noop,1,2048
realmachine,isl,512,1,5,decode,1,1,0,1,1,0,19.430,378.660,0.440,1,378.220,398.190,128,2048,8,2048,noop,1,2048
realmachine,isl,512,1,6,decode,1,1,0,1,1,0,18.870,377.960,0.490,1,377.470,396.930,128,2048,8,2048,noop,1,2048
realmachine,isl,512,1,7,decode,1,1,0,1,1,0,19.430,377.360,0.620,1,376.740,396.880,128,2048,8,2048,noop,1,2048
realmachine,isl,512,1,8,decode,1,1,0,1,1,0,19.070,396.500,0.500,1,396.000,415.660,128,2048,8,2048,noop,1,2048
realmachine,isl,512,1,9,decode,1,1,0,1,1,0,19.590,381.220,0.520,1,380.700,400.930,128,2048,8,2048,noop,1,2048
realmachine,isl,512,1,10,decode,1,1,0,1,1,0,19.230,376.950,0.620,1,376.330,396.300,128,2048,8,2048,noop,1,2048
realmachine,isl,512,1,11,decode,1,1,0,1,1,0,19.330,375.650,0.510,1,375.140,395.140,128,2048,8,2048,noop,1,2048
realmachine,isl,512,1,12,decode,1,1,0,1,1,0,19.050,377.140,0.550,1,376.590,396.280,128,2048,8,2048,noop,1,2048
realmachine,isl,512,1,13,decode,1,1,0,1,1,0,19.240,377.100,0.560,1,376.540,396.440,128,2048,8,2048,noop,1,2048
realmachine,isl,512,1,14,decode,1,1,0,1,1,0,19.180,378.450,0.490,1,377.960,397.730,128,2048,8,2048,noop,1,2048
realmachine,isl,512,1,15,decode,1,1,0,1,1,0,18.890,376.170,0.530,1,375.640,395.190,128,2048,8,2048,noop,1,2048
realmachine,isl,512,1,16,decode,1,1,0,1,1,0,18.910,375.330,0.490,1,374.840,394.400,128,2048,8,2048,noop,1,2048
realmachine,isl,512,1,17,decode,1,1,0,1,1,0,18.940,393.810,0.520,1,393.290,412.880,128,2048,8,2048,noop,1,2048
realmachine,isl,512,1,18,decode,1,1,0,1,1,0,19.780,378.370,0.540,1,377.830,398.230,128,2048,8,2048,noop,1,2048
realmachine,isl,512,1,19,decode,1,1,0,1,1,0,19.110,375.830,0.620,1,375.210,395.130,128,2048,8,2048,noop,1,2048
realmachine,isl,512,1,20,decode,1,1,0,1,1,0,19.010,373.540,0.430,1,373.110,392.670,128,2048,8,2048,noop,1,2048
realmachine,isl,512,1,21,decode,1,1,0,1,1,0,18.550,376.530,0.570,1,375.960,395.230,128,2048,8,2048,noop,1,2048
realmachine,isl,512,1,22,decode,1,1,0,1,1,0,18.840,376.310,0.530,1,375.780,395.280,128,2048,8,2048,noop,1,2048
realmachine,isl,512,1,23,decode,1,1,0,1,1,0,18.850,376.560,0.570,1,375.990,395.520,128,2048,8,2048,noop,1,2048
realmachine,isl,512,1,24,decode,1,1,0,1,1,0,18.380,374.080,0.420,1,373.660,392.630,128,2048,8,2048,noop,1,2048
realmachine,isl,512,1,25,decode,1,1,0,1,1,0,18.890,376.020,0.600,1,375.420,395.010,128,2048,8,2048,noop,1,2048
realmachine,isl,512,1,26,decode,1,1,0,1,1,0,18.820,392.530,0.480,1,392.050,411.450,128,2048,8,2048,noop,1,2048
realmachine,isl,512,1,27,decode,1,1,0,1,1,0,19.470,382.520,0.480,1,382.040,402.070,128,2048,8,2048,noop,1,2048
realmachine,isl,512,1,28,decode,1,1,0,1,1,0,19.090,375.780,0.600,1,375.180,394.970,128,2048,8,2048,noop,1,2048
realmachine,isl,512,1,29,decode,1,1,0,1,1,0,18.390,374.820,0.560,1,374.260,393.300,128,2048,8,2048,noop,1,2048
realmachine,isl,512,1,30,decode,1,1,0,1,1,0,19.020,376.440,0.550,1,375.890,395.550,128,2048,8,2048,noop,1,2048
realmachine,isl,512,1,31,decode,1,1,0,1,1,0,19.030,375.410,0.390,1,375.020,394.540,128,2048,8,2048,noop,1,2048
realmachine,isl,512,1,32,decode,1,1,0,1,1,0,18.840,374.190,0.540,1,373.650,393.120,128,2048,8,2048,noop,1,2048
realmachine,isl,512,1,33,decode,1,1,0,1,1,0,19.110,375.290,0.420,1,374.870,394.560,128,2048,8,2048,noop,1,2048
realmachine,isl,512,1,34,decode,1,1,0,1,1,0,18.780,374.870,0.530,1,374.340,393.810,128,2048,8,2048,noop,1,2048
realmachine,isl,512,1,35,decode,1,1,0,1,1,0,18.340,377.070,0.510,1,376.560,395.540,128,2048,8,2048,noop,1,2048
realmachine,isl,512,1,36,decode,1,1,0,1,1,0,19.120,388.820,0.440,1,388.380,408.060,128,2048,8,2048,noop,1,2048
realmachine,isl,512,1,37,decode,1,1,0,1,1,0,19.460,375.760,0.560,1,375.200,395.340,128,2048,8,2048,noop,1,2048
realmachine,isl,512,1,38,decode,1,1,0,1,1,0,19.670,377.200,0.590,1,376.610,396.970,128,2048,8,2048,noop,1,2048
realmachine,isl,512,1,39,decode,1,1,0,1,1,0,18.920,376.290,0.480,1,375.810,395.320,128,2048,8,2048,noop,1,2048
realmachine,isl,512,1,40,decode,1,1,0,1,1,0,19.200,376.470,0.490,1,375.980,395.760,128,2048,8,2048,noop,1,2048
realmachine,isl,512,1,41,decode,1,1,0,1,1,0,18.750,377.980,0.520,1,377.460,396.850,128,2048,8,2048,noop,1,2048
realmachine,isl,512,1,42,decode,1,1,0,1,1,0,18.510,375.800,0.480,1,375.320,394.450,128,2048,8,2048,noop,1,2048
realmachine,isl,512,1,43,decode,1,1,0,1,1,0,18.870,376.160,0.610,1,375.550,395.130,128,2048,8,2048,noop,1,2048
realmachine,isl,512,1,44,decode,1,1,0,1,1,0,18.640,375.910,0.590,1,375.320,394.650,128,2048,8,2048,noop,1,2048
realmachine,isl,512,1,45,decode,1,1,0,1,1,0,19.110,387.270,0.470,1,386.800,406.480,128,2048,8,2048,noop,1,2048
realmachine,isl,512,1,46,decode,1,1,0,1,1,0,18.710,378.550,0.630,1,377.920,397.360,128,2048,8,2048,noop,1,2048
realmachine,isl,512,1,47,decode,1,1,0,1,1,0,19.380,375.610,0.570,1,375.040,395.080,128,2048,8,2048,noop,1,2048
realmachine,isl,512,1,48,decode,1,1,0,1,1,0,19.250,375.460,0.580,1,374.880,394.830,128,2048,8,2048,noop,1,2048
realmachine,isl,512,1,49,decode,1,1,0,1,1,0,19.070,373.560,0.430,1,373.130,392.730,128,2048,8,2048,noop,1,2048
realmachine,isl,512,1,50,decode,1,1,0,1,1,0,19.040,373.330,0.460,1,372.870,392.480,128,2048,8,2048,noop,1,2048
realmachine,isl,512,1,51,decode,1,1,0,1,1,0,18.970,375.500,0.560,1,374.940,394.590,128,2048,8,2048,noop,1,2048
realmachine,isl,512,1,52,decode,1,1,0,1,1,0,19.100,376.260,0.410,1,375.850,395.470,128,2048,8,2048,noop,1,2048
realmachine,isl,512,1,53,decode,1,1,0,1,1,0,18.820,365.910,0.500,1,365.410,384.840,128,2048,8,2048,noop,1,2048
realmachine,isl,512,1,54,decode,1,1,0,1,1,0,18.350,377.210,0.510,1,376.700,395.650,128,2048,8,2048,noop,1,2048
realmachine,isl,512,1,55,decode,1,1,0,1,1,0,18.700,369.530,0.410,1,369.120,388.320,128,2048,8,2048,noop,1,2048
realmachine,isl,512,1,56,decode,1,1,0,1,1,0,18.180,363.670,0.520,1,363.150,381.960,128,2048,8,2048,noop,1,2048
realmachine,isl,512,1,57,decode,1,1,0,1,1,0,18.530,365.250,0.450,1,364.800,383.870,128,2048,8,2048,noop,1,2048
realmachine,isl,512,1,58,decode,1,1,0,1,1,0,18.340,364.230,0.500,1,363.730,382.740,128,2048,8,2048,noop,1,2048
realmachine,isl,512,1,59,decode,1,1,0,1,1,0,18.200,366.890,0.530,1,366.360,385.250,128,2048,8,2048,noop,1,2048
realmachine,isl,512,1,60,decode,1,1,0,1,1,0,18.160,366.000,0.520,1,365.480,384.270,128,2048,8,2048,noop,1,2048
realmachine,isl,512,1,61,decode,1,1,0,1,1,0,18.110,364.070,0.550,1,363.520,382.280,128,2048,8,2048,noop,1,2048
realmachine,isl,512,1,62,decode,1,1,0,1,1,0,17.720,365.260,0.520,1,364.740,383.070,128,2048,8,2048,noop,1,2048
realmachine,isl,512,1,63,decode,1,1,0,1,1,0,17.470,365.200,0.470,1,364.730,382.770,128,2048,8,2048,noop,1,2048
realmachine,isl,512,1,64,decode,1,1,0,1,1,0,18.210,381.300,0.580,1,380.720,399.600,128,2048,8,2048,noop,1,2048
realmachine,isl,512,2,0,prefill,1,512,1,0,1,0,101.010,452.440,0.600,1,451.840,553.580,128,2048,8,2048,noop,1,2048
realmachine,isl,512,2,1,decode,1,1,0,1,1,0,40.830,395.160,0.480,1,394.680,436.100,128,2048,8,2048,noop,1,2048
realmachine,isl,512,2,2,decode,1,1,0,1,1,0,21.210,385.670,0.510,1,385.160,406.980,128,2048,8,2048,noop,1,2048
realmachine,isl,512,2,3,decode,1,1,0,1,1,0,20.390,379.650,0.510,1,379.140,400.150,128,2048,8,2048,noop,1,2048
realmachine,isl,512,2,4,decode,1,1,0,1,1,0,19.830,378.390,0.520,1,377.870,398.410,128,2048,8,2048,noop,1,2048
realmachine,isl,512,2,5,decode,1,1,0,1,1,0,19.630,376.860,0.490,1,376.370,396.600,128,2048,8,2048,noop,1,2048
realmachine,isl,512,2,6,decode,1,1,0,1,1,0,19.220,376.540,0.520,1,376.020,395.870,128,2048,8,2048,noop,1,2048
realmachine,isl,512,2,7,decode,1,1,0,1,1,0,19.450,388.520,0.430,1,388.090,408.110,128,2048,8,2048,noop,1,2048
realmachine,isl,512,2,8,decode,1,1,0,1,1,0,19.640,376.970,0.480,1,376.490,396.740,128,2048,8,2048,noop,1,2048
realmachine,isl,512,2,9,decode,1,1,0,1,1,0,19.300,423.470,0.610,1,422.860,442.890,128,2048,8,2048,noop,1,2048
realmachine,isl,512,2,10,decode,1,1,0,1,1,0,19.910,388.410,0.500,1,387.910,408.480,128,2048,8,2048,noop,1,2048
realmachine,isl,512,2,11,decode,1,1,0,1,1,0,19.500,377.090,0.580,1,376.510,396.760,128,2048,8,2048,noop,1,2048
realmachine,isl,512,2,12,decode,1,1,0,1,1,0,19.400,377.690,0.580,1,377.110,397.200,128,2048,8,2048,noop,1,2048
realmachine,isl,512,2,13,decode,1,1,0,1,1,0,19.500,376.170,0.520,1,375.650,395.830,128,2048,8,2048,noop,1,2048
realmachine,isl,512,2,14,decode,1,1,0,1,1,0,19.290,375.260,0.500,1,374.760,394.650,128,2048,8,2048,noop,1,2048
realmachine,isl,512,2,15,decode,1,1,0,1,1,0,19.010,375.270,0.540,1,374.730,394.370,128,2048,8,2048,noop,1,2048
realmachine,isl,512,2,16,decode,1,1,0,1,1,0,18.970,403.070,0.540,1,402.530,422.140,128,2048,8,2048,noop,1,2048
realmachine,isl,512,2,17,decode,1,1,0,1,1,0,19.540,384.190,0.600,1,383.590,403.830,128,2048,8,2048,noop,1,2048
realmachine,isl,512,2,18,decode,1,1,0,1,1,0,19.310,376.160,0.530,1,375.630,395.580,128,2048,8,2048,noop,1,2048
realmachine,isl,512,2,19,decode,1,1,0,1,1,0,19.090,375.340,0.500,1,374.840,394.590,128,2048,8,2048,noop,1,2048
realmachine,isl,512,2,20,decode,1,1,0,1,1,0,19.240,374.990,0.500,1,374.490,394.400,128,2048,8,2048,noop,1,2048
realmachine,isl,512,2,21,decode,1,1,0,1,1,0,18.770,374.060,0.450,1,373.610,392.990,128,2048,8,2048,noop,1,2048
realmachine,isl,512,2,22,decode,1,1,0,1,1,0,18.880,372.590,0.510,1,372.080,391.590,128,2048,8,2048,noop,1,2048
realmachine,isl,512,2,23,decode,1,1,0,1,1,0,18.810,374.270,0.560,1,373.710,393.230,128,2048,8,2048,noop,1,2048
realmachine,isl,512,2,24,decode,1,1,0,1,1,0,18.910,375.240,0.460,1,374.780,394.310,128,2048,8,2048,noop,1,2048
realmachine,isl,512,2,25,decode,1,1,0,1,1,0,19.140,385.040,0.570,1,384.470,404.350,128,2048,8,2048,noop,1,2048
realmachine,isl,512,2,26,decode,1,1,0,1,1,0,19.380,379.070,0.520,1,378.550,398.580,128,2048,8,2048,noop,1,2048
realmachine,isl,512,2,27,decode,1,1,0,1,1,0,18.320,375.780,0.530,1,375.250,394.240,128,2048,8,2048,noop,1,2048
realmachine,isl,512,2,28,decode,1,1,0,1,1,0,18.930,374.890,0.480,1,374.410,393.940,128,2048,8,2048,noop,1,2048
realmachine,isl,512,2,29,decode,1,1,0,1,1,0,18.570,377.510,0.420,1,377.090,396.230,128,2048,8,2048,noop,1,2048
realmachine,isl,512,2,30,decode,1,1,0,1,1,0,18.770,376.280,0.590,1,375.690,395.180,128,2048,8,2048,noop,1,2048
realmachine,isl,512,2,31,decode,1,1,0,1,1,0,18.570,374.560,0.510,1,374.050,393.220,128,2048,8,2048,noop,1,2048
realmachine,isl,512,2,32,decode,1,1,0,1,1,0,19.120,375.270,0.600,1,374.670,394.500,128,2048,8,2048,noop,1,2048
realmachine,isl,512,2,33,decode,1,1,0,1,1,0,205.520,429.660,0.710,1,428.950,635.360,128,2048,8,2048,noop,1,2048
realmachine,isl,512,2,34,decode,1,1,0,1,1,0,20.990,401.070,0.560,1,400.510,422.200,128,2048,8,2048,noop,1,2048
realmachine,isl,512,2,35,decode,1,1,0,1,1,0,20.280,385.810,0.620,1,385.190,406.180,128,2048,8,2048,noop,1,2048
realmachine,isl,512,2,36,decode,1,1,0,1,1,0,19.810,381.280,0.570,1,380.710,401.200,128,2048,8,2048,noop,1,2048
realmachine,isl,512,2,37,decode,1,1,0,1,1,0,19.390,377.170,0.500,1,376.670,396.660,128,2048,8,2048,noop,1,2048
realmachine,isl,512,2,38,decode,1,1,0,1,1,0,18.700,381.350,0.510,1,380.840,400.150,128,2048,8,2048,noop,1,2048
realmachine,isl,512,2,39,decode,1,1,0,1,1,0,19.170,377.580,0.400,1,377.180,396.840,128,2048,8,2048,noop,1,2048
realmachine,isl,512,2,40,decode,1,1,0,1,1,0,18.420,378.720,0.500,1,378.220,397.260,128,2048,8,2048,noop,1,2048
realmachine,isl,512,2,41,decode,1,1,0,1,1,0,18.890,379.690,0.530,1,379.160,398.690,128,2048,8,2048,noop,1,2048
realmachine,isl,512,2,42,decode,1,1,0,1,1,0,18.970,379.990,0.500,1,379.490,399.090,128,2048,8,2048,noop,1,2048
realmachine,isl,512,2,43,decode,1,1,0,1,1,0,18.530,393.790,0.600,1,393.190,412.460,128,2048,8,2048,noop,1,2048
realmachine,isl,512,2,44,decode,1,1,0,1,1,0,19.450,387.310,0.570,1,386.740,406.870,128,2048,8,2048,noop,1,2048
realmachine,isl,512,2,45,decode,1,1,0,1,1,0,18.990,378.520,0.490,1,378.030,397.610,128,2048,8,2048,noop,1,2048
realmachine,isl,512,2,46,decode,1,1,0,1,1,0,19.200,378.910,0.450,1,378.460,398.220,128,2048,8,2048,noop,1,2048
realmachine,isl,512,2,47,decode,1,1,0,1,1,0,19.120,377.960,0.530,1,377.430,397.170,128,2048,8,2048,noop,1,2048
realmachine,isl,512,2,48,decode,1,1,0,1,1,0,19.250,378.840,0.530,1,378.310,398.220,128,2048,8,2048,noop,1,2048
realmachine,isl,512,2,49,decode,1,1,0,1,1,0,18.830,375.680,0.510,1,375.170,394.610,128,2048,8,2048,noop,1,2048
realmachine,isl,512,2,50,decode,1,1,0,1,1,0,18.870,375.030,0.490,1,374.540,394.010,128,2048,8,2048,noop,1,2048
realmachine,isl,512,2,51,decode,1,1,0,1,1,0,19.040,379.660,0.480,1,379.180,398.860,128,2048,8,2048,noop,1,2048
realmachine,isl,512,2,52,decode,1,1,0,1,1,0,19.530,378.310,0.480,1,377.830,397.930,128,2048,8,2048,noop,1,2048
realmachine,isl,512,2,53,decode,1,1,0,1,1,0,31.410,376.080,0.560,1,375.520,407.590,128,2048,8,2048,noop,1,2048
realmachine,isl,512,2,54,decode,1,1,0,1,1,0,18.340,375.600,0.560,1,375.040,394.030,128,2048,8,2048,noop,1,2048
realmachine,isl,512,2,55,decode,1,1,0,1,1,0,18.480,368.280,0.410,1,367.870,386.850,128,2048,8,2048,noop,1,2048
realmachine,isl,512,2,56,decode,1,1,0,1,1,0,17.990,367.830,0.550,1,367.280,385.930,128,2048,8,2048,noop,1,2048
realmachine,isl,512,2,57,decode,1,1,0,1,1,0,17.820,368.440,0.570,1,367.870,386.370,128,2048,8,2048,noop,1,2048
realmachine,isl,512,2,58,decode,1,1,0,1,1,0,17.800,367.210,0.570,1,366.640,385.110,128,2048,8,2048,noop,1,2048
realmachine,isl,512,2,59,decode,1,1,0,1,1,0,17.560,366.150,0.500,1,365.650,383.860,128,2048,8,2048,noop,1,2048
realmachine,isl,512,2,60,decode,1,1,0,1,1,0,17.830,367.040,0.520,1,366.520,385.040,128,2048,8,2048,noop,1,2048
realmachine,isl,512,2,61,decode,1,1,0,1,1,0,17.740,367.080,0.470,1,366.610,384.970,128,2048,8,2048,noop,1,2048
realmachine,isl,512,2,62,decode,1,1,0,1,1,0,17.960,379.760,0.550,1,379.210,397.830,128,2048,8,2048,noop,1,2048
realmachine,isl,512,2,63,decode,1,1,0,1,1,0,18.820,368.720,0.550,1,368.170,387.640,128,2048,8,2048,noop,1,2048
realmachine,isl,512,2,64,decode,1,1,0,1,1,0,18.360,371.950,0.510,1,371.440,390.410,128,2048,8,2048,noop,1,2048
realmachine,isl,1024,0,0,prefill,1,1024,1,0,1,0,116.460,461.160,0.650,1,460.510,577.800,128,2048,8,2048,noop,1,2048
realmachine,isl,1024,0,1,decode,1,1,0,1,1,0,41.710,404.960,0.590,1,404.370,446.770,128,2048,8,2048,noop,1,2048
realmachine,isl,1024,0,2,decode,1,1,0,1,1,0,20.910,389.590,0.530,1,389.060,410.630,128,2048,8,2048,noop,1,2048
realmachine,isl,1024,0,3,decode,1,1,0,1,1,0,19.720,382.140,0.540,1,381.600,401.980,128,2048,8,2048,noop,1,2048
realmachine,isl,1024,0,4,decode,1,1,0,1,1,0,19.920,392.720,0.580,1,392.140,412.740,128,2048,8,2048,noop,1,2048
realmachine,isl,1024,0,5,decode,1,1,0,1,1,0,19.640,388.840,0.570,1,388.270,408.610,128,2048,8,2048,noop,1,2048
realmachine,isl,1024,0,6,decode,1,1,0,1,1,0,20.430,381.290,0.540,1,380.750,401.820,128,2048,8,2048,noop,1,2048
realmachine,isl,1024,0,7,decode,1,1,0,1,1,0,19.470,381.380,0.560,1,380.820,400.960,128,2048,8,2048,noop,1,2048
realmachine,isl,1024,0,8,decode,1,1,0,1,1,0,19.190,379.060,0.430,1,378.630,398.350,128,2048,8,2048,noop,1,2048
realmachine,isl,1024,0,9,decode,1,1,0,1,1,0,19.320,379.490,0.510,1,378.980,398.930,128,2048,8,2048,noop,1,2048
realmachine,isl,1024,0,10,decode,1,1,0,1,1,0,18.880,379.930,0.500,1,379.430,398.920,128,2048,8,2048,noop,1,2048
realmachine,isl,1024,0,11,decode,1,1,0,1,1,0,19.180,375.260,0.460,1,374.800,394.530,128,2048,8,2048,noop,1,2048
realmachine,isl,1024,0,12,decode,1,1,0,1,1,0,19.270,377.640,0.530,1,377.110,397.020,128,2048,8,2048,noop,1,2048
realmachine,isl,1024,0,13,decode,1,1,0,1,1,0,19.560,381.400,0.470,1,380.930,401.050,128,2048,8,2048,noop,1,2048
realmachine,isl,1024,0,14,decode,1,1,0,1,1,0,19.430,399.390,0.510,1,398.880,418.920,128,2048,8,2048,noop,1,2048
realmachine,isl,1024,0,15,decode,1,1,0,1,1,0,19.700,377.500,0.600,1,376.900,397.300,128,2048,8,2048,noop,1,2048
realmachine,isl,1024,0,16,decode,1,1,0,1,1,0,19.500,380.370,0.500,1,379.870,399.980,128,2048,8,2048,noop,1,2048
realmachine,isl,1024,0,17,decode,1,1,0,1,1,0,18.890,378.310,0.410,1,377.900,397.290,128,2048,8,2048,noop,1,2048
realmachine,isl,1024,0,18,decode,1,1,0,1,1,0,19.260,377.900,0.490,1,377.410,397.260,128,2048,8,2048,noop,1,2048
realmachine,isl,1024,0,19,decode,1,1,0,1,1,0,19.130,378.290,0.480,1,377.810,397.550,128,2048,8,2048,noop,1,2048
realmachine,isl,1024,0,20,decode,1,1,0,1,1,0,19.130,376.300,0.530,1,375.770,395.540,128,2048,8,2048,noop,1,2048
realmachine,isl,1024,0,21,decode,1,1,0,1,1,0,19.420,378.570,0.570,1,378.000,398.090,128,2048,8,2048,noop,1,2048
realmachine,isl,1024,0,22,decode,1,1,0,1,1,0,18.720,378.270,0.590,1,377.680,397.110,128,2048,8,2048,noop,1,2048
realmachine,isl,1024,0,23,decode,1,1,0,1,1,0,19.720,391.540,0.470,1,391.070,411.370,128,2048,8,2048,noop,1,2048
realmachine,isl,1024,0,24,decode,1,1,0,1,1,0,19.300,380.090,0.520,1,379.570,399.510,128,2048,8,2048,noop,1,2048
realmachine,isl,1024,0,25,decode,1,1,0,1,1,0,19.180,377.320,0.500,1,376.820,396.620,128,2048,8,2048,noop,1,2048
realmachine,isl,1024,0,26,decode,1,1,0,1,1,0,18.880,375.900,0.470,1,375.430,394.870,128,2048,8,2048,noop,1,2048
realmachine,isl,1024,0,27,decode,1,1,0,1,1,0,19.150,376.020,0.520,1,375.500,395.290,128,2048,8,2048,noop,1,2048
realmachine,isl,1024,0,28,decode,1,1,0,1,1,0,18.890,377.020,0.530,1,376.490,396.020,128,2048,8,2048,noop,1,2048
realmachine,isl,1024,0,29,decode,1,1,0,1,1,0,19.260,377.180,0.480,1,376.700,396.560,128,2048,8,2048,noop,1,2048
realmachine,isl,1024,0,30,decode,1,1,0,1,1,0,18.490,377.400,0.430,1,376.970,396.020,128,2048,8,2048,noop,1,2048
realmachine,isl,1024,0,31,decode,1,1,0,1,1,0,19.200,378.320,0.530,1,377.790,397.610,128,2048,8,2048,noop,1,2048
realmachine,isl,1024,0,32,decode,1,1,0,1,1,0,19.180,396.200,0.580,1,395.620,415.490,128,2048,8,2048,noop,1,2048
realmachine,isl,1024,0,33,decode,1,1,0,1,1,0,20.120,384.660,0.570,1,384.090,404.910,128,2048,8,2048,noop,1,2048
realmachine,isl,1024,0,34,decode,1,1,0,1,1,0,18.910,377.380,0.510,1,376.870,396.400,128,2048,8,2048,noop,1,2048
realmachine,isl,1024,0,35,decode,1,1,0,1,1,0,18.880,378.340,0.490,1,377.850,397.390,128,2048,8,2048,noop,1,2048
realmachine,isl,1024,0,36,decode,1,1,0,1,1,0,18.850,377.040,0.530,1,376.510,396.010,128,2048,8,2048,noop,1,2048
realmachine,isl,1024,0,37,decode,1,1,0,1,1,0,19.180,377.470,0.530,1,376.940,396.750,128,2048,8,2048,noop,1,2048
realmachine,isl,1024,0,38,decode,1,1,0,1,1,0,19.180,376.540,0.560,1,375.980,395.830,128,2048,8,2048,noop,1,2048
realmachine,isl,1024,0,39,decode,1,1,0,1,1,0,19.150,378.060,0.510,1,377.550,397.330,128,2048,8,2048,noop,1,2048
realmachine,isl,1024,0,40,decode,1,1,0,1,1,0,18.900,375.420,0.490,1,374.930,394.420,128,2048,8,2048,noop,1,2048
realmachine,isl,1024,0,41,decode,1,1,0,1,1,0,19.190,377.230,0.500,1,376.730,396.520,128,2048,8,2048,noop,1,2048
realmachine,isl,1024,0,42,decode,1,1,0,1,1,0,20.400,399.010,0.580,1,398.430,419.540,128,2048,8,2048,noop,1,2048
realmachine,isl,1024,0,43,decode,1,1,0,1,1,0,19.300,380.430,0.580,1,379.850,399.830,128,2048,8,2048,noop,1,2048
realmachine,isl,1024,0,44,decode,1,1,0,1,1,0,19.120,379.690,0.540,1,379.150,398.920,128,2048,8,2048,noop,1,2048
realmachine,isl,1024,0,45,decode,1,1,0,1,1,0,19.330,378.690,0.460,1,378.230,398.140,128,2048,8,2048,noop,1,2048
realmachine,isl,1024,0,46,decode,1,1,0,1,1,0,19.060,377.090,0.520,1,376.570,396.250,128,2048,8,2048,noop,1,2048
realmachine,isl,1024,0,47,decode,1,1,0,1,1,0,18.780,375.710,0.460,1,375.250,394.600,128,2048,8,2048,noop,1,2048
realmachine,isl,1024,0,48,decode,1,1,0,1,1,0,19.160,375.820,0.430,1,375.390,395.070,128,2048,8,2048,noop,1,2048
realmachine,isl,1024,0,49,decode,1,1,0,1,1,0,19.280,376.560,0.460,1,376.100,395.960,128,2048,8,2048,noop,1,2048
realmachine,isl,1024,0,50,decode,1,1,0,1,1,0,18.970,374.640,0.480,1,374.160,393.700,128,2048,8,2048,noop,1,2048
realmachine,isl,1024,0,51,decode,1,1,0,1,1,0,18.530,395.130,0.500,1,394.630,413.760,128,2048,8,2048,noop,1,2048
realmachine,isl,1024,0,52,decode,1,1,0,1,1,0,19.830,379.850,0.480,1,379.370,399.790,128,2048,8,2048,noop,1,2048
realmachine,isl,1024,0,53,decode,1,1,0,1,1,0,19.050,368.980,0.460,1,368.520,388.180,128,2048,8,2048,noop,1,2048
realmachine,isl,1024,0,54,decode,1,1,0,1,1,0,18.310,368.820,0.540,1,368.280,387.280,128,2048,8,2048,noop,1,2048
realmachine,isl,1024,0,55,decode,1,1,0,1,1,0,18.050,365.460,0.440,1,365.020,383.600,128,2048,8,2048,noop,1,2048
realmachine,isl,1024,0,56,decode,1,1,0,1,1,0,18.090,365.850,0.490,1,365.360,384.020,128,2048,8,2048,noop,1,2048
realmachine,isl,1024,0,57,decode,1,1,0,1,1,0,17.920,365.970,0.500,1,365.470,384.010,128,2048,8,2048,noop,1,2048
realmachine,isl,1024,0,58,decode,1,1,0,1,1,0,17.600,364.520,0.490,1,364.030,382.240,128,2048,8,2048,noop,1,2048
realmachine,isl,1024,0,59,decode,1,1,0,1,1,0,17.490,367.370,0.510,1,366.860,384.970,128,2048,8,2048,noop,1,2048
realmachine,isl,1024,0,60,decode,1,1,0,1,1,0,17.960,378.000,0.490,1,377.510,396.090,128,2048,8,2048,noop,1,2048
realmachine,isl,1024,0,61,decode,1,1,0,1,1,0,18.010,368.270,0.450,1,367.820,386.380,128,2048,8,2048,noop,1,2048
realmachine,isl,1024,0,62,decode,1,1,0,1,1,0,17.850,367.540,0.570,1,366.970,385.500,128,2048,8,2048,noop,1,2048
realmachine,isl,1024,0,63,decode,1,1,0,1,1,0,17.470,366.850,0.400,1,366.450,384.440,128,2048,8,2048,noop,1,2048
realmachine,isl,1024,0,64,decode,1,1,0,1,1,0,17.940,365.660,0.550,1,365.110,383.680,128,2048,8,2048,noop,1,2048
realmachine,isl,1024,1,0,prefill,1,1024,1,0,1,0,113.210,458.750,0.700,1,458.050,572.100,128,2048,8,2048,noop,1,2048
realmachine,isl,1024,1,1,decode,1,1,0,1,1,0,42.270,401.290,0.560,1,400.730,443.690,128,2048,8,2048,noop,1,2048
realmachine,isl,1024,1,2,decode,1,1,0,1,1,0,21.510,388.060,0.540,1,387.520,409.670,128,2048,8,2048,noop,1,2048
realmachine,isl,1024,1,3,decode,1,1,0,1,1,0,20.310,402.670,0.530,1,402.140,423.090,128,2048,8,2048,noop,1,2048
realmachine,isl,1024,1,4,decode,1,1,0,1,1,0,20.080,380.250,0.530,1,379.720,400.430,128,2048,8,2048,noop,1,2048
realmachine,isl,1024,1,5,decode,1,1,0,1,1,0,19.590,379.240,0.450,1,378.790,398.930,128,2048,8,2048,noop,1,2048
realmachine,isl,1024,1,6,decode,1,1,0,1,1,0,19.610,379.830,0.520,1,379.310,399.540,128,2048,8,2048,noop,1,2048
realmachine,isl,1024,1,7,decode,1,1,0,1,1,0,20.060,379.640,0.380,1,379.260,399.790,128,2048,8,2048,noop,1,2048
realmachine,isl,1024,1,8,decode,1,1,0,1,1,0,19.450,380.110,0.520,1,379.590,399.650,128,2048,8,2048,noop,1,2048
realmachine,isl,1024,1,9,decode,1,1,0,1,1,0,19.520,379.910,0.510,1,379.400,399.520,128,2048,8,2048,noop,1,2048
realmachine,isl,1024,1,10,decode,1,1,0,1,1,0,19.290,379.030,0.480,1,378.550,398.400,128,2048,8,2048,noop,1,2048
realmachine,isl,1024,1,11,decode,1,1,0,1,1,0,19.330,377.860,0.540,1,377.320,397.290,128,2048,8,2048,noop,1,2048
realmachine,isl,1024,1,12,decode,1,1,0,1,1,0,18.770,390.670,0.560,1,390.110,409.550,128,2048,8,2048,noop,1,2048
realmachine,isl,1024,1,13,decode,1,1,0,1,1,0,19.660,380.840,0.530,1,380.310,400.590,128,2048,8,2048,noop,1,2048
realmachine,isl,1024,1,14,decode,1,1,0,1,1,0,19.900,378.110,0.550,1,377.560,398.110,128,2048,8,2048,noop,1,2048
realmachine,isl,1024,1,15,decode,1,1,0,1,1,0,20.000,378.050,0.480,1,377.570,398.140,128,2048,8,2048,noop,1,2048
realmachine,isl,1024,1,16,decode,1,1,0,1,1,0,19.340,375.630,0.510,1,375.120,395.080,128,2048,8,2048,noop,1,2048
realmachine,isl,1024,1,17,decode,1,1,0,1,1,0,19.260,378.260,0.490,1,377.770,397.650,128,2048,8,2048,noop,1,2048
realmachine,isl,1024,1,18,decode,1,1,0,1,1,0,18.760,376.330,0.540,1,375.790,395.180,128,2048,8,2048,noop,1,2048
realmachine,isl,1024,1,19,decode,1,1,0,1,1,0,18.880,376.740,0.600,1,376.140,395.710,128,2048,8,2048,noop,1,2048
realmachine,isl,1024,1,20,decode,1,1,0,1,1,0,18.750,376.970,0.550,1,376.420,395.850,128,2048,8,2048,noop,1,2048
realmachine,isl,1024,1,21,decode,1,1,0,1,1,0,18.620,388.560,0.470,1,388.090,407.310,128,2048,8,2048,noop,1,2048
realmachine,isl,1024,1,22,decode,1,1,0,1,1,0,19.480,379.850,0.550,1,379.300,399.430,128,2048,8,2048,noop,1,2048
realmachine,isl,1024,1,23,decode,1,1,0,1,1,0,18.610,377.350,0.520,1,376.830,396.090,128,2048,8,2048,noop,1,2048
realmachine,isl,1024,1,24,decode,1,1,0,1,1,0,19.240,378.290,0.540,1,377.750,397.690,128,2048,8,2048,noop,1,2048
realmachine,isl,1024,1,25,decode,1,1,0,1,1,0,18.430,377.970,0.510,1,377.460,396.570,128,2048,8,2048,noop,1,2048
realmachine,isl,1024,1,26,decode,1,1,0,1,1,0,18.740,375.750,0.450,1,375.300,394.570,128,2048,8,2048,noop,1,2048
realmachine,isl,1024,1,27,decode,1,1,0,1,1,0,18.670,375.710,0.520,1,375.190,394.470,128,2048,8,2048,noop,1,2048
realmachine,isl,1024,1,28,decode,1,1,0,1,1,0,18.540,377.180,0.520,1,376.660,395.820,128,2048,8,2048,noop,1,2048
realmachine,isl,1024,1,29,decode,1,1,0,1,1,0,19.030,373.630,0.480,1,373.150,392.780,128,2048,8,2048,noop,1,2048
realmachine,isl,1024,1,30,decode,1,1,0,1,1,0,18.310,373.540,0.470,1,373.070,391.950,128,2048,8,2048,noop,1,2048
realmachine,isl,1024,1,31,decode,1,1,0,1,1,0,18.940,384.110,0.520,1,383.590,403.140,128,2048,8,2048,noop,1,2048
realmachine,isl,1024,1,32,decode,1,1,0,1,1,0,18.180,375.640,0.550,1,375.090,393.940,128,2048,8,2048,noop,1,2048
realmachine,isl,1024,1,33,decode,1,1,0,1,1,0,18.520,375.670,0.450,1,375.220,394.320,128,2048,8,2048,noop,1,2048
realmachine,isl,1024,1,34,decode,1,1,0,1,1,0,19.530,384.400,0.460,1,383.940,404.060,128,2048,8,2048,noop,1,2048
realmachine,isl,1024,1,35,decode,1,1,0,1,1,0,19.270,378.870,0.540,1,378.330,398.240,128,2048,8,2048,noop,1,2048
realmachine,isl,1024,1,36,decode,1,1,0,1,1,0,18.620,376.320,0.500,1,375.820,395.040,128,2048,8,2048,noop,1,2048
realmachine,isl,1024,1,37,decode,1,1,0,1,1,0,18.600,374.170,0.570,1,373.600,392.890,128,2048,8,2048,noop,1,2048
realmachine,isl,1024,1,38,decode,1,1,0,1,1,0,18.760,373.860,0.460,1,373.400,392.740,128,2048,8,2048,noop,1,2048
realmachine,isl,1024,1,39,decode,1,1,0,1,1,0,18.510,377.740,0.460,1,377.280,396.360,128,2048,8,2048,noop,1,2048
realmachine,isl,1024,1,40,decode,1,1,0,1,1,0,18.260,392.510,0.530,1,391.980,410.930,128,2048,8,2048,noop,1,2048
realmachine,isl,1024,1,41,decode,1,1,0,1,1,0,18.850,379.180,0.550,1,378.630,398.140,128,2048,8,2048,noop,1,2048
realmachine,isl,1024,1,42,decode,1,1,0,1,1,0,18.870,376.720,0.520,1,376.200,395.800,128,2048,8,2048,noop,1,2048
realmachine,isl,1024,1,43,decode,1,1,0,1,1,0,19.340,375.090,0.540,1,374.550,394.520,128,2048,8,2048,noop,1,2048
realmachine,isl,1024,1,44,decode,1,1,0,1,1,0,19.150,380.210,0.500,1,379.710,399.480,128,2048,8,2048,noop,1,2048
realmachine,isl,1024,1,45,decode,1,1,0,1,1,0,19.140,375.460,0.470,1,374.990,394.710,128,2048,8,2048,noop,1,2048
realmachine,isl,1024,1,46,decode,1,1,0,1,1,0,18.550,374.350,0.460,1,373.890,393.000,128,2048,8,2048,noop,1,2048
realmachine,isl,1024,1,47,decode,1,1,0,1,1,0,19.750,384.880,0.480,1,384.400,404.750,128,2048,8,2048,noop,1,2048
realmachine,isl,1024,1,48,decode,1,1,0,1,1,0,19.120,378.180,0.520,1,377.660,397.420,128,2048,8,2048,noop,1,2048
realmachine,isl,1024,1,49,decode,1,1,0,1,1,0,18.950,393.170,0.510,1,392.660,412.230,128,2048,8,2048,noop,1,2048
realmachine,isl,1024,1,50,decode,1,1,0,1,1,0,19.080,381.360,0.410,1,380.950,400.530,128,2048,8,2048,noop,1,2048
realmachine,isl,1024,1,51,decode,1,1,0,1,1,0,18.650,379.890,0.540,1,379.350,398.660,128,2048,8,2048,noop,1,2048
realmachine,isl,1024,1,52,decode,1,1,0,1,1,0,19.540,376.680,0.530,1,376.150,396.340,128,2048,8,2048,noop,1,2048
realmachine,isl,1024,1,53,decode,1,1,0,1,1,0,18.940,367.330,0.550,1,366.780,386.360,128,2048,8,2048,noop,1,2048
realmachine,isl,1024,1,54,decode,1,1,0,1,1,0,18.520,371.270,0.530,1,370.740,389.890,128,2048,8,2048,noop,1,2048
realmachine,isl,1024,1,55,decode,1,1,0,1,1,0,18.430,368.340,0.550,1,367.790,386.880,128,2048,8,2048,noop,1,2048
realmachine,isl,1024,1,56,decode,1,1,0,1,1,0,17.810,367.680,0.560,1,367.120,385.620,128,2048,8,2048,noop,1,2048
realmachine,isl,1024,1,57,decode,1,1,0,1,1,0,18.150,366.400,0.530,1,365.870,384.670,128,2048,8,2048,noop,1,2048
realmachine,isl,1024,1,58,decode,1,1,0,1,1,0,17.840,364.790,0.470,1,364.320,382.740,128,2048,8,2048,noop,1,2048
realmachine,isl,1024,1,59,decode,1,1,0,1,1,0,18.320,372.890,0.490,1,372.400,391.320,128,2048,8,2048,noop,1,2048
realmachine,isl,1024,1,60,decode,1,1,0,1,1,0,18.080,367.480,0.490,1,366.990,385.640,128,2048,8,2048,noop,1,2048
realmachine,isl,1024,1,61,decode,1,1,0,1,1,0,18.290,369.430,0.540,1,368.890,387.810,128,2048,8,2048,noop,1,2048
realmachine,isl,1024,1,62,decode,1,1,0,1,1,0,18.590,367.570,0.530,1,367.040,386.260,128,2048,8,2048,noop,1,2048
realmachine,isl,1024,1,63,decode,1,1,0,1,1,0,18.030,366.900,0.520,1,366.380,385.030,128,2048,8,2048,noop,1,2048
realmachine,isl,1024,1,64,decode,1,1,0,1,1,0,18.300,369.720,0.520,1,369.200,388.140,128,2048,8,2048,noop,1,2048
realmachine,isl,1024,2,0,prefill,1,1024,1,0,1,0,114.370,462.060,0.610,1,461.450,576.580,128,2048,8,2048,noop,1,2048
realmachine,isl,1024,2,1,decode,1,1,0,1,1,0,42.560,425.240,0.720,1,424.520,468.000,128,2048,8,2048,noop,1,2048
realmachine,isl,1024,2,2,decode,1,1,0,1,1,0,21.590,390.450,0.560,1,389.890,412.150,128,2048,8,2048,noop,1,2048
realmachine,isl,1024,2,3,decode,1,1,0,1,1,0,20.650,385.590,0.490,1,385.100,406.350,128,2048,8,2048,noop,1,2048
realmachine,isl,1024,2,4,decode,1,1,0,1,1,0,20.270,383.160,0.520,1,382.640,403.540,128,2048,8,2048,noop,1,2048
realmachine,isl,1024,2,5,decode,1,1,0,1,1,0,19.740,383.450,0.490,1,382.960,403.280,128,2048,8,2048,noop,1,2048
realmachine,isl,1024,2,6,decode,1,1,0,1,1,0,19.660,379.700,0.570,1,379.130,399.450,128,2048,8,2048,noop,1,2048
realmachine,isl,1024,2,7,decode,1,1,0,1,1,0,19.300,381.770,0.560,1,381.210,401.170,128,2048,8,2048,noop,1,2048
realmachine,isl,1024,2,8,decode,1,1,0,1,1,0,19.030,380.420,0.530,1,379.890,399.550,128,2048,8,2048,noop,1,2048
realmachine,isl,1024,2,9,decode,1,1,0,1,1,0,19.210,379.160,0.490,1,378.670,398.480,128,2048,8,2048,noop,1,2048
realmachine,isl,1024,2,10,decode,1,1,0,1,1,0,19.340,392.480,0.640,1,391.840,411.920,128,2048,8,2048,noop,1,2048
realmachine,isl,1024,2,11,decode,1,1,0,1,1,0,19.480,381.770,0.590,1,381.180,401.360,128,2048,8,2048,noop,1,2048
realmachine,isl,1024,2,12,decode,1,1,0,1,1,0,19.830,379.860,0.530,1,379.330,399.800,128,2048,8,2048,noop,1,2048
realmachine,isl,1024,2,13,decode,1,1,0,1,1,0,19.070,380.480,0.510,1,379.970,399.660,128,2048,8,2048,noop,1,2048
realmachine,isl,1024,2,14,decode,1,1,0,1,1,0,19.030,377.870,0.540,1,377.330,396.970,128,2048,8,2048,noop,1,2048
realmachine,isl,1024,2,15,decode,1,1,0,1,1,0,19.710,379.060,0.560,1,378.500,398.850,128,2048,8,2048,noop,1,2048
realmachine,isl,1024,2,16,decode,1,1,0,1,1,0,19.460,378.020,0.540,1,377.480,397.580,128,2048,8,2048,noop,1,2048
realmachine,isl,1024,2,17,decode,1,1,0,1,1,0,19.430,379.230,0.550,1,378.680,398.760,128,2048,8,2048,noop,1,2048
realmachine,isl,1024,2,18,decode,1,1,0,1,1,0,19.450,377.090,0.490,1,376.600,396.660,128,2048,8,2048,noop,1,2048
realmachine,isl,1024,2,19,decode,1,1,0,1,1,0,19.910,389.910,0.560,1,389.350,409.910,128,2048,8,2048,noop,1,2048
realmachine,isl,1024,2,20,decode,1,1,0,1,1,0,19.690,382.320,0.480,1,381.840,402.160,128,2048,8,2048,noop,1,2048
realmachine,isl,1024,2,21,decode,1,1,0,1,1,0,19.310,378.160,0.520,1,377.640,397.590,128,2048,8,2048,noop,1,2048
realmachine,isl,1024,2,22,decode,1,1,0,1,1,0,19.410,377.810,0.580,1,377.230,397.350,128,2048,8,2048,noop,1,2048
realmachine,isl,1024,2,23,decode,1,1,0,1,1,0,19.430,377.260,0.510,1,376.750,396.790,128,2048,8,2048,noop,1,2048
realmachine,isl,1024,2,24,decode,1,1,0,1,1,0,18.650,380.170,0.540,1,379.630,398.990,128,2048,8,2048,noop,1,2048
realmachine,isl,1024,2,25,decode,1,1,0,1,1,0,19.050,376.680,0.470,1,376.210,395.870,128,2048,8,2048,noop,1,2048
realmachine,isl,1024,2,26,decode,1,1,0,1,1,0,19.190,377.270,0.500,1,376.770,396.580,128,2048,8,2048,noop,1,2048
realmachine,isl,1024,2,27,decode,1,1,0,1,1,0,18.730,377.090,0.550,1,376.540,395.950,128,2048,8,2048,noop,1,2048
realmachine,isl,1024,2,28,decode,1,1,0,1,1,0,19.140,375.070,0.540,1,374.530,394.310,128,2048,8,2048,noop,1,2048
realmachine,isl,1024,2,29,decode,1,1,0,1,1,0,19.250,392.310,0.550,1,391.760,411.680,128,2048,8,2048,noop,1,2048
realmachine,isl,1024,2,30,decode,1,1,0,1,1,0,19.650,378.500,0.540,1,377.960,398.270,128,2048,8,2048,noop,1,2048
realmachine,isl,1024,2,31,decode,1,1,0,1,1,0,19.820,377.340,0.570,1,376.770,397.280,128,2048,8,2048,noop,1,2048
realmachine,isl,1024,2,32,decode,1,1,0,1,1,0,18.920,375.490,0.570,1,374.920,394.540,128,2048,8,2048,noop,1,2048
realmachine,isl,1024,2,33,decode,1,1,0,1,1,0,19.150,378.790,0.520,1,378.270,398.070,128,2048,8,2048,noop,1,2048
realmachine,isl,1024,2,34,decode,1,1,0,1,1,0,18.920,593.780,0.870,1,592.910,612.830,128,2048,8,2048,noop,1,2048
realmachine,isl,1024,2,35,decode,1,1,0,1,1,0,23.210,415.110,0.670,1,414.440,438.440,128,2048,8,2048,noop,1,2048
realmachine,isl,1024,2,36,decode,1,1,0,1,1,0,20.660,389.280,0.620,1,388.660,410.040,128,2048,8,2048,noop,1,2048
realmachine,isl,1024,2,37,decode,1,1,0,1,1,0,19.760,395.130,0.480,1,394.650,414.980,128,2048,8,2048,noop,1,2048
realmachine,isl,1024,2,38,decode,1,1,0,1,1,0,20.380,383.650,0.510,1,383.140,404.110,128,2048,8,2048,noop,1,2048
realmachine,isl,1024,2,39,decode,1,1,0,1,1,0,19.330,381.650,0.550,1,381.100,401.120,128,2048,8,2048,noop,1,2048
realmachine,isl,1024,2,40,decode,1,1,0,1,1,0,19.580,382.010,0.560,1,381.450,401.710,128,2048,8,2048,noop,1,2048
realmachine,isl,1024,2,41,decode,1,1,0,1,1,0,19.670,380.930,0.600,1,380.330,400.690,128,2048,8,2048,noop,1,2048
realmachine,isl,1024,2,42,decode,1,1,0,1,1,0,18.780,379.670,0.550,1,379.120,398.550,128,2048,8,2048,noop,1,2048
realmachine,isl,1024,2,43,decode,1,1,0,1,1,0,19.120,381.330,0.550,1,380.780,400.540,128,2048,8,2048,noop,1,2048
realmachine,isl,1024,2,44,decode,1,1,0,1,1,0,19.430,380.590,0.500,1,380.090,400.140,128,2048,8,2048,noop,1,2048
realmachine,isl,1024,2,45,decode,1,1,0,1,1,0,19.180,378.460,0.480,1,377.980,397.770,128,2048,8,2048,noop,1,2048
realmachine,isl,1024,2,46,decode,1,1,0,1,1,0,19.130,379.910,0.600,1,379.310,399.120,128,2048,8,2048,noop,1,2048
realmachine,isl,1024,2,47,decode,1,1,0,1,1,0,19.510,388.190,0.620,1,387.570,407.780,128,2048,8,2048,noop,1,2048
realmachine,isl,1024,2,48,decode,1,1,0,1,1,0,19.090,381.690,0.590,1,381.100,400.880,128,2048,8,2048,noop,1,2048
realmachine,isl,1024,2,49,decode,1,1,0,1,1,0,18.790,380.730,0.540,1,380.190,399.650,128,2048,8,2048,noop,1,2048
realmachine,isl,1024,2,50,decode,1,1,0,1,1,0,19.480,382.020,0.480,1,381.540,401.670,128,2048,8,2048,noop,1,2048
realmachine,isl,1024,2,51,decode,1,1,0,1,1,0,19.450,377.790,0.510,1,377.280,397.340,128,2048,8,2048,noop,1,2048
realmachine,isl,1024,2,52,decode,1,1,0,1,1,0,19.300,380.160,0.530,1,379.630,399.550,128,2048,8,2048,noop,1,2048
realmachine,isl,1024,2,53,decode,1,1,0,1,1,0,18.910,370.520,0.470,1,370.050,389.540,128,2048,8,2048,noop,1,2048
realmachine,isl,1024,2,54,decode,1,1,0,1,1,0,18.290,367.940,0.460,1,367.480,386.330,128,2048,8,2048,noop,1,2048
realmachine,isl,1024,2,55,decode,1,1,0,1,1,0,18.130,368.620,0.550,1,368.070,386.840,128,2048,8,2048,noop,1,2048
realmachine,isl,1024,2,56,decode,1,1,0,1,1,0,17.940,383.200,0.490,1,382.710,401.240,128,2048,8,2048,noop,1,2048
realmachine,isl,1024,2,57,decode,1,1,0,1,1,0,18.900,371.210,0.520,1,370.690,390.200,128,2048,8,2048,noop,1,2048
realmachine,isl,1024,2,58,decode,1,1,0,1,1,0,18.260,368.710,0.510,1,368.200,387.070,128,2048,8,2048,noop,1,2048
realmachine,isl,1024,2,59,decode,1,1,0,1,1,0,17.560,367.290,0.460,1,366.830,384.940,128,2048,8,2048,noop,1,2048
realmachine,isl,1024,2,60,decode,1,1,0,1,1,0,17.830,366.320,0.450,1,365.870,384.250,128,2048,8,2048,noop,1,2048
realmachine,isl,1024,2,61,decode,1,1,0,1,1,0,17.740,365.770,0.420,1,365.350,383.610,128,2048,8,2048,noop,1,2048
realmachine,isl,1024,2,62,decode,1,1,0,1,1,0,17.910,368.340,0.490,1,367.850,386.360,128,2048,8,2048,noop,1,2048
realmachine,isl,1024,2,63,decode,1,1,0,1,1,0,18.420,367.620,0.450,1,367.170,386.150,128,2048,8,2048,noop,1,2048
realmachine,isl,1024,2,64,decode,1,1,0,1,1,0,18.130,368.220,0.520,1,367.700,386.450,128,2048,8,2048,noop,1,2048
