async_scheduling,batch,block_size_cfg,dim,has_spec_decode,isl,logits_len_p50,max_model_len,max_num_batched_tokens_cfg,max_num_blocks_per_req,max_num_reqs_cfg,n_decode_steps,n_prefill_steps,osl,pi_net_mean_us,pi_net_p50_decode_us,pi_net_p50_prefill_us,pi_net_p50_us,pi_net_p90_us,pi_raw_mean_us,pi_raw_p50_us,pi_raw_p90_us,prefix_caching,preset,repeat,reqs_per_step_p50,scope_net_p50_us,scope_raw_p50_us,slot_mapping_mode,steps_req,steps_run,token_ids_cpu_MB,tokens_per_step_decode_p50,tokens_per_step_p50,triton_launches_set,triton_mean_us,triton_p50_us,us_mean_us,us_p50_us,value,wall_s,wall_s_per_step_us
True,1,128,isl,False,64,1.0,2048,2048,16,8,62,0,64,383.5317733201889,373.8649538718164,nan,373.8649538718164,391.9079957995564,384.08435178890585,374.4149871636182,392.58297765627503,False,realmachine,0,1.0,391.1700041498989,391.72000833787024,noop,200,62,0.065536,1.0,1.0,1,0.5525784687169136,0.5500041879713535,17.543878188476928,17.315003788098693,64,36.5,401.7371027129552
True,1,128,isl,False,64,1.0,2048,2048,16,8,62,0,64,380.8690310125389,378.28501081094146,nan,378.28501081094146,388.69601557962596,381.36273900407457,378.775002900511,389.2360080499202,False,realmachine,1,1.0,396.8499950133264,397.3350103478879,noop,200,62,0.065536,1.0,1.0,1,0.49370799153562517,0.48501533456146717,18.216448933667234,18.15002178773284,64,0.0,399.6909644845272
True,1,128,isl,False,64,1.0,2048,2048,16,8,62,0,64,378.88806189350305,375.4450299311429,nan,375.4450299311429,386.57000404782593,379.37354570585154,375.8899983949959,387.04001926817,False,realmachine,2,1.0,393.65500560961664,394.13501508533955,noop,200,62,0.065536,1.0,1.0,1,0.4854838123484965,0.480009475722909,18.377104894288124,18.215010641142726,64,0.0,397.8595186415459
True,1,128,isl,False,128,1.0,2048,2048,16,8,62,0,64,377.46258162622973,374.5650465134531,nan,374.5650465134531,387.2479544952512,377.95177195221186,375.000003259629,387.77398876845837,False,realmachine,0,1.0,392.7599755115807,393.24001409113407,noop,200,62,0.065536,1.0,1.0,1,0.4891903259821476,0.4800385795533657,18.471615358946785,18.125021597370505,128,0.0,396.53435270602426
True,1,128,isl,False,128,1.0,2048,2048,16,8,62,0,64,377.55322409793735,375.48498949036,nan,375.48498949036,389.0630148816854,378.0727424929219,375.9700048249215,389.60500969551504,False,realmachine,1,1.0,394.19005042873323,394.71001946367323,noop,200,62,0.065536,1.0,1.0,1,0.5195183949845452,0.5199690349400043,18.56741765814443,18.42499477788806,128,0.0,396.76499962356064
True,1,128,isl,False,128,1.0,2048,2048,16,8,62,0,64,379.14080706785523,376.68002187274396,nan,376.68002187274396,392.410991480574,379.6640329153067,377.19501415267587,393.007998354733,False,realmachine,2,1.0,395.7799926865846,396.2900082115084,noop,200,62,0.065536,1.0,1.0,1,0.5232258474514369,0.5100155249238014,21.488389803937846,18.485006876289845,128,0.0,401.26854700276687
True,1,128,isl,False,256,1.0,2048,2048,16,8,62,0,64,378.0040386763792,375.90996362268925,nan,375.90996362268925,390.5249875970185,378.51177283652845,376.4049615710974,391.12800150178373,False,realmachine,0,1.0,394.84500302933156,395.34500683657825,noop,200,62,0.065536,1.0,1.0,1,0.5077341601492897,0.500003807246685,18.766291642321214,18.664984963834286,256,0.0,397.3995166410121
True,1,128,isl,False,256,1.0,2048,2048,16,8,62,0,64,377.595160839959,376.42999086529016,nan,376.42999086529016,386.413955129683,378.11242040216683,376.94000639021397,386.912957765162,False,realmachine,1,1.0,395.45499021187425,395.96500573679805,noop,200,62,0.065536,1.0,1.0,1,0.5172595622078064,0.5100155249238014,18.849031015809985,18.924998585134745,256,0.0,397.0817722860844
True,1,128,isl,False,256,1.0,2048,2048,16,8,62,0,64,405.0424200437603,398.9150281995535,nan,398.9150281995535,417.8870061878115,405.56596321684697,399.4750150013715,418.34896546788514,False,realmachine,2,1.0,418.54000301100314,419.05001853592694,noop,200,62,0.065536,1.0,1.0,1,0.5235431730867394,0.5100155249238014,19.37113589637222,19.184983102604747,256,0.0,425.0504885755119
True,1,128,isl,False,512,1.0,2048,2048,16,8,62,0,64,405.2280564792454,404.15505645796657,nan,404.15505645796657,418.44903607852757,405.7512832655301,404.6400426886976,418.9570026937872,False,realmachine,0,1.0,423.46998816356063,423.98000368848443,noop,200,62,0.065536,1.0,1.0,1,0.5232267862846774,0.5100155249238014,19.808713864955692,19.42997914738953,512,0.0,425.6801593357757
True,1,128,isl,False,512,1.0,2048,2048,16,8,62,0,64,394.8982236080713,393.2499676011503,nan,393.2499676011503,411.52098565362394,395.4259643045765,393.7199944630265,412.1339647099376,False,realmachine,1,1.0,412.3749677091837,412.8949949517846,noop,200,62,0.065536,1.0,1.0,1,0.5277406965051928,0.5200272426009178,19.143711993350617,18.984981579706073,512,0.0,414.6914495410578
True,1,128,isl,False,512,1.0,2048,2048,16,8,62,0,64,382.5367771975336,377.6450175791979,nan,377.6450175791979,390.9519931767136,383.0467777011255,378.19999852217734,391.5440000128001,False,realmachine,2,1.0,396.39996248297393,396.8999662902206,noop,200,62,0.065536,1.0,1.0,1,0.5100005035919528,0.500003807246685,18.996932926858143,18.809980247169733,512,0.0,402.16000014615634
True,1,128,isl,False,1024,1.0,2048,2048,16,8,62,0,64,378.30516098878314,377.59498809464276,nan,377.59498809464276,387.56695576012135,378.86128636948285,378.13500966876745,388.13799037598073,False,realmachine,0,1.0,396.4299976360053,396.99001354165375,noop,200,62,0.065536,1.0,1.0,1,0.556125380699673,0.5600159056484699,18.680486978302078,18.72499706223607,1024,0.0,397.6604878722179
True,1,128,isl,False,1024,1.0,2048,2048,16,8,62,0,64,383.65580539609635,379.18498856015503,nan,379.18498856015503,401.51102002710104,384.2101601373044,379.77498141117394,402.1420027129352,False,realmachine,1,1.0,398.33999471738935,398.8949756603688,noop,200,62,0.065536,1.0,1.0,1,0.554354741208015,0.554980942979455,19.425484013833827,19.015016732737422,1024,0.0,403.75741457776917
True,1,128,isl,False,1024,1.0,2048,2048,16,8,62,0,64,382.8617665285785,377.7800011448562,nan,377.7800011448562,395.957991713658,383.4306365705185,378.30500514246523,396.5489857364446,False,realmachine,2,1.0,396.37996815145016,396.94999577477574,noop,200,62,0.065536,1.0,1.0,1,0.5688700419400008,0.5700276233255863,19.037581589673795,18.695020116865635,1024,0.0,402.58596286988785
